<items>
	<item id="8" open_flag="1" time_type="1" week_0="1" week_1="1" week_2="1" week_3="1" week_4="1" week_5="1" week_6="1" start_day="2013/4/20" end_day="2023/4/19" start_time="10:00:00" end_time="10:10:00" desc="大量经验、金币奖励；排名宝箱奖励；"/>
	<item id="8" open_flag="1" time_type="1" week_0="1" week_1="1" week_2="1" week_3="1" week_4="1" week_5="1" week_6="1" start_day="2013/4/20" end_day="2023/4/19" start_time="10:20:00" end_time="10:30:00" desc="大量经验、金币奖励；排名宝箱奖励；"/>
	<item id="8" open_flag="1" time_type="1" week_0="1" week_1="1" week_2="1" week_3="1" week_4="1" week_5="1" week_6="1" start_day="2013/4/20" end_day="2023/4/19" start_time="10:40:00" end_time="10:50:00" desc="大量经验、金币奖励；排名宝箱奖励；"/>
	<item id="8" open_flag="1" time_type="1" week_0="1" week_1="1" week_2="1" week_3="1" week_4="1" week_5="1" week_6="1" start_day="2013/4/20" end_day="2023/4/19" start_time="11:00:00" end_time="11:10:00" desc="大量经验、金币奖励；排名宝箱奖励；"/>
	<item id="8" open_flag="1" time_type="1" week_0="1" week_1="1" week_2="1" week_3="1" week_4="1" week_5="1" week_6="1" start_day="2013/4/20" end_day="2023/4/19" start_time="11:20:00" end_time="11:30:00" desc="大量经验、金币奖励；排名宝箱奖励；"/>
	<item id="8" open_flag="1" time_type="1" week_0="1" week_1="1" week_2="1" week_3="1" week_4="1" week_5="1" week_6="1" start_day="2013/4/20" end_day="2023/4/19" start_time="11:40:00" end_time="11:50:00" desc="大量经验、金币奖励；排名宝箱奖励；"/>
	<item id="8" open_flag="1" time_type="1" week_0="1" week_1="1" week_2="1" week_3="1" week_4="1" week_5="1" week_6="1" start_day="2013/4/20" end_day="2023/4/19" start_time="12:00:00" end_time="12:10:00" desc="大量经验、金币奖励；排名宝箱奖励；"/>
	<item id="8" open_flag="1" time_type="1" week_0="1" week_1="1" week_2="1" week_3="1" week_4="1" week_5="1" week_6="1" start_day="2013/4/20" end_day="2023/4/19" start_time="12:20:00" end_time="12:30:00" desc="大量经验、金币奖励；排名宝箱奖励；"/>
	<item id="8" open_flag="1" time_type="1" week_0="1" week_1="1" week_2="1" week_3="1" week_4="1" week_5="1" week_6="1" start_day="2013/4/20" end_day="2023/4/19" start_time="12:40:00" end_time="12:50:00" desc="大量经验、金币奖励；排名宝箱奖励；"/>
	<item id="8" open_flag="1" time_type="1" week_0="1" week_1="1" week_2="1" week_3="1" week_4="1" week_5="1" week_6="1" start_day="2013/4/20" end_day="2023/4/19" start_time="13:00:00" end_time="13:10:00" desc="大量经验、金币奖励；排名宝箱奖励；"/>
	<item id="8" open_flag="1" time_type="1" week_0="1" week_1="1" week_2="1" week_3="1" week_4="1" week_5="1" week_6="1" start_day="2013/4/20" end_day="2023/4/19" start_time="13:20:00" end_time="13:30:00" desc="大量经验、金币奖励；排名宝箱奖励；"/>
	<item id="8" open_flag="1" time_type="1" week_0="1" week_1="1" week_2="1" week_3="1" week_4="1" week_5="1" week_6="1" start_day="2013/4/20" end_day="2023/4/19" start_time="13:40:00" end_time="13:50:00" desc="大量经验、金币奖励；排名宝箱奖励；"/>
	<item id="8" open_flag="1" time_type="1" week_0="1" week_1="1" week_2="1" week_3="1" week_4="1" week_5="1" week_6="1" start_day="2013/4/20" end_day="2023/4/19" start_time="14:00:00" end_time="14:10:00" desc="大量经验、金币奖励；排名宝箱奖励；"/>
	<item id="8" open_flag="1" time_type="1" week_0="1" week_1="1" week_2="1" week_3="1" week_4="1" week_5="1" week_6="1" start_day="2013/4/20" end_day="2023/4/19" start_time="14:20:00" end_time="14:30:00" desc="大量经验、金币奖励；排名宝箱奖励；"/>
	<item id="8" open_flag="1" time_type="1" week_0="1" week_1="1" week_2="1" week_3="1" week_4="1" week_5="1" week_6="1" start_day="2013/4/20" end_day="2023/4/19" start_time="14:40:00" end_time="14:50:00" desc="大量经验、金币奖励；排名宝箱奖励；"/>
	<item id="8" open_flag="1" time_type="1" week_0="1" week_1="1" week_2="1" week_3="1" week_4="1" week_5="1" week_6="1" start_day="2013/4/20" end_day="2023/4/19" start_time="15:00:00" end_time="15:10:00" desc="大量经验、金币奖励；排名宝箱奖励；"/>
	<item id="8" open_flag="1" time_type="1" week_0="1" week_1="1" week_2="1" week_3="1" week_4="1" week_5="1" week_6="1" start_day="2013/4/20" end_day="2023/4/19" start_time="15:20:00" end_time="15:30:00" desc="大量经验、金币奖励；排名宝箱奖励；"/>
	<item id="8" open_flag="1" time_type="1" week_0="1" week_1="1" week_2="1" week_3="1" week_4="1" week_5="1" week_6="1" start_day="2013/4/20" end_day="2023/4/19" start_time="15:40:00" end_time="15:50:00" desc="大量经验、金币奖励；排名宝箱奖励；"/>
	<item id="8" open_flag="1" time_type="1" week_0="1" week_1="1" week_2="1" week_3="1" week_4="1" week_5="1" week_6="1" start_day="2013/4/20" end_day="2023/4/19" start_time="16:00:00" end_time="16:10:00" desc="大量经验、金币奖励；排名宝箱奖励；"/>
	<item id="8" open_flag="1" time_type="1" week_0="1" week_1="1" week_2="1" week_3="1" week_4="1" week_5="1" week_6="1" start_day="2013/4/20" end_day="2023/4/19" start_time="16:20:00" end_time="16:30:00" desc="大量经验、金币奖励；排名宝箱奖励；"/>
	<item id="8" open_flag="1" time_type="1" week_0="1" week_1="1" week_2="1" week_3="1" week_4="1" week_5="1" week_6="1" start_day="2013/4/20" end_day="2023/4/19" start_time="16:40:00" end_time="16:50:00" desc="大量经验、金币奖励；排名宝箱奖励；"/>
	<item id="8" open_flag="1" time_type="1" week_0="1" week_1="1" week_2="1" week_3="1" week_4="1" week_5="1" week_6="1" start_day="2013/4/20" end_day="2023/4/19" start_time="17:00:00" end_time="17:10:00" desc="大量经验、金币奖励；排名宝箱奖励；"/>
	<item id="8" open_flag="1" time_type="1" week_0="1" week_1="1" week_2="1" week_3="1" week_4="1" week_5="1" week_6="1" start_day="2013/4/20" end_day="2023/4/19" start_time="17:20:00" end_time="17:30:00" desc="大量经验、金币奖励；排名宝箱奖励；"/>
	<item id="8" open_flag="1" time_type="1" week_0="1" week_1="1" week_2="1" week_3="1" week_4="1" week_5="1" week_6="1" start_day="2013/4/20" end_day="2023/4/19" start_time="17:40:00" end_time="17:50:00" desc="大量经验、金币奖励；排名宝箱奖励；"/>
	<item id="8" open_flag="1" time_type="1" week_0="1" week_1="1" week_2="1" week_3="1" week_4="1" week_5="1" week_6="1" start_day="2013/4/20" end_day="2023/4/19" start_time="18:00:00" end_time="18:10:00" desc="大量经验、金币奖励；排名宝箱奖励；"/>
	<item id="8" open_flag="1" time_type="1" week_0="1" week_1="1" week_2="1" week_3="1" week_4="1" week_5="1" week_6="1" start_day="2013/4/20" end_day="2023/4/19" start_time="18:20:00" end_time="18:30:00" desc="大量经验、金币奖励；排名宝箱奖励；"/>
	<item id="8" open_flag="1" time_type="1" week_0="1" week_1="1" week_2="1" week_3="1" week_4="1" week_5="1" week_6="1" start_day="2013/4/20" end_day="2023/4/19" start_time="18:40:00" end_time="18:50:00" desc="大量经验、金币奖励；排名宝箱奖励；"/>
	<item id="8" open_flag="1" time_type="1" week_0="1" week_1="1" week_2="1" week_3="1" week_4="1" week_5="1" week_6="1" start_day="2013/4/20" end_day="2023/4/19" start_time="19:00:00" end_time="19:10:00" desc="大量经验、金币奖励；排名宝箱奖励；"/>
	<item id="8" open_flag="1" time_type="1" week_0="1" week_1="1" week_2="1" week_3="1" week_4="1" week_5="1" week_6="1" start_day="2013/4/20" end_day="2023/4/19" start_time="19:20:00" end_time="19:30:00" desc="大量经验、金币奖励；排名宝箱奖励；"/>
	<item id="8" open_flag="1" time_type="1" week_0="1" week_1="1" week_2="1" week_3="1" week_4="1" week_5="1" week_6="1" start_day="2013/4/20" end_day="2023/4/19" start_time="19:40:00" end_time="19:50:00" desc="大量经验、金币奖励；排名宝箱奖励；"/>
	<item id="8" open_flag="1" time_type="1" week_0="1" week_1="1" week_2="1" week_3="1" week_4="1" week_5="1" week_6="1" start_day="2013/4/20" end_day="2023/4/19" start_time="20:00:00" end_time="20:10:00" desc="大量经验、金币奖励；排名宝箱奖励；"/>
	<item id="8" open_flag="1" time_type="1" week_0="1" week_1="1" week_2="1" week_3="1" week_4="1" week_5="1" week_6="1" start_day="2013/4/20" end_day="2023/4/19" start_time="20:20:00" end_time="20:30:00" desc="大量经验、金币奖励；排名宝箱奖励；"/>
	<item id="8" open_flag="1" time_type="1" week_0="1" week_1="1" week_2="1" week_3="1" week_4="1" week_5="1" week_6="1" start_day="2013/4/20" end_day="2023/4/19" start_time="20:40:00" end_time="20:50:00" desc="大量经验、金币奖励；排名宝箱奖励；"/>
	<item id="8" open_flag="1" time_type="1" week_0="1" week_1="1" week_2="1" week_3="1" week_4="1" week_5="1" week_6="1" start_day="2013/4/20" end_day="2023/4/19" start_time="21:00:00" end_time="21:10:00" desc="大量经验、金币奖励；排名宝箱奖励；"/>
	<item id="8" open_flag="1" time_type="1" week_0="1" week_1="1" week_2="1" week_3="1" week_4="1" week_5="1" week_6="1" start_day="2013/4/20" end_day="2023/4/19" start_time="21:20:00" end_time="21:30:00" desc="大量经验、金币奖励；排名宝箱奖励；"/>
	<item id="8" open_flag="1" time_type="1" week_0="1" week_1="1" week_2="1" week_3="1" week_4="1" week_5="1" week_6="1" start_day="2013/4/20" end_day="2023/4/19" start_time="21:40:00" end_time="21:50:00" desc="大量经验、金币奖励；排名宝箱奖励；"/>
	<item id="8" open_flag="1" time_type="1" week_0="1" week_1="1" week_2="1" week_3="1" week_4="1" week_5="1" week_6="1" start_day="2013/4/20" end_day="2023/4/19" start_time="22:00:00" end_time="22:10:00" desc="大量经验、金币奖励；排名宝箱奖励；"/>
	<item id="8" open_flag="1" time_type="1" week_0="1" week_1="1" week_2="1" week_3="1" week_4="1" week_5="1" week_6="1" start_day="2013/4/20" end_day="2023/4/19" start_time="22:20:00" end_time="22:30:00" desc="大量经验、金币奖励；排名宝箱奖励；"/>
	<item id="8" open_flag="1" time_type="1" week_0="1" week_1="1" week_2="1" week_3="1" week_4="1" week_5="1" week_6="1" start_day="2013/4/20" end_day="2023/4/19" start_time="22:40:00" end_time="22:50:00" desc="大量经验、金币奖励；排名宝箱奖励；"/>
	<item id="8" open_flag="1" time_type="1" week_0="1" week_1="1" week_2="1" week_3="1" week_4="1" week_5="1" week_6="1" start_day="2013/4/20" end_day="2023/4/19" start_time="23:00:00" end_time="23:10:00" desc="大量经验、金币奖励；排名宝箱奖励；"/>
	<item id="8" open_flag="1" time_type="1" week_0="1" week_1="1" week_2="1" week_3="1" week_4="1" week_5="1" week_6="1" start_day="2013/4/20" end_day="2023/4/19" start_time="23:20:00" end_time="23:30:00" desc="大量经验、金币奖励；排名宝箱奖励；"/>
	<item id="10" open_flag="1" time_type="1" week_0="1" week_1="1" week_2="1" week_3="1" week_4="1" week_5="1" week_6="1" start_day="2013/4/20" end_day="2023/4/19" start_time="20:00:00" end_time="20:20:00" desc="大量中级训练令、中级强化石、中级洗练石、宝石奖励"/>
	<item id="19" open_flag="1" time_type="1" week_0="1" week_1="1" week_2="1" week_3="1" week_4="1" week_5="1" week_6="1" start_day="2013/4/20" end_day="2023/4/19" start_time="9:50:00" end_time="10:10:00" desc="大量经验、金币奖励；排名宝箱奖励；"/>
	<item id="19" open_flag="1" time_type="1" week_0="1" week_1="1" week_2="1" week_3="1" week_4="1" week_5="1" week_6="1" start_day="2013/4/20" end_day="2023/4/19" start_time="10:15:00" end_time="10:35:00" desc="大量经验、金币奖励；排名宝箱奖励；"/>
	<item id="19" open_flag="1" time_type="1" week_0="1" week_1="1" week_2="1" week_3="1" week_4="1" week_5="1" week_6="1" start_day="2013/4/20" end_day="2023/4/19" start_time="10:40:00" end_time="11:00:00" desc="大量经验、金币奖励；排名宝箱奖励；"/>
	<item id="19" open_flag="1" time_type="1" week_0="1" week_1="1" week_2="1" week_3="1" week_4="1" week_5="1" week_6="1" start_day="2013/4/20" end_day="2023/4/19" start_time="11:05:00" end_time="11:25:00" desc="大量经验、金币奖励；排名宝箱奖励；"/>
	<item id="19" open_flag="1" time_type="1" week_0="1" week_1="1" week_2="1" week_3="1" week_4="1" week_5="1" week_6="1" start_day="2013/4/20" end_day="2023/4/19" start_time="11:30:00" end_time="11:50:00" desc="大量经验、金币奖励；排名宝箱奖励；"/>
	<item id="19" open_flag="1" time_type="1" week_0="1" week_1="1" week_2="1" week_3="1" week_4="1" week_5="1" week_6="1" start_day="2013/4/20" end_day="2023/4/19" start_time="11:55:00" end_time="12:15:00" desc="大量经验、金币奖励；排名宝箱奖励；"/>
	<item id="19" open_flag="1" time_type="1" week_0="1" week_1="1" week_2="1" week_3="1" week_4="1" week_5="1" week_6="1" start_day="2013/4/20" end_day="2023/4/19" start_time="12:20:00" end_time="12:40:00" desc="大量经验、金币奖励；排名宝箱奖励；"/>
	<item id="19" open_flag="1" time_type="1" week_0="1" week_1="1" week_2="1" week_3="1" week_4="1" week_5="1" week_6="1" start_day="2013/4/20" end_day="2023/4/19" start_time="12:45:00" end_time="13:05:00" desc="大量经验、金币奖励；排名宝箱奖励；"/>
	<item id="19" open_flag="1" time_type="1" week_0="1" week_1="1" week_2="1" week_3="1" week_4="1" week_5="1" week_6="1" start_day="2013/4/20" end_day="2023/4/19" start_time="13:10:00" end_time="13:30:00" desc="大量经验、金币奖励；排名宝箱奖励；"/>
	<item id="19" open_flag="1" time_type="1" week_0="1" week_1="1" week_2="1" week_3="1" week_4="1" week_5="1" week_6="1" start_day="2013/4/20" end_day="2023/4/19" start_time="13:35:00" end_time="13:55:00" desc="大量经验、金币奖励；排名宝箱奖励；"/>
	<item id="19" open_flag="1" time_type="1" week_0="1" week_1="1" week_2="1" week_3="1" week_4="1" week_5="1" week_6="1" start_day="2013/4/20" end_day="2023/4/19" start_time="14:00:00" end_time="14:20:00" desc="大量经验、金币奖励；排名宝箱奖励；"/>
	<item id="19" open_flag="1" time_type="1" week_0="1" week_1="1" week_2="1" week_3="1" week_4="1" week_5="1" week_6="1" start_day="2013/4/20" end_day="2023/4/19" start_time="14:25:00" end_time="14:45:00" desc="大量经验、金币奖励；排名宝箱奖励；"/>
	<item id="19" open_flag="1" time_type="1" week_0="1" week_1="1" week_2="1" week_3="1" week_4="1" week_5="1" week_6="1" start_day="2013/4/20" end_day="2023/4/19" start_time="14:50:00" end_time="15:10:00" desc="大量经验、金币奖励；排名宝箱奖励；"/>
	<item id="19" open_flag="1" time_type="1" week_0="1" week_1="1" week_2="1" week_3="1" week_4="1" week_5="1" week_6="1" start_day="2013/4/20" end_day="2023/4/19" start_time="15:15:00" end_time="15:35:00" desc="大量经验、金币奖励；排名宝箱奖励；"/>
	<item id="19" open_flag="1" time_type="1" week_0="1" week_1="1" week_2="1" week_3="1" week_4="1" week_5="1" week_6="1" start_day="2013/4/20" end_day="2023/4/19" start_time="15:40:00" end_time="16:00:00" desc="大量经验、金币奖励；排名宝箱奖励；"/>
	<item id="19" open_flag="1" time_type="1" week_0="1" week_1="1" week_2="1" week_3="1" week_4="1" week_5="1" week_6="1" start_day="2013/4/20" end_day="2023/4/19" start_time="16:05:00" end_time="16:25:00" desc="大量经验、金币奖励；排名宝箱奖励；"/>
	<item id="19" open_flag="1" time_type="1" week_0="1" week_1="1" week_2="1" week_3="1" week_4="1" week_5="1" week_6="1" start_day="2013/4/20" end_day="2023/4/19" start_time="16:30:00" end_time="16:50:00" desc="大量经验、金币奖励；排名宝箱奖励；"/>
	<item id="19" open_flag="1" time_type="1" week_0="1" week_1="1" week_2="1" week_3="1" week_4="1" week_5="1" week_6="1" start_day="2013/4/20" end_day="2023/4/19" start_time="16:55:00" end_time="17:15:00" desc="大量经验、金币奖励；排名宝箱奖励；"/>
	<item id="19" open_flag="1" time_type="1" week_0="1" week_1="1" week_2="1" week_3="1" week_4="1" week_5="1" week_6="1" start_day="2013/4/20" end_day="2023/4/19" start_time="17:20:00" end_time="17:40:00" desc="大量经验、金币奖励；排名宝箱奖励；"/>
	<item id="19" open_flag="1" time_type="1" week_0="1" week_1="1" week_2="1" week_3="1" week_4="1" week_5="1" week_6="1" start_day="2013/4/20" end_day="2023/4/19" start_time="17:45:00" end_time="18:05:00" desc="大量经验、金币奖励；排名宝箱奖励；"/>
	<item id="19" open_flag="1" time_type="1" week_0="1" week_1="1" week_2="1" week_3="1" week_4="1" week_5="1" week_6="1" start_day="2013/4/20" end_day="2023/4/19" start_time="18:10:00" end_time="18:30:00" desc="大量经验、金币奖励；排名宝箱奖励；"/>
	<item id="19" open_flag="1" time_type="1" week_0="1" week_1="1" week_2="1" week_3="1" week_4="1" week_5="1" week_6="1" start_day="2013/4/20" end_day="2023/4/19" start_time="18:35:00" end_time="18:55:00" desc="大量经验、金币奖励；排名宝箱奖励；"/>
	<item id="19" open_flag="1" time_type="1" week_0="1" week_1="1" week_2="1" week_3="1" week_4="1" week_5="1" week_6="1" start_day="2013/4/20" end_day="2023/4/19" start_time="19:00:00" end_time="19:20:00" desc="大量经验、金币奖励；排名宝箱奖励；"/>
	<item id="19" open_flag="1" time_type="1" week_0="1" week_1="1" week_2="1" week_3="1" week_4="1" week_5="1" week_6="1" start_day="2013/4/20" end_day="2023/4/19" start_time="19:25:00" end_time="19:45:00" desc="大量经验、金币奖励；排名宝箱奖励；"/>
	<item id="19" open_flag="1" time_type="1" week_0="1" week_1="1" week_2="1" week_3="1" week_4="1" week_5="1" week_6="1" start_day="2013/4/20" end_day="2023/4/19" start_time="19:50:00" end_time="20:10:00" desc="大量经验、金币奖励；排名宝箱奖励；"/>
	<item id="19" open_flag="1" time_type="1" week_0="1" week_1="1" week_2="1" week_3="1" week_4="1" week_5="1" week_6="1" start_day="2013/4/20" end_day="2023/4/19" start_time="20:15:00" end_time="20:35:00" desc="大量经验、金币奖励；排名宝箱奖励；"/>
	<item id="19" open_flag="1" time_type="1" week_0="1" week_1="1" week_2="1" week_3="1" week_4="1" week_5="1" week_6="1" start_day="2013/4/20" end_day="2023/4/19" start_time="20:40:00" end_time="21:00:00" desc="大量经验、金币奖励；排名宝箱奖励；"/>
	<item id="19" open_flag="1" time_type="1" week_0="1" week_1="1" week_2="1" week_3="1" week_4="1" week_5="1" week_6="1" start_day="2013/4/20" end_day="2023/4/19" start_time="21:05:00" end_time="21:25:00" desc="大量经验、金币奖励；排名宝箱奖励；"/>
	<item id="19" open_flag="1" time_type="1" week_0="1" week_1="1" week_2="1" week_3="1" week_4="1" week_5="1" week_6="1" start_day="2013/4/20" end_day="2023/4/19" start_time="21:30:00" end_time="21:50:00" desc="大量经验、金币奖励；排名宝箱奖励；"/>
	<item id="19" open_flag="1" time_type="1" week_0="1" week_1="1" week_2="1" week_3="1" week_4="1" week_5="1" week_6="1" start_day="2013/4/20" end_day="2023/4/19" start_time="21:55:00" end_time="22:15:00" desc="大量经验、金币奖励；排名宝箱奖励；"/>
	<item id="19" open_flag="1" time_type="1" week_0="1" week_1="1" week_2="1" week_3="1" week_4="1" week_5="1" week_6="1" start_day="2013/4/20" end_day="2023/4/19" start_time="22:20:00" end_time="22:40:00" desc="大量经验、金币奖励；排名宝箱奖励；"/>
	<item id="19" open_flag="1" time_type="1" week_0="1" week_1="1" week_2="1" week_3="1" week_4="1" week_5="1" week_6="1" start_day="2013/4/20" end_day="2023/4/19" start_time="22:45:00" end_time="23:05:00" desc="大量经验、金币奖励；排名宝箱奖励；"/>
	<item id="19" open_flag="1" time_type="1" week_0="1" week_1="1" week_2="1" week_3="1" week_4="1" week_5="1" week_6="1" start_day="2013/4/20" end_day="2023/4/19" start_time="23:10:00" end_time="23:30:00" desc="大量经验、金币奖励；排名宝箱奖励；"/>
	<item id="19" open_flag="1" time_type="1" week_0="1" week_1="1" week_2="1" week_3="1" week_4="1" week_5="1" week_6="1" start_day="2013/4/20" end_day="2023/4/19" start_time="23:35:00" end_time="23:55:00" desc="大量经验、金币奖励；排名宝箱奖励；"/>
	<item id="19" open_flag="1" time_type="1" week_0="1" week_1="1" week_2="1" week_3="1" week_4="1" week_5="1" week_6="1" start_day="2013/4/20" end_day="2023/4/19" start_time="0:00:00" end_time="0:20:00" desc="大量经验、金币奖励；排名宝箱奖励；"/>
	<item id="19" open_flag="1" time_type="1" week_0="1" week_1="1" week_2="1" week_3="1" week_4="1" week_5="1" week_6="1" start_day="2013/4/20" end_day="2023/4/19" start_time="0:25:00" end_time="0:45:00" desc="大量经验、金币奖励；排名宝箱奖励；"/>
	<item id="19" open_flag="1" time_type="1" week_0="1" week_1="1" week_2="1" week_3="1" week_4="1" week_5="1" week_6="1" start_day="2013/4/20" end_day="2023/4/19" start_time="0:50:00" end_time="1:10:00" desc="大量经验、金币奖励；排名宝箱奖励；"/>
	<item id="19" open_flag="1" time_type="1" week_0="1" week_1="1" week_2="1" week_3="1" week_4="1" week_5="1" week_6="1" start_day="2013/4/20" end_day="2023/4/19" start_time="1:15:00" end_time="1:35:00" desc="大量经验、金币奖励；排名宝箱奖励；"/>
	<item id="19" open_flag="1" time_type="1" week_0="1" week_1="1" week_2="1" week_3="1" week_4="1" week_5="1" week_6="1" start_day="2013/4/20" end_day="2023/4/19" start_time="1:40:00" end_time="2:00:00" desc="大量经验、金币奖励；排名宝箱奖励；"/>
	<item id="19" open_flag="1" time_type="1" week_0="1" week_1="1" week_2="1" week_3="1" week_4="1" week_5="1" week_6="1" start_day="2013/4/20" end_day="2023/4/19" start_time="2:05:00" end_time="2:25:00" desc="大量经验、金币奖励；排名宝箱奖励；"/>
	<item id="19" open_flag="1" time_type="1" week_0="1" week_1="1" week_2="1" week_3="1" week_4="1" week_5="1" week_6="1" start_day="2013/4/20" end_day="2023/4/19" start_time="2:30:00" end_time="2:50:00" desc="大量经验、金币奖励；排名宝箱奖励；"/>
	<item id="19" open_flag="1" time_type="1" week_0="1" week_1="1" week_2="1" week_3="1" week_4="1" week_5="1" week_6="1" start_day="2013/4/20" end_day="2023/4/19" start_time="2:55:00" end_time="3:15:00" desc="大量经验、金币奖励；排名宝箱奖励；"/>
	<item id="19" open_flag="1" time_type="1" week_0="1" week_1="1" week_2="1" week_3="1" week_4="1" week_5="1" week_6="1" start_day="2013/4/20" end_day="2023/4/19" start_time="3:20:00" end_time="3:40:00" desc="大量经验、金币奖励；排名宝箱奖励；"/>
	<item id="11" open_flag="1" time_type="1" week_0="1" week_1="1" week_2="1" week_3="1" week_4="1" week_5="1" week_6="1" start_day="2013/4/20" end_day="2023/4/19" start_time="0:05:00" end_time="0:10:00" desc="公会战"/>
	<item id="12" open_flag="1" time_type="1" week_0="1" week_1="1" week_2="1" week_3="1" week_4="1" week_5="1" week_6="1" start_day="2013/4/20" end_day="2023/4/19" start_time="0:12:00" end_time="0:17:00" desc="公会战"/>
	<item id="13" open_flag="1" time_type="1" week_0="1" week_1="1" week_2="1" week_3="1" week_4="1" week_5="1" week_6="1" start_day="2013/4/20" end_day="2023/4/19" start_time="0:19:00" end_time="0:24:00" desc="公会战"/>
	<item id="14" open_flag="1" time_type="1" week_0="1" week_1="1" week_2="1" week_3="1" week_4="1" week_5="1" week_6="1" start_day="2013/4/20" end_day="2023/4/19" start_time="0:26:00" end_time="0:31:00" desc="公会战"/>
	<item id="11" open_flag="1" time_type="1" week_0="1" week_1="1" week_2="1" week_3="1" week_4="1" week_5="1" week_6="1" start_day="2013/4/20" end_day="2023/4/19" start_time="0:33:00" end_time="0:38:00" desc="公会战"/>
	<item id="12" open_flag="1" time_type="1" week_0="1" week_1="1" week_2="1" week_3="1" week_4="1" week_5="1" week_6="1" start_day="2013/4/20" end_day="2023/4/19" start_time="0:40:00" end_time="0:45:00" desc="公会战"/>
	<item id="13" open_flag="1" time_type="1" week_0="1" week_1="1" week_2="1" week_3="1" week_4="1" week_5="1" week_6="1" start_day="2013/4/20" end_day="2023/4/19" start_time="0:47:00" end_time="0:52:00" desc="公会战"/>
	<item id="14" open_flag="1" time_type="1" week_0="1" week_1="1" week_2="1" week_3="1" week_4="1" week_5="1" week_6="1" start_day="2013/4/20" end_day="2023/4/19" start_time="0:54:00" end_time="0:59:00" desc="公会战"/>
	<item id="11" open_flag="1" time_type="1" week_0="1" week_1="1" week_2="1" week_3="1" week_4="1" week_5="1" week_6="1" start_day="2013/4/20" end_day="2023/4/19" start_time="1:01:00" end_time="1:06:00" desc="公会战"/>
	<item id="12" open_flag="1" time_type="1" week_0="1" week_1="1" week_2="1" week_3="1" week_4="1" week_5="1" week_6="1" start_day="2013/4/20" end_day="2023/4/19" start_time="1:08:00" end_time="1:13:00" desc="公会战"/>
	<item id="13" open_flag="1" time_type="1" week_0="1" week_1="1" week_2="1" week_3="1" week_4="1" week_5="1" week_6="1" start_day="2013/4/20" end_day="2023/4/19" start_time="1:15:00" end_time="1:20:00" desc="公会战"/>
	<item id="14" open_flag="1" time_type="1" week_0="1" week_1="1" week_2="1" week_3="1" week_4="1" week_5="1" week_6="1" start_day="2013/4/20" end_day="2023/4/19" start_time="1:22:00" end_time="1:27:00" desc="公会战"/>
	<item id="11" open_flag="1" time_type="1" week_0="1" week_1="1" week_2="1" week_3="1" week_4="1" week_5="1" week_6="1" start_day="2013/4/20" end_day="2023/4/19" start_time="1:29:00" end_time="1:34:00" desc="公会战"/>
	<item id="12" open_flag="1" time_type="1" week_0="1" week_1="1" week_2="1" week_3="1" week_4="1" week_5="1" week_6="1" start_day="2013/4/20" end_day="2023/4/19" start_time="1:36:00" end_time="1:41:00" desc="公会战"/>
	<item id="13" open_flag="1" time_type="1" week_0="1" week_1="1" week_2="1" week_3="1" week_4="1" week_5="1" week_6="1" start_day="2013/4/20" end_day="2023/4/19" start_time="1:43:00" end_time="1:48:00" desc="公会战"/>
	<item id="14" open_flag="1" time_type="1" week_0="1" week_1="1" week_2="1" week_3="1" week_4="1" week_5="1" week_6="1" start_day="2013/4/20" end_day="2023/4/19" start_time="1:50:00" end_time="1:55:00" desc="公会战"/>
	<item id="11" open_flag="1" time_type="1" week_0="1" week_1="1" week_2="1" week_3="1" week_4="1" week_5="1" week_6="1" start_day="2013/4/20" end_day="2023/4/19" start_time="1:57:00" end_time="2:02:00" desc="公会战"/>
	<item id="12" open_flag="1" time_type="1" week_0="1" week_1="1" week_2="1" week_3="1" week_4="1" week_5="1" week_6="1" start_day="2013/4/20" end_day="2023/4/19" start_time="2:04:00" end_time="2:09:00" desc="公会战"/>
	<item id="13" open_flag="1" time_type="1" week_0="1" week_1="1" week_2="1" week_3="1" week_4="1" week_5="1" week_6="1" start_day="2013/4/20" end_day="2023/4/19" start_time="2:11:00" end_time="2:16:00" desc="公会战"/>
	<item id="14" open_flag="1" time_type="1" week_0="1" week_1="1" week_2="1" week_3="1" week_4="1" week_5="1" week_6="1" start_day="2013/4/20" end_day="2023/4/19" start_time="2:18:00" end_time="2:23:00" desc="公会战"/>
	<item id="11" open_flag="1" time_type="1" week_0="1" week_1="1" week_2="1" week_3="1" week_4="1" week_5="1" week_6="1" start_day="2013/4/20" end_day="2023/4/19" start_time="2:25:00" end_time="2:30:00" desc="公会战"/>
	<item id="12" open_flag="1" time_type="1" week_0="1" week_1="1" week_2="1" week_3="1" week_4="1" week_5="1" week_6="1" start_day="2013/4/20" end_day="2023/4/19" start_time="2:32:00" end_time="2:37:00" desc="公会战"/>
	<item id="13" open_flag="1" time_type="1" week_0="1" week_1="1" week_2="1" week_3="1" week_4="1" week_5="1" week_6="1" start_day="2013/4/20" end_day="2023/4/19" start_time="2:39:00" end_time="2:44:00" desc="公会战"/>
	<item id="14" open_flag="1" time_type="1" week_0="1" week_1="1" week_2="1" week_3="1" week_4="1" week_5="1" week_6="1" start_day="2013/4/20" end_day="2023/4/19" start_time="2:46:00" end_time="2:51:00" desc="公会战"/>
	<item id="11" open_flag="1" time_type="1" week_0="1" week_1="1" week_2="1" week_3="1" week_4="1" week_5="1" week_6="1" start_day="2013/4/20" end_day="2023/4/19" start_time="2:53:00" end_time="2:58:00" desc="公会战"/>
	<item id="12" open_flag="1" time_type="1" week_0="1" week_1="1" week_2="1" week_3="1" week_4="1" week_5="1" week_6="1" start_day="2013/4/20" end_day="2023/4/19" start_time="3:00:00" end_time="3:05:00" desc="公会战"/>
	<item id="13" open_flag="1" time_type="1" week_0="1" week_1="1" week_2="1" week_3="1" week_4="1" week_5="1" week_6="1" start_day="2013/4/20" end_day="2023/4/19" start_time="3:07:00" end_time="3:12:00" desc="公会战"/>
	<item id="14" open_flag="1" time_type="1" week_0="1" week_1="1" week_2="1" week_3="1" week_4="1" week_5="1" week_6="1" start_day="2013/4/20" end_day="2023/4/19" start_time="3:14:00" end_time="3:19:00" desc="公会战"/>
	<item id="11" open_flag="1" time_type="1" week_0="1" week_1="1" week_2="1" week_3="1" week_4="1" week_5="1" week_6="1" start_day="2013/4/20" end_day="2023/4/19" start_time="3:21:00" end_time="3:26:00" desc="公会战"/>
	<item id="12" open_flag="1" time_type="1" week_0="1" week_1="1" week_2="1" week_3="1" week_4="1" week_5="1" week_6="1" start_day="2013/4/20" end_day="2023/4/19" start_time="3:28:00" end_time="3:33:00" desc="公会战"/>
	<item id="13" open_flag="1" time_type="1" week_0="1" week_1="1" week_2="1" week_3="1" week_4="1" week_5="1" week_6="1" start_day="2013/4/20" end_day="2023/4/19" start_time="3:35:00" end_time="3:40:00" desc="公会战"/>
	<item id="14" open_flag="1" time_type="1" week_0="1" week_1="1" week_2="1" week_3="1" week_4="1" week_5="1" week_6="1" start_day="2013/4/20" end_day="2023/4/19" start_time="3:42:00" end_time="3:47:00" desc="公会战"/>
	<item id="11" open_flag="1" time_type="1" week_0="1" week_1="1" week_2="1" week_3="1" week_4="1" week_5="1" week_6="1" start_day="2013/4/20" end_day="2023/4/19" start_time="3:49:00" end_time="3:54:00" desc="公会战"/>
	<item id="12" open_flag="1" time_type="1" week_0="1" week_1="1" week_2="1" week_3="1" week_4="1" week_5="1" week_6="1" start_day="2013/4/20" end_day="2023/4/19" start_time="3:56:00" end_time="4:01:00" desc="公会战"/>
	<item id="13" open_flag="1" time_type="1" week_0="1" week_1="1" week_2="1" week_3="1" week_4="1" week_5="1" week_6="1" start_day="2013/4/20" end_day="2023/4/19" start_time="4:03:00" end_time="4:08:00" desc="公会战"/>
	<item id="14" open_flag="1" time_type="1" week_0="1" week_1="1" week_2="1" week_3="1" week_4="1" week_5="1" week_6="1" start_day="2013/4/20" end_day="2023/4/19" start_time="4:10:00" end_time="4:15:00" desc="公会战"/>
	<item id="11" open_flag="1" time_type="1" week_0="1" week_1="1" week_2="1" week_3="1" week_4="1" week_5="1" week_6="1" start_day="2013/4/20" end_day="2023/4/19" start_time="4:17:00" end_time="4:22:00" desc="公会战"/>
	<item id="12" open_flag="1" time_type="1" week_0="1" week_1="1" week_2="1" week_3="1" week_4="1" week_5="1" week_6="1" start_day="2013/4/20" end_day="2023/4/19" start_time="4:24:00" end_time="4:29:00" desc="公会战"/>
	<item id="13" open_flag="1" time_type="1" week_0="1" week_1="1" week_2="1" week_3="1" week_4="1" week_5="1" week_6="1" start_day="2013/4/20" end_day="2023/4/19" start_time="4:31:00" end_time="4:36:00" desc="公会战"/>
	<item id="14" open_flag="1" time_type="1" week_0="1" week_1="1" week_2="1" week_3="1" week_4="1" week_5="1" week_6="1" start_day="2013/4/20" end_day="2023/4/19" start_time="4:38:00" end_time="4:43:00" desc="公会战"/>
	<item id="11" open_flag="1" time_type="1" week_0="1" week_1="1" week_2="1" week_3="1" week_4="1" week_5="1" week_6="1" start_day="2013/4/20" end_day="2023/4/19" start_time="4:45:00" end_time="4:50:00" desc="公会战"/>
	<item id="12" open_flag="1" time_type="1" week_0="1" week_1="1" week_2="1" week_3="1" week_4="1" week_5="1" week_6="1" start_day="2013/4/20" end_day="2023/4/19" start_time="4:52:00" end_time="4:57:00" desc="公会战"/>
	<item id="13" open_flag="1" time_type="1" week_0="1" week_1="1" week_2="1" week_3="1" week_4="1" week_5="1" week_6="1" start_day="2013/4/20" end_day="2023/4/19" start_time="4:59:00" end_time="5:04:00" desc="公会战"/>
	<item id="14" open_flag="1" time_type="1" week_0="1" week_1="1" week_2="1" week_3="1" week_4="1" week_5="1" week_6="1" start_day="2013/4/20" end_day="2023/4/19" start_time="5:06:00" end_time="5:11:00" desc="公会战"/>
	<item id="11" open_flag="1" time_type="1" week_0="1" week_1="1" week_2="1" week_3="1" week_4="1" week_5="1" week_6="1" start_day="2013/4/20" end_day="2023/4/19" start_time="5:13:00" end_time="5:18:00" desc="公会战"/>
	<item id="12" open_flag="1" time_type="1" week_0="1" week_1="1" week_2="1" week_3="1" week_4="1" week_5="1" week_6="1" start_day="2013/4/20" end_day="2023/4/19" start_time="5:20:00" end_time="5:25:00" desc="公会战"/>
	<item id="13" open_flag="1" time_type="1" week_0="1" week_1="1" week_2="1" week_3="1" week_4="1" week_5="1" week_6="1" start_day="2013/4/20" end_day="2023/4/19" start_time="5:27:00" end_time="5:32:00" desc="公会战"/>
	<item id="14" open_flag="1" time_type="1" week_0="1" week_1="1" week_2="1" week_3="1" week_4="1" week_5="1" week_6="1" start_day="2013/4/20" end_day="2023/4/19" start_time="5:34:00" end_time="5:39:00" desc="公会战"/>
	<item id="11" open_flag="1" time_type="1" week_0="1" week_1="1" week_2="1" week_3="1" week_4="1" week_5="1" week_6="1" start_day="2013/4/20" end_day="2023/4/19" start_time="5:41:00" end_time="5:46:00" desc="公会战"/>
	<item id="12" open_flag="1" time_type="1" week_0="1" week_1="1" week_2="1" week_3="1" week_4="1" week_5="1" week_6="1" start_day="2013/4/20" end_day="2023/4/19" start_time="5:48:00" end_time="5:53:00" desc="公会战"/>
	<item id="13" open_flag="1" time_type="1" week_0="1" week_1="1" week_2="1" week_3="1" week_4="1" week_5="1" week_6="1" start_day="2013/4/20" end_day="2023/4/19" start_time="5:55:00" end_time="6:00:00" desc="公会战"/>
	<item id="14" open_flag="1" time_type="1" week_0="1" week_1="1" week_2="1" week_3="1" week_4="1" week_5="1" week_6="1" start_day="2013/4/20" end_day="2023/4/19" start_time="6:02:00" end_time="6:07:00" desc="公会战"/>
	<item id="11" open_flag="1" time_type="1" week_0="1" week_1="1" week_2="1" week_3="1" week_4="1" week_5="1" week_6="1" start_day="2013/4/20" end_day="2023/4/19" start_time="6:09:00" end_time="6:14:00" desc="公会战"/>
	<item id="12" open_flag="1" time_type="1" week_0="1" week_1="1" week_2="1" week_3="1" week_4="1" week_5="1" week_6="1" start_day="2013/4/20" end_day="2023/4/19" start_time="6:16:00" end_time="6:21:00" desc="公会战"/>
	<item id="13" open_flag="1" time_type="1" week_0="1" week_1="1" week_2="1" week_3="1" week_4="1" week_5="1" week_6="1" start_day="2013/4/20" end_day="2023/4/19" start_time="6:23:00" end_time="6:28:00" desc="公会战"/>
	<item id="14" open_flag="1" time_type="1" week_0="1" week_1="1" week_2="1" week_3="1" week_4="1" week_5="1" week_6="1" start_day="2013/4/20" end_day="2023/4/19" start_time="6:30:00" end_time="6:35:00" desc="公会战"/>
	<item id="11" open_flag="1" time_type="1" week_0="1" week_1="1" week_2="1" week_3="1" week_4="1" week_5="1" week_6="1" start_day="2013/4/20" end_day="2023/4/19" start_time="6:37:00" end_time="6:42:00" desc="公会战"/>
	<item id="12" open_flag="1" time_type="1" week_0="1" week_1="1" week_2="1" week_3="1" week_4="1" week_5="1" week_6="1" start_day="2013/4/20" end_day="2023/4/19" start_time="6:44:00" end_time="6:49:00" desc="公会战"/>
	<item id="13" open_flag="1" time_type="1" week_0="1" week_1="1" week_2="1" week_3="1" week_4="1" week_5="1" week_6="1" start_day="2013/4/20" end_day="2023/4/19" start_time="6:51:00" end_time="6:56:00" desc="公会战"/>
	<item id="14" open_flag="1" time_type="1" week_0="1" week_1="1" week_2="1" week_3="1" week_4="1" week_5="1" week_6="1" start_day="2013/4/20" end_day="2023/4/19" start_time="6:58:00" end_time="7:03:00" desc="公会战"/>
	<item id="11" open_flag="1" time_type="1" week_0="1" week_1="1" week_2="1" week_3="1" week_4="1" week_5="1" week_6="1" start_day="2013/4/20" end_day="2023/4/19" start_time="7:05:00" end_time="7:10:00" desc="公会战"/>
	<item id="12" open_flag="1" time_type="1" week_0="1" week_1="1" week_2="1" week_3="1" week_4="1" week_5="1" week_6="1" start_day="2013/4/20" end_day="2023/4/19" start_time="7:12:00" end_time="7:17:00" desc="公会战"/>
	<item id="13" open_flag="1" time_type="1" week_0="1" week_1="1" week_2="1" week_3="1" week_4="1" week_5="1" week_6="1" start_day="2013/4/20" end_day="2023/4/19" start_time="7:19:00" end_time="7:24:00" desc="公会战"/>
	<item id="14" open_flag="1" time_type="1" week_0="1" week_1="1" week_2="1" week_3="1" week_4="1" week_5="1" week_6="1" start_day="2013/4/20" end_day="2023/4/19" start_time="7:26:00" end_time="7:31:00" desc="公会战"/>
	<item id="11" open_flag="1" time_type="1" week_0="1" week_1="1" week_2="1" week_3="1" week_4="1" week_5="1" week_6="1" start_day="2013/4/20" end_day="2023/4/19" start_time="7:33:00" end_time="7:38:00" desc="公会战"/>
	<item id="12" open_flag="1" time_type="1" week_0="1" week_1="1" week_2="1" week_3="1" week_4="1" week_5="1" week_6="1" start_day="2013/4/20" end_day="2023/4/19" start_time="7:40:00" end_time="7:45:00" desc="公会战"/>
	<item id="13" open_flag="1" time_type="1" week_0="1" week_1="1" week_2="1" week_3="1" week_4="1" week_5="1" week_6="1" start_day="2013/4/20" end_day="2023/4/19" start_time="7:47:00" end_time="7:52:00" desc="公会战"/>
	<item id="14" open_flag="1" time_type="1" week_0="1" week_1="1" week_2="1" week_3="1" week_4="1" week_5="1" week_6="1" start_day="2013/4/20" end_day="2023/4/19" start_time="7:54:00" end_time="7:59:00" desc="公会战"/>
	<item id="11" open_flag="1" time_type="1" week_0="1" week_1="1" week_2="1" week_3="1" week_4="1" week_5="1" week_6="1" start_day="2013/4/20" end_day="2023/4/19" start_time="8:01:00" end_time="8:06:00" desc="公会战"/>
	<item id="12" open_flag="1" time_type="1" week_0="1" week_1="1" week_2="1" week_3="1" week_4="1" week_5="1" week_6="1" start_day="2013/4/20" end_day="2023/4/19" start_time="8:08:00" end_time="8:13:00" desc="公会战"/>
	<item id="13" open_flag="1" time_type="1" week_0="1" week_1="1" week_2="1" week_3="1" week_4="1" week_5="1" week_6="1" start_day="2013/4/20" end_day="2023/4/19" start_time="8:15:00" end_time="8:20:00" desc="公会战"/>
	<item id="14" open_flag="1" time_type="1" week_0="1" week_1="1" week_2="1" week_3="1" week_4="1" week_5="1" week_6="1" start_day="2013/4/20" end_day="2023/4/19" start_time="8:22:00" end_time="8:27:00" desc="公会战"/>
	<item id="11" open_flag="1" time_type="1" week_0="1" week_1="1" week_2="1" week_3="1" week_4="1" week_5="1" week_6="1" start_day="2013/4/20" end_day="2023/4/19" start_time="8:29:00" end_time="8:34:00" desc="公会战"/>
	<item id="12" open_flag="1" time_type="1" week_0="1" week_1="1" week_2="1" week_3="1" week_4="1" week_5="1" week_6="1" start_day="2013/4/20" end_day="2023/4/19" start_time="8:36:00" end_time="8:41:00" desc="公会战"/>
	<item id="13" open_flag="1" time_type="1" week_0="1" week_1="1" week_2="1" week_3="1" week_4="1" week_5="1" week_6="1" start_day="2013/4/20" end_day="2023/4/19" start_time="8:43:00" end_time="8:48:00" desc="公会战"/>
	<item id="14" open_flag="1" time_type="1" week_0="1" week_1="1" week_2="1" week_3="1" week_4="1" week_5="1" week_6="1" start_day="2013/4/20" end_day="2023/4/19" start_time="8:50:00" end_time="8:55:00" desc="公会战"/>
	<item id="11" open_flag="1" time_type="1" week_0="1" week_1="1" week_2="1" week_3="1" week_4="1" week_5="1" week_6="1" start_day="2013/4/20" end_day="2023/4/19" start_time="8:57:00" end_time="9:02:00" desc="公会战"/>
	<item id="12" open_flag="1" time_type="1" week_0="1" week_1="1" week_2="1" week_3="1" week_4="1" week_5="1" week_6="1" start_day="2013/4/20" end_day="2023/4/19" start_time="9:04:00" end_time="9:09:00" desc="公会战"/>
	<item id="13" open_flag="1" time_type="1" week_0="1" week_1="1" week_2="1" week_3="1" week_4="1" week_5="1" week_6="1" start_day="2013/4/20" end_day="2023/4/19" start_time="9:11:00" end_time="9:16:00" desc="公会战"/>
	<item id="14" open_flag="1" time_type="1" week_0="1" week_1="1" week_2="1" week_3="1" week_4="1" week_5="1" week_6="1" start_day="2013/4/20" end_day="2023/4/19" start_time="9:18:00" end_time="9:23:00" desc="公会战"/>
	<item id="11" open_flag="1" time_type="1" week_0="1" week_1="1" week_2="1" week_3="1" week_4="1" week_5="1" week_6="1" start_day="2013/4/20" end_day="2023/4/19" start_time="9:25:00" end_time="9:30:00" desc="公会战"/>
	<item id="12" open_flag="1" time_type="1" week_0="1" week_1="1" week_2="1" week_3="1" week_4="1" week_5="1" week_6="1" start_day="2013/4/20" end_day="2023/4/19" start_time="9:32:00" end_time="9:37:00" desc="公会战"/>
	<item id="13" open_flag="1" time_type="1" week_0="1" week_1="1" week_2="1" week_3="1" week_4="1" week_5="1" week_6="1" start_day="2013/4/20" end_day="2023/4/19" start_time="9:39:00" end_time="9:44:00" desc="公会战"/>
	<item id="14" open_flag="1" time_type="1" week_0="1" week_1="1" week_2="1" week_3="1" week_4="1" week_5="1" week_6="1" start_day="2013/4/20" end_day="2023/4/19" start_time="9:46:00" end_time="9:51:00" desc="公会战"/>
	<item id="11" open_flag="1" time_type="1" week_0="1" week_1="1" week_2="1" week_3="1" week_4="1" week_5="1" week_6="1" start_day="2013/4/20" end_day="2023/4/19" start_time="9:53:00" end_time="9:58:00" desc="公会战"/>
	<item id="12" open_flag="1" time_type="1" week_0="1" week_1="1" week_2="1" week_3="1" week_4="1" week_5="1" week_6="1" start_day="2013/4/20" end_day="2023/4/19" start_time="10:00:00" end_time="10:05:00" desc="公会战"/>
	<item id="13" open_flag="1" time_type="1" week_0="1" week_1="1" week_2="1" week_3="1" week_4="1" week_5="1" week_6="1" start_day="2013/4/20" end_day="2023/4/19" start_time="10:07:00" end_time="10:12:00" desc="公会战"/>
	<item id="14" open_flag="1" time_type="1" week_0="1" week_1="1" week_2="1" week_3="1" week_4="1" week_5="1" week_6="1" start_day="2013/4/20" end_day="2023/4/19" start_time="10:14:00" end_time="10:19:00" desc="公会战"/>
	<item id="11" open_flag="1" time_type="1" week_0="1" week_1="1" week_2="1" week_3="1" week_4="1" week_5="1" week_6="1" start_day="2013/4/20" end_day="2023/4/19" start_time="10:21:00" end_time="10:26:00" desc="公会战"/>
	<item id="12" open_flag="1" time_type="1" week_0="1" week_1="1" week_2="1" week_3="1" week_4="1" week_5="1" week_6="1" start_day="2013/4/20" end_day="2023/4/19" start_time="10:28:00" end_time="10:33:00" desc="公会战"/>
	<item id="13" open_flag="1" time_type="1" week_0="1" week_1="1" week_2="1" week_3="1" week_4="1" week_5="1" week_6="1" start_day="2013/4/20" end_day="2023/4/19" start_time="10:35:00" end_time="10:40:00" desc="公会战"/>
	<item id="14" open_flag="1" time_type="1" week_0="1" week_1="1" week_2="1" week_3="1" week_4="1" week_5="1" week_6="1" start_day="2013/4/20" end_day="2023/4/19" start_time="10:42:00" end_time="10:47:00" desc="公会战"/>
	<item id="11" open_flag="1" time_type="1" week_0="1" week_1="1" week_2="1" week_3="1" week_4="1" week_5="1" week_6="1" start_day="2013/4/20" end_day="2023/4/19" start_time="10:49:00" end_time="10:54:00" desc="公会战"/>
	<item id="12" open_flag="1" time_type="1" week_0="1" week_1="1" week_2="1" week_3="1" week_4="1" week_5="1" week_6="1" start_day="2013/4/20" end_day="2023/4/19" start_time="10:56:00" end_time="11:01:00" desc="公会战"/>
	<item id="13" open_flag="1" time_type="1" week_0="1" week_1="1" week_2="1" week_3="1" week_4="1" week_5="1" week_6="1" start_day="2013/4/20" end_day="2023/4/19" start_time="11:03:00" end_time="11:08:00" desc="公会战"/>
	<item id="14" open_flag="1" time_type="1" week_0="1" week_1="1" week_2="1" week_3="1" week_4="1" week_5="1" week_6="1" start_day="2013/4/20" end_day="2023/4/19" start_time="11:10:00" end_time="11:15:00" desc="公会战"/>
	<item id="11" open_flag="1" time_type="1" week_0="1" week_1="1" week_2="1" week_3="1" week_4="1" week_5="1" week_6="1" start_day="2013/4/20" end_day="2023/4/19" start_time="11:17:00" end_time="11:22:00" desc="公会战"/>
	<item id="12" open_flag="1" time_type="1" week_0="1" week_1="1" week_2="1" week_3="1" week_4="1" week_5="1" week_6="1" start_day="2013/4/20" end_day="2023/4/19" start_time="11:24:00" end_time="11:29:00" desc="公会战"/>
	<item id="13" open_flag="1" time_type="1" week_0="1" week_1="1" week_2="1" week_3="1" week_4="1" week_5="1" week_6="1" start_day="2013/4/20" end_day="2023/4/19" start_time="11:31:00" end_time="11:36:00" desc="公会战"/>
	<item id="14" open_flag="1" time_type="1" week_0="1" week_1="1" week_2="1" week_3="1" week_4="1" week_5="1" week_6="1" start_day="2013/4/20" end_day="2023/4/19" start_time="11:38:00" end_time="11:43:00" desc="公会战"/>
	<item id="11" open_flag="1" time_type="1" week_0="1" week_1="1" week_2="1" week_3="1" week_4="1" week_5="1" week_6="1" start_day="2013/4/20" end_day="2023/4/19" start_time="11:45:00" end_time="11:50:00" desc="公会战"/>
	<item id="12" open_flag="1" time_type="1" week_0="1" week_1="1" week_2="1" week_3="1" week_4="1" week_5="1" week_6="1" start_day="2013/4/20" end_day="2023/4/19" start_time="11:52:00" end_time="11:57:00" desc="公会战"/>
	<item id="13" open_flag="1" time_type="1" week_0="1" week_1="1" week_2="1" week_3="1" week_4="1" week_5="1" week_6="1" start_day="2013/4/20" end_day="2023/4/19" start_time="11:59:00" end_time="12:04:00" desc="公会战"/>
	<item id="14" open_flag="1" time_type="1" week_0="1" week_1="1" week_2="1" week_3="1" week_4="1" week_5="1" week_6="1" start_day="2013/4/20" end_day="2023/4/19" start_time="12:06:00" end_time="12:11:00" desc="公会战"/>
	<item id="11" open_flag="1" time_type="1" week_0="1" week_1="1" week_2="1" week_3="1" week_4="1" week_5="1" week_6="1" start_day="2013/4/20" end_day="2023/4/19" start_time="12:13:00" end_time="12:18:00" desc="公会战"/>
	<item id="12" open_flag="1" time_type="1" week_0="1" week_1="1" week_2="1" week_3="1" week_4="1" week_5="1" week_6="1" start_day="2013/4/20" end_day="2023/4/19" start_time="12:20:00" end_time="12:25:00" desc="公会战"/>
	<item id="13" open_flag="1" time_type="1" week_0="1" week_1="1" week_2="1" week_3="1" week_4="1" week_5="1" week_6="1" start_day="2013/4/20" end_day="2023/4/19" start_time="12:27:00" end_time="12:32:00" desc="公会战"/>
	<item id="14" open_flag="1" time_type="1" week_0="1" week_1="1" week_2="1" week_3="1" week_4="1" week_5="1" week_6="1" start_day="2013/4/20" end_day="2023/4/19" start_time="12:34:00" end_time="12:39:00" desc="公会战"/>
	<item id="11" open_flag="1" time_type="1" week_0="1" week_1="1" week_2="1" week_3="1" week_4="1" week_5="1" week_6="1" start_day="2013/4/20" end_day="2023/4/19" start_time="12:41:00" end_time="12:46:00" desc="公会战"/>
	<item id="12" open_flag="1" time_type="1" week_0="1" week_1="1" week_2="1" week_3="1" week_4="1" week_5="1" week_6="1" start_day="2013/4/20" end_day="2023/4/19" start_time="12:48:00" end_time="12:53:00" desc="公会战"/>
	<item id="13" open_flag="1" time_type="1" week_0="1" week_1="1" week_2="1" week_3="1" week_4="1" week_5="1" week_6="1" start_day="2013/4/20" end_day="2023/4/19" start_time="12:55:00" end_time="13:00:00" desc="公会战"/>
	<item id="14" open_flag="1" time_type="1" week_0="1" week_1="1" week_2="1" week_3="1" week_4="1" week_5="1" week_6="1" start_day="2013/4/20" end_day="2023/4/19" start_time="13:02:00" end_time="13:07:00" desc="公会战"/>
	<item id="11" open_flag="1" time_type="1" week_0="1" week_1="1" week_2="1" week_3="1" week_4="1" week_5="1" week_6="1" start_day="2013/4/20" end_day="2023/4/19" start_time="13:09:00" end_time="13:14:00" desc="公会战"/>
	<item id="12" open_flag="1" time_type="1" week_0="1" week_1="1" week_2="1" week_3="1" week_4="1" week_5="1" week_6="1" start_day="2013/4/20" end_day="2023/4/19" start_time="13:16:00" end_time="13:21:00" desc="公会战"/>
	<item id="13" open_flag="1" time_type="1" week_0="1" week_1="1" week_2="1" week_3="1" week_4="1" week_5="1" week_6="1" start_day="2013/4/20" end_day="2023/4/19" start_time="13:23:00" end_time="13:28:00" desc="公会战"/>
	<item id="14" open_flag="1" time_type="1" week_0="1" week_1="1" week_2="1" week_3="1" week_4="1" week_5="1" week_6="1" start_day="2013/4/20" end_day="2023/4/19" start_time="13:30:00" end_time="13:35:00" desc="公会战"/>
	<item id="11" open_flag="1" time_type="1" week_0="1" week_1="1" week_2="1" week_3="1" week_4="1" week_5="1" week_6="1" start_day="2013/4/20" end_day="2023/4/19" start_time="13:37:00" end_time="13:42:00" desc="公会战"/>
	<item id="12" open_flag="1" time_type="1" week_0="1" week_1="1" week_2="1" week_3="1" week_4="1" week_5="1" week_6="1" start_day="2013/4/20" end_day="2023/4/19" start_time="13:44:00" end_time="13:49:00" desc="公会战"/>
	<item id="13" open_flag="1" time_type="1" week_0="1" week_1="1" week_2="1" week_3="1" week_4="1" week_5="1" week_6="1" start_day="2013/4/20" end_day="2023/4/19" start_time="13:51:00" end_time="13:56:00" desc="公会战"/>
	<item id="14" open_flag="1" time_type="1" week_0="1" week_1="1" week_2="1" week_3="1" week_4="1" week_5="1" week_6="1" start_day="2013/4/20" end_day="2023/4/19" start_time="13:58:00" end_time="14:03:00" desc="公会战"/>
	<item id="11" open_flag="1" time_type="1" week_0="1" week_1="1" week_2="1" week_3="1" week_4="1" week_5="1" week_6="1" start_day="2013/4/20" end_day="2023/4/19" start_time="14:05:00" end_time="14:10:00" desc="公会战"/>
	<item id="12" open_flag="1" time_type="1" week_0="1" week_1="1" week_2="1" week_3="1" week_4="1" week_5="1" week_6="1" start_day="2013/4/20" end_day="2023/4/19" start_time="14:12:00" end_time="14:17:00" desc="公会战"/>
	<item id="13" open_flag="1" time_type="1" week_0="1" week_1="1" week_2="1" week_3="1" week_4="1" week_5="1" week_6="1" start_day="2013/4/20" end_day="2023/4/19" start_time="14:19:00" end_time="14:24:00" desc="公会战"/>
	<item id="14" open_flag="1" time_type="1" week_0="1" week_1="1" week_2="1" week_3="1" week_4="1" week_5="1" week_6="1" start_day="2013/4/20" end_day="2023/4/19" start_time="14:26:00" end_time="14:31:00" desc="公会战"/>
	<item id="11" open_flag="1" time_type="1" week_0="1" week_1="1" week_2="1" week_3="1" week_4="1" week_5="1" week_6="1" start_day="2013/4/20" end_day="2023/4/19" start_time="14:33:00" end_time="14:38:00" desc="公会战"/>
	<item id="12" open_flag="1" time_type="1" week_0="1" week_1="1" week_2="1" week_3="1" week_4="1" week_5="1" week_6="1" start_day="2013/4/20" end_day="2023/4/19" start_time="14:40:00" end_time="14:45:00" desc="公会战"/>
	<item id="13" open_flag="1" time_type="1" week_0="1" week_1="1" week_2="1" week_3="1" week_4="1" week_5="1" week_6="1" start_day="2013/4/20" end_day="2023/4/19" start_time="14:47:00" end_time="14:52:00" desc="公会战"/>
	<item id="14" open_flag="1" time_type="1" week_0="1" week_1="1" week_2="1" week_3="1" week_4="1" week_5="1" week_6="1" start_day="2013/4/20" end_day="2023/4/19" start_time="14:54:00" end_time="14:59:00" desc="公会战"/>
	<item id="11" open_flag="1" time_type="1" week_0="1" week_1="1" week_2="1" week_3="1" week_4="1" week_5="1" week_6="1" start_day="2013/4/20" end_day="2023/4/19" start_time="15:01:00" end_time="15:06:00" desc="公会战"/>
	<item id="12" open_flag="1" time_type="1" week_0="1" week_1="1" week_2="1" week_3="1" week_4="1" week_5="1" week_6="1" start_day="2013/4/20" end_day="2023/4/19" start_time="15:08:00" end_time="15:13:00" desc="公会战"/>
	<item id="13" open_flag="1" time_type="1" week_0="1" week_1="1" week_2="1" week_3="1" week_4="1" week_5="1" week_6="1" start_day="2013/4/20" end_day="2023/4/19" start_time="15:15:00" end_time="15:20:00" desc="公会战"/>
	<item id="14" open_flag="1" time_type="1" week_0="1" week_1="1" week_2="1" week_3="1" week_4="1" week_5="1" week_6="1" start_day="2013/4/20" end_day="2023/4/19" start_time="15:22:00" end_time="15:27:00" desc="公会战"/>
	<item id="11" open_flag="1" time_type="1" week_0="1" week_1="1" week_2="1" week_3="1" week_4="1" week_5="1" week_6="1" start_day="2013/4/20" end_day="2023/4/19" start_time="15:29:00" end_time="15:34:00" desc="公会战"/>
	<item id="12" open_flag="1" time_type="1" week_0="1" week_1="1" week_2="1" week_3="1" week_4="1" week_5="1" week_6="1" start_day="2013/4/20" end_day="2023/4/19" start_time="15:36:00" end_time="15:41:00" desc="公会战"/>
	<item id="13" open_flag="1" time_type="1" week_0="1" week_1="1" week_2="1" week_3="1" week_4="1" week_5="1" week_6="1" start_day="2013/4/20" end_day="2023/4/19" start_time="15:43:00" end_time="15:48:00" desc="公会战"/>
	<item id="14" open_flag="1" time_type="1" week_0="1" week_1="1" week_2="1" week_3="1" week_4="1" week_5="1" week_6="1" start_day="2013/4/20" end_day="2023/4/19" start_time="15:50:00" end_time="15:55:00" desc="公会战"/>
	<item id="11" open_flag="1" time_type="1" week_0="1" week_1="1" week_2="1" week_3="1" week_4="1" week_5="1" week_6="1" start_day="2013/4/20" end_day="2023/4/19" start_time="15:57:00" end_time="16:02:00" desc="公会战"/>
	<item id="12" open_flag="1" time_type="1" week_0="1" week_1="1" week_2="1" week_3="1" week_4="1" week_5="1" week_6="1" start_day="2013/4/20" end_day="2023/4/19" start_time="16:04:00" end_time="16:09:00" desc="公会战"/>
	<item id="13" open_flag="1" time_type="1" week_0="1" week_1="1" week_2="1" week_3="1" week_4="1" week_5="1" week_6="1" start_day="2013/4/20" end_day="2023/4/19" start_time="16:11:00" end_time="16:16:00" desc="公会战"/>
	<item id="14" open_flag="1" time_type="1" week_0="1" week_1="1" week_2="1" week_3="1" week_4="1" week_5="1" week_6="1" start_day="2013/4/20" end_day="2023/4/19" start_time="16:18:00" end_time="16:23:00" desc="公会战"/>
	<item id="11" open_flag="1" time_type="1" week_0="1" week_1="1" week_2="1" week_3="1" week_4="1" week_5="1" week_6="1" start_day="2013/4/20" end_day="2023/4/19" start_time="16:25:00" end_time="16:30:00" desc="公会战"/>
	<item id="12" open_flag="1" time_type="1" week_0="1" week_1="1" week_2="1" week_3="1" week_4="1" week_5="1" week_6="1" start_day="2013/4/20" end_day="2023/4/19" start_time="16:32:00" end_time="16:37:00" desc="公会战"/>
	<item id="13" open_flag="1" time_type="1" week_0="1" week_1="1" week_2="1" week_3="1" week_4="1" week_5="1" week_6="1" start_day="2013/4/20" end_day="2023/4/19" start_time="16:39:00" end_time="16:44:00" desc="公会战"/>
	<item id="14" open_flag="1" time_type="1" week_0="1" week_1="1" week_2="1" week_3="1" week_4="1" week_5="1" week_6="1" start_day="2013/4/20" end_day="2023/4/19" start_time="16:46:00" end_time="16:51:00" desc="公会战"/>
	<item id="11" open_flag="1" time_type="1" week_0="1" week_1="1" week_2="1" week_3="1" week_4="1" week_5="1" week_6="1" start_day="2013/4/20" end_day="2023/4/19" start_time="16:53:00" end_time="16:58:00" desc="公会战"/>
	<item id="12" open_flag="1" time_type="1" week_0="1" week_1="1" week_2="1" week_3="1" week_4="1" week_5="1" week_6="1" start_day="2013/4/20" end_day="2023/4/19" start_time="17:00:00" end_time="17:05:00" desc="公会战"/>
	<item id="13" open_flag="1" time_type="1" week_0="1" week_1="1" week_2="1" week_3="1" week_4="1" week_5="1" week_6="1" start_day="2013/4/20" end_day="2023/4/19" start_time="17:07:00" end_time="17:12:00" desc="公会战"/>
	<item id="14" open_flag="1" time_type="1" week_0="1" week_1="1" week_2="1" week_3="1" week_4="1" week_5="1" week_6="1" start_day="2013/4/20" end_day="2023/4/19" start_time="17:14:00" end_time="17:19:00" desc="公会战"/>
	<item id="11" open_flag="1" time_type="1" week_0="1" week_1="1" week_2="1" week_3="1" week_4="1" week_5="1" week_6="1" start_day="2013/4/20" end_day="2023/4/19" start_time="17:21:00" end_time="17:26:00" desc="公会战"/>
	<item id="12" open_flag="1" time_type="1" week_0="1" week_1="1" week_2="1" week_3="1" week_4="1" week_5="1" week_6="1" start_day="2013/4/20" end_day="2023/4/19" start_time="17:28:00" end_time="17:33:00" desc="公会战"/>
	<item id="13" open_flag="1" time_type="1" week_0="1" week_1="1" week_2="1" week_3="1" week_4="1" week_5="1" week_6="1" start_day="2013/4/20" end_day="2023/4/19" start_time="17:35:00" end_time="17:40:00" desc="公会战"/>
	<item id="14" open_flag="1" time_type="1" week_0="1" week_1="1" week_2="1" week_3="1" week_4="1" week_5="1" week_6="1" start_day="2013/4/20" end_day="2023/4/19" start_time="17:42:00" end_time="17:47:00" desc="公会战"/>
	<item id="11" open_flag="1" time_type="1" week_0="1" week_1="1" week_2="1" week_3="1" week_4="1" week_5="1" week_6="1" start_day="2013/4/20" end_day="2023/4/19" start_time="17:49:00" end_time="17:54:00" desc="公会战"/>
	<item id="12" open_flag="1" time_type="1" week_0="1" week_1="1" week_2="1" week_3="1" week_4="1" week_5="1" week_6="1" start_day="2013/4/20" end_day="2023/4/19" start_time="17:56:00" end_time="18:01:00" desc="公会战"/>
	<item id="13" open_flag="1" time_type="1" week_0="1" week_1="1" week_2="1" week_3="1" week_4="1" week_5="1" week_6="1" start_day="2013/4/20" end_day="2023/4/19" start_time="18:03:00" end_time="18:08:00" desc="公会战"/>
	<item id="14" open_flag="1" time_type="1" week_0="1" week_1="1" week_2="1" week_3="1" week_4="1" week_5="1" week_6="1" start_day="2013/4/20" end_day="2023/4/19" start_time="18:10:00" end_time="18:15:00" desc="公会战"/>
	<item id="11" open_flag="1" time_type="1" week_0="1" week_1="1" week_2="1" week_3="1" week_4="1" week_5="1" week_6="1" start_day="2013/4/20" end_day="2023/4/19" start_time="18:17:00" end_time="18:22:00" desc="公会战"/>
	<item id="12" open_flag="1" time_type="1" week_0="1" week_1="1" week_2="1" week_3="1" week_4="1" week_5="1" week_6="1" start_day="2013/4/20" end_day="2023/4/19" start_time="18:24:00" end_time="18:29:00" desc="公会战"/>
	<item id="13" open_flag="1" time_type="1" week_0="1" week_1="1" week_2="1" week_3="1" week_4="1" week_5="1" week_6="1" start_day="2013/4/20" end_day="2023/4/19" start_time="18:31:00" end_time="18:36:00" desc="公会战"/>
	<item id="14" open_flag="1" time_type="1" week_0="1" week_1="1" week_2="1" week_3="1" week_4="1" week_5="1" week_6="1" start_day="2013/4/20" end_day="2023/4/19" start_time="18:38:00" end_time="18:43:00" desc="公会战"/>
	<item id="11" open_flag="1" time_type="1" week_0="1" week_1="1" week_2="1" week_3="1" week_4="1" week_5="1" week_6="1" start_day="2013/4/20" end_day="2023/4/19" start_time="18:45:00" end_time="18:50:00" desc="公会战"/>
	<item id="12" open_flag="1" time_type="1" week_0="1" week_1="1" week_2="1" week_3="1" week_4="1" week_5="1" week_6="1" start_day="2013/4/20" end_day="2023/4/19" start_time="18:52:00" end_time="18:57:00" desc="公会战"/>
	<item id="13" open_flag="1" time_type="1" week_0="1" week_1="1" week_2="1" week_3="1" week_4="1" week_5="1" week_6="1" start_day="2013/4/20" end_day="2023/4/19" start_time="18:59:00" end_time="19:04:00" desc="公会战"/>
	<item id="14" open_flag="1" time_type="1" week_0="1" week_1="1" week_2="1" week_3="1" week_4="1" week_5="1" week_6="1" start_day="2013/4/20" end_day="2023/4/19" start_time="19:06:00" end_time="19:11:00" desc="公会战"/>
	<item id="11" open_flag="1" time_type="1" week_0="1" week_1="1" week_2="1" week_3="1" week_4="1" week_5="1" week_6="1" start_day="2013/4/20" end_day="2023/4/19" start_time="19:13:00" end_time="19:18:00" desc="公会战"/>
	<item id="12" open_flag="1" time_type="1" week_0="1" week_1="1" week_2="1" week_3="1" week_4="1" week_5="1" week_6="1" start_day="2013/4/20" end_day="2023/4/19" start_time="19:20:00" end_time="19:25:00" desc="公会战"/>
	<item id="13" open_flag="1" time_type="1" week_0="1" week_1="1" week_2="1" week_3="1" week_4="1" week_5="1" week_6="1" start_day="2013/4/20" end_day="2023/4/19" start_time="19:27:00" end_time="19:32:00" desc="公会战"/>
	<item id="14" open_flag="1" time_type="1" week_0="1" week_1="1" week_2="1" week_3="1" week_4="1" week_5="1" week_6="1" start_day="2013/4/20" end_day="2023/4/19" start_time="19:34:00" end_time="19:39:00" desc="公会战"/>
	<item id="11" open_flag="1" time_type="1" week_0="1" week_1="1" week_2="1" week_3="1" week_4="1" week_5="1" week_6="1" start_day="2013/4/20" end_day="2023/4/19" start_time="19:41:00" end_time="19:46:00" desc="公会战"/>
	<item id="12" open_flag="1" time_type="1" week_0="1" week_1="1" week_2="1" week_3="1" week_4="1" week_5="1" week_6="1" start_day="2013/4/20" end_day="2023/4/19" start_time="19:48:00" end_time="19:53:00" desc="公会战"/>
	<item id="13" open_flag="1" time_type="1" week_0="1" week_1="1" week_2="1" week_3="1" week_4="1" week_5="1" week_6="1" start_day="2013/4/20" end_day="2023/4/19" start_time="19:55:00" end_time="20:00:00" desc="公会战"/>
	<item id="14" open_flag="1" time_type="1" week_0="1" week_1="1" week_2="1" week_3="1" week_4="1" week_5="1" week_6="1" start_day="2013/4/20" end_day="2023/4/19" start_time="20:02:00" end_time="20:07:00" desc="公会战"/>
	<item id="11" open_flag="1" time_type="1" week_0="1" week_1="1" week_2="1" week_3="1" week_4="1" week_5="1" week_6="1" start_day="2013/4/20" end_day="2023/4/19" start_time="20:09:00" end_time="20:14:00" desc="公会战"/>
	<item id="12" open_flag="1" time_type="1" week_0="1" week_1="1" week_2="1" week_3="1" week_4="1" week_5="1" week_6="1" start_day="2013/4/20" end_day="2023/4/19" start_time="20:16:00" end_time="20:21:00" desc="公会战"/>
	<item id="13" open_flag="1" time_type="1" week_0="1" week_1="1" week_2="1" week_3="1" week_4="1" week_5="1" week_6="1" start_day="2013/4/20" end_day="2023/4/19" start_time="20:23:00" end_time="20:28:00" desc="公会战"/>
	<item id="14" open_flag="1" time_type="1" week_0="1" week_1="1" week_2="1" week_3="1" week_4="1" week_5="1" week_6="1" start_day="2013/4/20" end_day="2023/4/19" start_time="20:30:00" end_time="20:35:00" desc="公会战"/>
	<item id="11" open_flag="1" time_type="1" week_0="1" week_1="1" week_2="1" week_3="1" week_4="1" week_5="1" week_6="1" start_day="2013/4/20" end_day="2023/4/19" start_time="20:37:00" end_time="20:42:00" desc="公会战"/>
	<item id="12" open_flag="1" time_type="1" week_0="1" week_1="1" week_2="1" week_3="1" week_4="1" week_5="1" week_6="1" start_day="2013/4/20" end_day="2023/4/19" start_time="20:44:00" end_time="20:49:00" desc="公会战"/>
	<item id="13" open_flag="1" time_type="1" week_0="1" week_1="1" week_2="1" week_3="1" week_4="1" week_5="1" week_6="1" start_day="2013/4/20" end_day="2023/4/19" start_time="20:51:00" end_time="20:56:00" desc="公会战"/>
	<item id="14" open_flag="1" time_type="1" week_0="1" week_1="1" week_2="1" week_3="1" week_4="1" week_5="1" week_6="1" start_day="2013/4/20" end_day="2023/4/19" start_time="20:58:00" end_time="21:03:00" desc="公会战"/>
	<item id="11" open_flag="1" time_type="1" week_0="1" week_1="1" week_2="1" week_3="1" week_4="1" week_5="1" week_6="1" start_day="2013/4/20" end_day="2023/4/19" start_time="21:05:00" end_time="21:10:00" desc="公会战"/>
	<item id="12" open_flag="1" time_type="1" week_0="1" week_1="1" week_2="1" week_3="1" week_4="1" week_5="1" week_6="1" start_day="2013/4/20" end_day="2023/4/19" start_time="21:12:00" end_time="21:17:00" desc="公会战"/>
	<item id="13" open_flag="1" time_type="1" week_0="1" week_1="1" week_2="1" week_3="1" week_4="1" week_5="1" week_6="1" start_day="2013/4/20" end_day="2023/4/19" start_time="21:19:00" end_time="21:24:00" desc="公会战"/>
	<item id="14" open_flag="1" time_type="1" week_0="1" week_1="1" week_2="1" week_3="1" week_4="1" week_5="1" week_6="1" start_day="2013/4/20" end_day="2023/4/19" start_time="21:26:00" end_time="21:31:00" desc="公会战"/>
	<item id="11" open_flag="1" time_type="1" week_0="1" week_1="1" week_2="1" week_3="1" week_4="1" week_5="1" week_6="1" start_day="2013/4/20" end_day="2023/4/19" start_time="21:33:00" end_time="21:38:00" desc="公会战"/>
	<item id="12" open_flag="1" time_type="1" week_0="1" week_1="1" week_2="1" week_3="1" week_4="1" week_5="1" week_6="1" start_day="2013/4/20" end_day="2023/4/19" start_time="21:40:00" end_time="21:45:00" desc="公会战"/>
	<item id="13" open_flag="1" time_type="1" week_0="1" week_1="1" week_2="1" week_3="1" week_4="1" week_5="1" week_6="1" start_day="2013/4/20" end_day="2023/4/19" start_time="21:47:00" end_time="21:52:00" desc="公会战"/>
	<item id="14" open_flag="1" time_type="1" week_0="1" week_1="1" week_2="1" week_3="1" week_4="1" week_5="1" week_6="1" start_day="2013/4/20" end_day="2023/4/19" start_time="21:54:00" end_time="21:59:00" desc="公会战"/>
	<item id="11" open_flag="1" time_type="1" week_0="1" week_1="1" week_2="1" week_3="1" week_4="1" week_5="1" week_6="1" start_day="2013/4/20" end_day="2023/4/19" start_time="22:01:00" end_time="22:06:00" desc="公会战"/>
	<item id="12" open_flag="1" time_type="1" week_0="1" week_1="1" week_2="1" week_3="1" week_4="1" week_5="1" week_6="1" start_day="2013/4/20" end_day="2023/4/19" start_time="22:08:00" end_time="22:13:00" desc="公会战"/>
	<item id="13" open_flag="1" time_type="1" week_0="1" week_1="1" week_2="1" week_3="1" week_4="1" week_5="1" week_6="1" start_day="2013/4/20" end_day="2023/4/19" start_time="22:15:00" end_time="22:20:00" desc="公会战"/>
	<item id="14" open_flag="1" time_type="1" week_0="1" week_1="1" week_2="1" week_3="1" week_4="1" week_5="1" week_6="1" start_day="2013/4/20" end_day="2023/4/19" start_time="22:22:00" end_time="22:27:00" desc="公会战"/>
	<item id="11" open_flag="1" time_type="1" week_0="1" week_1="1" week_2="1" week_3="1" week_4="1" week_5="1" week_6="1" start_day="2013/4/20" end_day="2023/4/19" start_time="22:29:00" end_time="22:34:00" desc="公会战"/>
	<item id="12" open_flag="1" time_type="1" week_0="1" week_1="1" week_2="1" week_3="1" week_4="1" week_5="1" week_6="1" start_day="2013/4/20" end_day="2023/4/19" start_time="22:36:00" end_time="22:41:00" desc="公会战"/>
	<item id="13" open_flag="1" time_type="1" week_0="1" week_1="1" week_2="1" week_3="1" week_4="1" week_5="1" week_6="1" start_day="2013/4/20" end_day="2023/4/19" start_time="22:43:00" end_time="22:48:00" desc="公会战"/>
	<item id="14" open_flag="1" time_type="1" week_0="1" week_1="1" week_2="1" week_3="1" week_4="1" week_5="1" week_6="1" start_day="2013/4/20" end_day="2023/4/19" start_time="22:50:00" end_time="22:55:00" desc="公会战"/>
	<item id="11" open_flag="1" time_type="1" week_0="1" week_1="1" week_2="1" week_3="1" week_4="1" week_5="1" week_6="1" start_day="2013/4/20" end_day="2023/4/19" start_time="22:57:00" end_time="23:02:00" desc="公会战"/>
	<item id="12" open_flag="1" time_type="1" week_0="1" week_1="1" week_2="1" week_3="1" week_4="1" week_5="1" week_6="1" start_day="2013/4/20" end_day="2023/4/19" start_time="23:04:00" end_time="23:09:00" desc="公会战"/>
	<item id="13" open_flag="1" time_type="1" week_0="1" week_1="1" week_2="1" week_3="1" week_4="1" week_5="1" week_6="1" start_day="2013/4/20" end_day="2023/4/19" start_time="23:11:00" end_time="23:16:00" desc="公会战"/>
	<item id="14" open_flag="1" time_type="1" week_0="1" week_1="1" week_2="1" week_3="1" week_4="1" week_5="1" week_6="1" start_day="2013/4/20" end_day="2023/4/19" start_time="23:18:00" end_time="23:23:00" desc="公会战"/>
	<item id="11" open_flag="1" time_type="1" week_0="1" week_1="1" week_2="1" week_3="1" week_4="1" week_5="1" week_6="1" start_day="2013/4/20" end_day="2023/4/19" start_time="23:25:00" end_time="23:30:00" desc="公会战"/>
	<item id="12" open_flag="1" time_type="1" week_0="1" week_1="1" week_2="1" week_3="1" week_4="1" week_5="1" week_6="1" start_day="2013/4/20" end_day="2023/4/19" start_time="23:32:00" end_time="23:37:00" desc="公会战"/>
	<item id="13" open_flag="1" time_type="1" week_0="1" week_1="1" week_2="1" week_3="1" week_4="1" week_5="1" week_6="1" start_day="2013/4/20" end_day="2023/4/19" start_time="23:39:00" end_time="23:44:00" desc="公会战"/>
	<item id="14" open_flag="1" time_type="1" week_0="1" week_1="1" week_2="1" week_3="1" week_4="1" week_5="1" week_6="1" start_day="2013/4/20" end_day="2023/4/19" start_time="23:46:00" end_time="23:51:00" desc="公会战"/>
</items>