<items>
	<item activity_type="1" param1="2" param2="1" param3="0" flag_type="160"/>
	<item activity_type="1" param1="2" param2="3" param3="0" flag_type="161"/>
	<item activity_type="1" param1="3" param2="1" param3="0" flag_type="162"/>
	<item activity_type="1" param1="3" param2="3" param3="0" flag_type="163"/>
	<item activity_type="1" param1="4" param2="1" param3="0" flag_type="164"/>
	<item activity_type="1" param1="4" param2="2" param3="0" flag_type="165"/>
	<item activity_type="1" param1="4" param2="3" param3="0" flag_type="166"/>
	<item activity_type="1" param1="4" param2="4" param3="0" flag_type="167"/>
	<item activity_type="1" param1="4" param2="5" param3="0" flag_type="168"/>
	<item activity_type="2" param1="3" param2="5" param3="0" flag_type="170"/>
	<item activity_type="2" param1="3" param2="11" param3="0" flag_type="171"/>
	<item activity_type="2" param1="5" param2="5" param3="0" flag_type="172"/>
	<item activity_type="2" param1="5" param2="11" param3="0" flag_type="173"/>
	<item activity_type="2" param1="7" param2="5" param3="0" flag_type="174"/>
	<item activity_type="2" param1="7" param2="11" param3="0" flag_type="175"/>
	<item activity_type="2" param1="9" param2="5" param3="0" flag_type="176"/>
	<item activity_type="2" param1="9" param2="11" param3="0" flag_type="177"/>
	<item activity_type="2" param1="10" param2="5" param3="0" flag_type="178"/>
</items>