<items>

		<item id="1"><![CDATA[【系统广播】 <font color='#03DA18'>{@playerName}</font> 成功击败<font>{@guanqiaName}</font>的BOSS<font>{@bossName}</font>获得了<font>{@wupinName}</font>！！！]]></item>
		<item id="2"><![CDATA[【系统广播】 <font color='#03DA18'>{@playerName}</font> 开启了{@giftbagName}获得了<font>{@wupinName}</font>，实力从此大增！！！]]></item>

		<item id="3_1"><![CDATA[【系统广播】 <font color='#03DA18'>{@playerName}</font>在王者之战中击败了昔日王者<font color='#03DA18'>{@playerName2}</font>，晋升为新的英雄之王。]]></item>
		<item id="3_2"><![CDATA[【系统广播】 <font color='#03DA18'>{@playerName}</font>在与<font color='#03DA18'>{@playerName2}</font>的巅峰之战中，夺下了征服之王的宝座。]]></item>
		<item id="3_3"><![CDATA[【系统广播】 <font color='#03DA18'>{@playerName}</font>英勇的击败了<font color='#03DA18'>{@playerName2}</font>，被授予骑士之王的称号。]]></item>
		
		<item id="4"><![CDATA[【系统广播】 <font color='#03DA18'>{@playerName}</font> 获得了{@winNum}连胜!]]></item>
		<item id="5"><![CDATA[【系统广播】 <font color='#03DA18'>{@playerName}</font> 终结了{@playerName2}的<font>{@winNum}</font>连胜！]]></item>
		
		<item id="6"><![CDATA[【系统广播】 <font color='#03DA18'>{@playerName}</font> 在五一大转盘活动中，成功召唤了{@yLName}，契约已定！！！]]></item>
		
		<item id="101"><![CDATA[【系统广播】 <font color='#03DA18'>{@playerName}</font> 成功将<font>{@wupinName}</font>强化到+{@starLevel}，实力从此大增！！！]]></item>
		
		<item id="201"><![CDATA[【系统广播】 <font color='#03DA18'>{@playerName}</font> 实力超群，获得了{@yLquality}级英灵{@yLName}的共鸣，成功签署了契约！！！]]></item>
		
		<item id="301"><![CDATA[【系统广播】 <font color='#03DA18'>{@playerName}</font> 成功击败<font color="#FF0000">{@weimianName}</font>位面的镜像，实力与日俱增！！！]]></item>
		<item id="3011"><![CDATA[【系统广播】 <font color='#03DA18'>{@playerName}</font> 成功击败<font color="#FF0000">{@weimianName}</font>位面的镜像，实力与日俱增！！！]]></item>
		<item id="3012"><![CDATA[【系统广播】 <font color='#03DA18'>{@playerName}</font> 成功击败<font color="#FF0000">{@weimianName}</font>位面的镜像，实力与日俱增！！！]]></item>
		<item id="3013"><![CDATA[【系统广播】 <font color='#03DA18'>{@playerName}</font> 成功击败<font color="#FF0000">{@weimianName}</font>位面的镜像，实力与日俱增！！！]]></item>
		<item id="3014"><![CDATA[【系统广播】 <font color='#03DA18'>{@playerName}</font> 成功击败<font color="#FF0000">{@weimianName}</font>位面的镜像，实力与日俱增！！！]]></item>
		<item id="3015"><![CDATA[【系统广播】 <font color='#03DA18'>{@playerName}</font> 成功击败<font color="#FF0000">{@weimianName}</font>位面的镜像，实力与日俱增！！！]]></item>
		<item id="3016"><![CDATA[【系统广播】 <font color='#03DA18'>{@playerName}</font> 成功击败<font color="#FF0000">{@weimianName}</font>位面的镜像，实力与日俱增！！！]]></item>
		<item id="3017"><![CDATA[【系统广播】 <font color='#03DA18'>{@playerName}</font> 成功击败<font color="#FF0000">{@weimianName}</font>位面的镜像，实力与日俱增！！！]]></item>
		<item id="3018"><![CDATA[【系统广播】 <font color='#03DA18'>{@playerName}</font> 成功击败<font color="#FF0000">{@weimianName}</font>位面的镜像，实力从此所向披靡！！！]]></item>
		<item id="3019"><![CDATA[【系统广播】 <font color='#03DA18'>{@playerName}</font> 成功击败<font color="#FF0000">{@weimianName}</font>位面的镜像，实力从此冠绝寰宇！！！]]></item>
		<item id="30110"><![CDATA[【系统广播】 <font color='#03DA18'>{@playerName}</font> 成功击败<font color="#FF0000">{@weimianName}</font>位面的镜像，成为绝无仅有的纯在！！！]]></item>
		
		<item id="401"><![CDATA[【系统广播】 <font color='#03DA18'>{@playerName}</font> 的英灵{@yLName}成功挑战了<font color="#FF0000">{@weimianName}</font>位面的镜像，灵魂更加完整了！！！]]></item>
		<item id="4011"><![CDATA[【系统广播】 <font color='#03DA18'>{@playerName}</font> 的英灵{@yLName}成功挑战了<font color="#FF0000">{@weimianName}</font>位面的镜像，灵魂更加完整了！！！]]></item>
		<item id="4012"><![CDATA[【系统广播】 <font color='#03DA18'>{@playerName}</font> 的英灵{@yLName}成功挑战了<font color="#FF0000">{@weimianName}</font>位面的镜像，灵魂更加完整了！！！]]></item>
		<item id="4013"><![CDATA[【系统广播】 <font color='#03DA18'>{@playerName}</font> 的英灵{@yLName}成功挑战了<font color="#FF0000">{@weimianName}</font>位面的镜像，灵魂更加完整了！！！]]></item>
		<item id="4014"><![CDATA[【系统广播】 <font color='#03DA18'>{@playerName}</font> 的英灵{@yLName}成功挑战了<font color="#FF0000">{@weimianName}</font>位面的镜像，灵魂更加完整了！！！]]></item>
		<item id="4015"><![CDATA[【系统广播】 <font color='#03DA18'>{@playerName}</font> 的英灵{@yLName}成功挑战了<font color="#FF0000">{@weimianName}</font>位面的镜像，灵魂更加完整了！！！]]></item>
		<item id="4016"><![CDATA[【系统广播】 <font color='#03DA18'>{@playerName}</font> 的英灵{@yLName}成功挑战了<font color="#FF0000">{@weimianName}</font>位面的镜像，灵魂更加完整了！！！]]></item>
		<item id="4017"><![CDATA[【系统广播】 <font color='#03DA18'>{@playerName}</font> 的英灵{@yLName}成功挑战了<font color="#FF0000">{@weimianName}</font>位面的镜像，灵魂更加完整了！！！]]></item>
		<item id="4018"><![CDATA[【系统广播】 <font color='#03DA18'>{@playerName}</font> 的英灵{@yLName}成功挑战了<font color="#FF0000">{@weimianName}</font>位面的镜像，实力从此所向披靡！！！]]></item>
		<item id="4019"><![CDATA[【系统广播】 <font color='#03DA18'>{@playerName}</font> 的英灵{@yLName}成功挑战了<font color="#FF0000">{@weimianName}</font>位面的镜像，实力从此冠绝寰宇！！！]]></item>
		<item id="40110"><![CDATA[【系统广播】 <font color='#03DA18'>{@playerName}</font> 的英灵{@yLName}成功挑战了<font color="#FF0000">{@weimianName}</font>位面的镜像，成为绝无仅有的纯在！！！]]></item>
		
		<item id="501"><![CDATA[【系统广播】 <font color='#03DA18'>{@playerName}</font> 成功将自身的灵魂力进化到{@numValue}，实力大增！！！]]></item>
		<item id="5011"><![CDATA[【系统广播】 <font color='#03DA18'>{@playerName}</font> 成功将自身的灵魂力进化到{@numValue}，实力大增！！！]]></item>
		<item id="5012"><![CDATA[【系统广播】 <font color='#03DA18'>{@playerName}</font> 成功将自身的灵魂力进化到{@numValue}，实力大增！！！]]></item>
		<item id="5013"><![CDATA[【系统广播】 <font color='#03DA18'>{@playerName}</font> 成功将自身的灵魂力进化到{@numValue}，实力大增！！！]]></item>
		<item id="5014"><![CDATA[【系统广播】 <font color='#03DA18'>{@playerName}</font> 成功将自身的灵魂力进化到{@numValue}，实力大增！！！]]></item>
		<item id="5015"><![CDATA[【系统广播】 <font color='#03DA18'>{@playerName}</font> 成功将自身的灵魂力进化到{@numValue}，实力大增！！！]]></item>
		<item id="5016"><![CDATA[【系统广播】 <font color='#03DA18'>{@playerName}</font> 成功将自身的灵魂力进化到{@numValue}，实力大增！！！]]></item>
		<item id="5017"><![CDATA[【系统广播】 <font color='#03DA18'>{@playerName}</font> 成功将自身的灵魂力进化到{@numValue}，实力大增！！！]]></item>
		<item id="5018"><![CDATA[【系统广播】 <font color='#03DA18'>{@playerName}</font> 成功将自身的灵魂力进化到{@numValue}，实力大增！！！]]></item>
		<item id="5019"><![CDATA[【系统广播】 <font color='#03DA18'>{@playerName}</font> 成功将自身的灵魂力进化到{@numValue}，他到底想做什么！！！]]></item>
		<item id="50110"><![CDATA[【系统广播】 <font color='#03DA18'>{@playerName}</font> 成功将自身的灵魂力进化到{@numValue}，原来他是想成为神！！！]]></item>
		<item id="50111"><![CDATA[【系统广播】 <font color='#03DA18'>{@playerName}</font> 成功将自身的灵魂力进化到{@numValue}，他已经是神一样的存在了！！！]]></item>
		
		<item id="601"><![CDATA[【系统广播】 <font color='#03DA18'>{@playerName}</font> 的英灵{@yLName}灵魂力达到{@numValue}，实力从此超群！！！]]></item>
		<item id="6011"><![CDATA[【系统广播】 <font color='#03DA18'>{@playerName}</font> 的英灵{@yLName}灵魂力达到{@numValue}，实力从此超群！！！]]></item>
		<item id="6012"><![CDATA[【系统广播】 <font color='#03DA18'>{@playerName}</font> 的英灵{@yLName}灵魂力达到{@numValue}，实力从此超群！！！]]></item>
		<item id="6013"><![CDATA[【系统广播】 <font color='#03DA18'>{@playerName}</font> 的英灵{@yLName}灵魂力达到{@numValue}，实力从此超群！！！]]></item>
		<item id="6014"><![CDATA[【系统广播】 <font color='#03DA18'>{@playerName}</font> 的英灵{@yLName}灵魂力达到{@numValue}，实力从此超群！！！]]></item>
		<item id="6015"><![CDATA[【系统广播】 <font color='#03DA18'>{@playerName}</font> 的英灵{@yLName}灵魂力达到{@numValue}，实力从此超群！！！]]></item>
		<item id="6016"><![CDATA[【系统广播】 <font color='#03DA18'>{@playerName}</font> 的英灵{@yLName}灵魂力达到{@numValue}，实力从此超群！！！]]></item>
		<item id="6017"><![CDATA[【系统广播】 <font color='#03DA18'>{@playerName}</font> 的英灵{@yLName}灵魂力达到{@numValue}，实力从此超群！！！]]></item>
		<item id="6018"><![CDATA[【系统广播】 <font color='#03DA18'>{@playerName}</font> 的英灵{@yLName}灵魂力达到{@numValue}，实力从此超群！！！]]></item>
		<item id="6019"><![CDATA[【系统广播】 <font color='#03DA18'>{@playerName}</font> 的英灵{@yLName}灵魂力达到{@numValue}，他到底想做什么！！！]]></item>
		<item id="60110"><![CDATA[【系统广播】 <font color='#03DA18'>{@playerName}</font> 的英灵{@yLName}灵魂力达到{@numValue}，原来他是想成为神！！！]]></item>
		<item id="60111"><![CDATA[【系统广播】 <font color='#03DA18'>{@playerName}</font> 的英灵{@yLName}灵魂力达到{@numValue}，他已经是神一样的存在了！！！]]></item>
		
		<item id="701"><![CDATA[【系统广播】 <font color='#03DA18'>{@playerName}</font> 带领的队伍成功通过了{@guanqiaName}关卡的考验！！！]]></item>
		
		<item id="702"><![CDATA[【系统广播】 <font color='#03DA18'>{@playerName}</font> 人品爆发，猎取到了{@guanqiaName}]]></item>
		
</items>


