<?xml version="1.0" encoding="UTF-8"?>
<configs>
	<!--好友数量，根据VIP等级-->
	<friendNum>
		<i id="0" num="20" />
		<i id="1" num="30" />
		<i id="2" num="40" />
		<i id="3" num="50" />
		<i id="4" num="60" />
		<i id="5" num="70" />
	</friendNum>
	<!--群组数量-->
	<groupNum>
		<i id="0" num="5" />
	</groupNum>
    <!--关卡扫荡-->
    <roundOnceTime>
        <i vip="0" time="600"></i>
        <i vip="1" time="540"></i>
        <i vip="2" time="480"></i>
        <i vip="3" time="1"></i>
        <i vip="4" time="1"></i>
        <i vip="5" time="1"></i>
    </roundOnceTime>
</configs>