<data>
	<item level_low="24" level_high="24" win_exp="1210" lose_exp="undefined" win_gold="1000" lose_gold="330"/>
	<item level_low="25" level_high="25" win_exp="1280" lose_exp="undefined" win_gold="1100" lose_gold="360"/>
	<item level_low="26" level_high="26" win_exp="1360" lose_exp="undefined" win_gold="1200" lose_gold="400"/>
	<item level_low="27" level_high="27" win_exp="1800" lose_exp="undefined" win_gold="1300" lose_gold="430"/>
	<item level_low="28" level_high="28" win_exp="1910" lose_exp="undefined" win_gold="1400" lose_gold="460"/>
	<item level_low="29" level_high="29" win_exp="2020" lose_exp="undefined" win_gold="1500" lose_gold="500"/>
	<item level_low="30" level_high="30" win_exp="2140" lose_exp="undefined" win_gold="1600" lose_gold="530"/>
	<item level_low="31" level_high="31" win_exp="2270" lose_exp="undefined" win_gold="1700" lose_gold="560"/>
	<item level_low="32" level_high="32" win_exp="2400" lose_exp="undefined" win_gold="1800" lose_gold="600"/>
	<item level_low="33" level_high="33" win_exp="2540" lose_exp="undefined" win_gold="1900" lose_gold="630"/>
	<item level_low="34" level_high="34" win_exp="2690" lose_exp="undefined" win_gold="2000" lose_gold="660"/>
	<item level_low="35" level_high="35" win_exp="2840" lose_exp="undefined" win_gold="2100" lose_gold="700"/>
	<item level_low="36" level_high="36" win_exp="3000" lose_exp="undefined" win_gold="2200" lose_gold="730"/>
	<item level_low="37" level_high="37" win_exp="3170" lose_exp="undefined" win_gold="2300" lose_gold="760"/>
	<item level_low="38" level_high="38" win_exp="3350" lose_exp="undefined" win_gold="2400" lose_gold="800"/>
	<item level_low="39" level_high="39" win_exp="3540" lose_exp="undefined" win_gold="2500" lose_gold="830"/>
	<item level_low="40" level_high="40" win_exp="3730" lose_exp="undefined" win_gold="2600" lose_gold="860"/>
	<item level_low="41" level_high="41" win_exp="3940" lose_exp="undefined" win_gold="2700" lose_gold="900"/>
	<item level_low="42" level_high="42" win_exp="4160" lose_exp="undefined" win_gold="2800" lose_gold="930"/>
	<item level_low="43" level_high="43" win_exp="4400" lose_exp="undefined" win_gold="2900" lose_gold="960"/>
	<item level_low="44" level_high="44" win_exp="4650" lose_exp="undefined" win_gold="3000" lose_gold="1000"/>
	<item level_low="45" level_high="45" win_exp="4920" lose_exp="undefined" win_gold="3100" lose_gold="1030"/>
	<item level_low="46" level_high="46" win_exp="5200" lose_exp="undefined" win_gold="3200" lose_gold="1060"/>
	<item level_low="47" level_high="47" win_exp="5500" lose_exp="undefined" win_gold="3300" lose_gold="1100"/>
	<item level_low="48" level_high="48" win_exp="5810" lose_exp="undefined" win_gold="3400" lose_gold="1130"/>
	<item level_low="49" level_high="49" win_exp="6140" lose_exp="undefined" win_gold="3500" lose_gold="1160"/>
	<item level_low="50" level_high="50" win_exp="6480" lose_exp="undefined" win_gold="3600" lose_gold="1200"/>
	<item level_low="51" level_high="51" win_exp="6850" lose_exp="undefined" win_gold="3700" lose_gold="1230"/>
	<item level_low="52" level_high="52" win_exp="7240" lose_exp="undefined" win_gold="3800" lose_gold="1260"/>
	<item level_low="53" level_high="53" win_exp="7660" lose_exp="undefined" win_gold="3900" lose_gold="1300"/>
	<item level_low="54" level_high="54" win_exp="8100" lose_exp="undefined" win_gold="4000" lose_gold="1330"/>
	<item level_low="55" level_high="55" win_exp="8570" lose_exp="undefined" win_gold="4100" lose_gold="1360"/>
	<item level_low="56" level_high="56" win_exp="9060" lose_exp="undefined" win_gold="4200" lose_gold="1400"/>
	<item level_low="57" level_high="57" win_exp="9580" lose_exp="undefined" win_gold="4300" lose_gold="1430"/>
	<item level_low="58" level_high="58" win_exp="10120" lose_exp="undefined" win_gold="4400" lose_gold="1460"/>
	<item level_low="59" level_high="59" win_exp="10690" lose_exp="undefined" win_gold="4500" lose_gold="1500"/>
	<item level_low="60" level_high="60" win_exp="11280" lose_exp="undefined" win_gold="4600" lose_gold="1530"/>
	<item level_low="61" level_high="61" win_exp="11910" lose_exp="undefined" win_gold="4700" lose_gold="1560"/>
	<item level_low="62" level_high="62" win_exp="12580" lose_exp="undefined" win_gold="4800" lose_gold="1600"/>
	<item level_low="63" level_high="63" win_exp="13280" lose_exp="undefined" win_gold="4900" lose_gold="1630"/>
	<item level_low="64" level_high="64" win_exp="14020" lose_exp="undefined" win_gold="5000" lose_gold="1660"/>
	<item level_low="65" level_high="65" win_exp="14800" lose_exp="undefined" win_gold="5100" lose_gold="1700"/>
	<item level_low="66" level_high="66" win_exp="15620" lose_exp="undefined" win_gold="5200" lose_gold="1730"/>
	<item level_low="67" level_high="67" win_exp="16480" lose_exp="undefined" win_gold="5300" lose_gold="1760"/>
	<item level_low="68" level_high="68" win_exp="17370" lose_exp="undefined" win_gold="5400" lose_gold="1800"/>
	<item level_low="69" level_high="69" win_exp="18300" lose_exp="undefined" win_gold="5500" lose_gold="1830"/>
	<item level_low="70" level_high="70" win_exp="19270" lose_exp="undefined" win_gold="5600" lose_gold="1860"/>
	<item level_low="71" level_high="71" win_exp="20290" lose_exp="undefined" win_gold="5700" lose_gold="1900"/>
	<item level_low="72" level_high="72" win_exp="21360" lose_exp="undefined" win_gold="5800" lose_gold="1930"/>
	<item level_low="73" level_high="73" win_exp="22480" lose_exp="undefined" win_gold="5900" lose_gold="1960"/>
	<item level_low="74" level_high="74" win_exp="23660" lose_exp="undefined" win_gold="6000" lose_gold="2000"/>
	<item level_low="75" level_high="75" win_exp="24890" lose_exp="undefined" win_gold="6100" lose_gold="2030"/>
	<item level_low="76" level_high="76" win_exp="26170" lose_exp="undefined" win_gold="6200" lose_gold="2060"/>
	<item level_low="77" level_high="77" win_exp="27510" lose_exp="undefined" win_gold="6300" lose_gold="2100"/>
	<item level_low="78" level_high="78" win_exp="28900" lose_exp="undefined" win_gold="6400" lose_gold="2130"/>
	<item level_low="79" level_high="79" win_exp="30340" lose_exp="undefined" win_gold="6500" lose_gold="2160"/>
	<item level_low="80" level_high="80" win_exp="31830" lose_exp="undefined" win_gold="6600" lose_gold="2200"/>
	<item level_low="81" level_high="81" win_exp="33390" lose_exp="undefined" win_gold="6700" lose_gold="2230"/>
	<item level_low="82" level_high="82" win_exp="35020" lose_exp="undefined" win_gold="6800" lose_gold="2260"/>
	<item level_low="83" level_high="83" win_exp="36730" lose_exp="undefined" win_gold="6900" lose_gold="2300"/>
	<item level_low="84" level_high="84" win_exp="38500" lose_exp="undefined" win_gold="7000" lose_gold="2330"/>
	<item level_low="85" level_high="85" win_exp="40340" lose_exp="undefined" win_gold="7100" lose_gold="2360"/>
	<item level_low="86" level_high="86" win_exp="42250" lose_exp="undefined" win_gold="7200" lose_gold="2400"/>
	<item level_low="87" level_high="87" win_exp="44240" lose_exp="undefined" win_gold="7300" lose_gold="2430"/>
	<item level_low="88" level_high="88" win_exp="46290" lose_exp="undefined" win_gold="7400" lose_gold="2460"/>
	<item level_low="89" level_high="89" win_exp="48410" lose_exp="undefined" win_gold="7500" lose_gold="2500"/>
	<item level_low="90" level_high="90" win_exp="50600" lose_exp="undefined" win_gold="7600" lose_gold="2530"/>
	<item level_low="91" level_high="91" win_exp="52890" lose_exp="undefined" win_gold="7700" lose_gold="2560"/>
	<item level_low="92" level_high="92" win_exp="55270" lose_exp="undefined" win_gold="7800" lose_gold="2600"/>
	<item level_low="93" level_high="93" win_exp="57740" lose_exp="undefined" win_gold="7900" lose_gold="2630"/>
	<item level_low="94" level_high="94" win_exp="60300" lose_exp="undefined" win_gold="8000" lose_gold="2660"/>
	<item level_low="95" level_high="95" win_exp="62950" lose_exp="undefined" win_gold="8100" lose_gold="2700"/>
	<item level_low="96" level_high="96" win_exp="65700" lose_exp="undefined" win_gold="8200" lose_gold="2730"/>
	<item level_low="97" level_high="97" win_exp="68540" lose_exp="undefined" win_gold="8300" lose_gold="2760"/>
	<item level_low="98" level_high="98" win_exp="71470" lose_exp="undefined" win_gold="8400" lose_gold="2800"/>
	<item level_low="99" level_high="99" win_exp="74500" lose_exp="undefined" win_gold="8500" lose_gold="2830"/>
	<item level_low="100" level_high="100" win_exp="77620" lose_exp="undefined" win_gold="8600" lose_gold="2860"/>
</data>