<items>
	<item charge_value="200" flag_value="181" gift_id="82156"/>
	<item charge_value="1000" flag_value="182" gift_id="82157"/>
	<item charge_value="2000" flag_value="183" gift_id="82158"/>
	<item charge_value="3000" flag_value="184" gift_id="82159"/>
	<item charge_value="5000" flag_value="185" gift_id="82160"/>
	<item charge_value="20000" flag_value="186" gift_id="82161"/>
	<item charge_value="30000" flag_value="187" gift_id="82162"/>
	<item charge_value="50000" flag_value="188" gift_id="82163"/>
</items>