<items>
	<item level="1" profession_exp="70"/>
	<item level="2" profession_exp="180"/>
	<item level="3" profession_exp="290"/>
	<item level="4" profession_exp="400"/>
	<item level="5" profession_exp="530"/>
	<item level="6" profession_exp="660"/>
	<item level="7" profession_exp="800"/>
	<item level="8" profession_exp="960"/>
	<item level="9" profession_exp="1140"/>
	<item level="10" profession_exp="1320"/>
	<item level="11" profession_exp="2100"/>
	<item level="12" profession_exp="2960"/>
	<item level="13" profession_exp="3920"/>
	<item level="14" profession_exp="4980"/>
	<item level="15" profession_exp="6150"/>
	<item level="16" profession_exp="7460"/>
	<item level="17" profession_exp="8900"/>
	<item level="18" profession_exp="10490"/>
	<item level="19" profession_exp="12240"/>
	<item level="20" profession_exp="14170"/>
	<item level="21" profession_exp="17250"/>
	<item level="22" profession_exp="20660"/>
	<item level="23" profession_exp="24430"/>
	<item level="24" profession_exp="28590"/>
	<item level="25" profession_exp="33160"/>
	<item level="26" profession_exp="38170"/>
	<item level="27" profession_exp="43640"/>
	<item level="28" profession_exp="49600"/>
	<item level="29" profession_exp="56080"/>
	<item level="30" profession_exp="57000"/>
	<item level="31" profession_exp="58660"/>
	<item level="32" profession_exp="66880"/>
	<item level="33" profession_exp="75860"/>
	<item level="34" profession_exp="85640"/>
	<item level="35" profession_exp="96260"/>
	<item level="36" profession_exp="119770"/>
	<item level="37" profession_exp="145570"/>
	<item level="38" profession_exp="173810"/>
	<item level="39" profession_exp="204600"/>
	<item level="40" profession_exp="238100"/>
	<item level="41" profession_exp="298540"/>
	<item level="42" profession_exp="365280"/>
	<item level="43" profession_exp="438860"/>
	<item level="44" profession_exp="519820"/>
	<item level="45" profession_exp="608700"/>
	<item level="46" profession_exp="706040"/>
	<item level="47" profession_exp="812370"/>
	<item level="48" profession_exp="928250"/>
	<item level="49" profession_exp="1054210"/>
	<item level="50" profession_exp="1190780"/>
	<item level="51" profession_exp="1381520"/>
	<item level="52" profession_exp="1590990"/>
	<item level="53" profession_exp="1820530"/>
	<item level="54" profession_exp="2071510"/>
	<item level="55" profession_exp="2345260"/>
	<item level="56" profession_exp="2643150"/>
	<item level="57" profession_exp="2966510"/>
	<item level="58" profession_exp="3316700"/>
	<item level="59" profession_exp="3695060"/>
	<item level="60" profession_exp="4102960"/>
	<item level="61" profession_exp="4689360"/>
	<item level="62" profession_exp="5329450"/>
	<item level="63" profession_exp="6026610"/>
	<item level="64" profession_exp="6784220"/>
	<item level="65" profession_exp="7605660"/>
	<item level="66" profession_exp="8494290"/>
	<item level="67" profession_exp="9453500"/>
	<item level="68" profession_exp="10486650"/>
	<item level="69" profession_exp="11597120"/>
	<item level="70" profession_exp="12788300"/>
	<item level="71" profession_exp="14682390"/>
	<item level="72" profession_exp="16740040"/>
	<item level="73" profession_exp="18970700"/>
	<item level="74" profession_exp="21383810"/>
	<item level="75" profession_exp="23988830"/>
	<item level="76" profession_exp="26795210"/>
	<item level="77" profession_exp="29812390"/>
	<item level="78" profession_exp="33049830"/>
	<item level="79" profession_exp="36516980"/>
	<item level="80" profession_exp="40223280"/>
	<item level="81" profession_exp="46204530"/>
	<item level="82" profession_exp="52666060"/>
	<item level="83" profession_exp="59633070"/>
	<item level="84" profession_exp="67130750"/>
	<item level="85" profession_exp="75184310"/>
	<item level="86" profession_exp="83818940"/>
	<item level="87" profession_exp="93059850"/>
	<item level="88" profession_exp="102932240"/>
	<item level="89" profession_exp="113461300"/>
	<item level="90" profession_exp="124672230"/>
	<item level="91" profession_exp="140879080"/>
	<item level="92" profession_exp="158264850"/>
	<item level="93" profession_exp="176885030"/>
	<item level="94" profession_exp="196795120"/>
	<item level="95" profession_exp="218050630"/>
	<item level="96" profession_exp="240707050"/>
	<item level="97" profession_exp="264819890"/>
	<item level="98" profession_exp="290444640"/>
	<item level="99" profession_exp="317636800"/>
	<item level="100" profession_exp="346451880"/>
</items>