<?xml version="1.0" encoding="UTF-8"?>
<data>

	<!-- sex:1男， 2女 -->
	<item sex="1"
		  name="凯莉·科菲"/>
	<item sex="2"
		  name="维克·乔迪"/>
	<item sex="1"
		  name="林塞·苏珊"/>
	<item sex="2"
		  name="德拉·杰米"/>
	<item sex="1"
		  name="卡萝·巴顿"/>
	<item sex="1"
		  name="凯文·福特"/>
	<item sex="2"
		  name="朗曼·比尔"/>
	<item sex="1"
		  name="林塞·苏珊"/>
	<item sex="2"
		  name="肖·拉曼"/>
	<item sex="1"
		  name="张华"/>
	<item sex="1"
		  name="你是我的~"/>
	<item sex="1"
		  name="吃饭不吃菜"/>
	<item sex="1"
		  name="神之右手"/>
	<item sex="2"
		  name="灼眼的夏娜"/>
	<item sex="2"
		  name="我是大明星"/>
	<item sex="2"
		  name="高富帅123"/>
	 <item sex="2"
		  name="avkxpsf"/>
		  <status con="加入了游戏|获得了神秘宝箱|击败了野外BOSS|偶遇了神秘事件获得翅膀|完成了一次双杀" />
</data>
