<items>
	<item player_level="23" base_reward_exp="1560" base_reward_coin="910" quality_weight1="800" quality_weight2="1000" quality_weight3="1100" quality_weight4="1200"/>
	<item player_level="24" base_reward_exp="1650" base_reward_coin="1000" quality_weight1="800" quality_weight2="1000" quality_weight3="1100" quality_weight4="1200"/>
	<item player_level="25" base_reward_exp="1750" base_reward_coin="1090" quality_weight1="800" quality_weight2="1000" quality_weight3="1100" quality_weight4="1200"/>
	<item player_level="26" base_reward_exp="1860" base_reward_coin="1190" quality_weight1="800" quality_weight2="1000" quality_weight3="1100" quality_weight4="1200"/>
	<item player_level="27" base_reward_exp="3280" base_reward_coin="1280" quality_weight1="800" quality_weight2="1000" quality_weight3="1100" quality_weight4="1200"/>
	<item player_level="28" base_reward_exp="3480" base_reward_coin="1370" quality_weight1="800" quality_weight2="1000" quality_weight3="1100" quality_weight4="1200"/>
	<item player_level="29" base_reward_exp="3680" base_reward_coin="1460" quality_weight1="800" quality_weight2="1000" quality_weight3="1100" quality_weight4="1200"/>
	<item player_level="30" base_reward_exp="3890" base_reward_coin="1550" quality_weight1="800" quality_weight2="1000" quality_weight3="1100" quality_weight4="1200"/>
	<item player_level="31" base_reward_exp="4120" base_reward_coin="1640" quality_weight1="800" quality_weight2="1000" quality_weight3="1100" quality_weight4="1200"/>
	<item player_level="32" base_reward_exp="4360" base_reward_coin="1730" quality_weight1="800" quality_weight2="1000" quality_weight3="1100" quality_weight4="1200"/>
	<item player_level="33" base_reward_exp="4610" base_reward_coin="1820" quality_weight1="800" quality_weight2="1000" quality_weight3="1100" quality_weight4="1200"/>
	<item player_level="34" base_reward_exp="4890" base_reward_coin="1910" quality_weight1="800" quality_weight2="1000" quality_weight3="1100" quality_weight4="1200"/>
	<item player_level="35" base_reward_exp="5170" base_reward_coin="2000" quality_weight1="800" quality_weight2="1000" quality_weight3="1100" quality_weight4="1200"/>
	<item player_level="36" base_reward_exp="5460" base_reward_coin="2090" quality_weight1="800" quality_weight2="1000" quality_weight3="1100" quality_weight4="1200"/>
	<item player_level="37" base_reward_exp="5770" base_reward_coin="2190" quality_weight1="800" quality_weight2="1000" quality_weight3="1100" quality_weight4="1200"/>
	<item player_level="38" base_reward_exp="6090" base_reward_coin="2280" quality_weight1="800" quality_weight2="1000" quality_weight3="1100" quality_weight4="1200"/>
	<item player_level="39" base_reward_exp="6430" base_reward_coin="2370" quality_weight1="800" quality_weight2="1000" quality_weight3="1100" quality_weight4="1200"/>
	<item player_level="40" base_reward_exp="6780" base_reward_coin="2460" quality_weight1="800" quality_weight2="1000" quality_weight3="1100" quality_weight4="1200"/>
	<item player_level="41" base_reward_exp="7160" base_reward_coin="2550" quality_weight1="800" quality_weight2="1000" quality_weight3="1100" quality_weight4="1200"/>
	<item player_level="42" base_reward_exp="7560" base_reward_coin="2640" quality_weight1="800" quality_weight2="1000" quality_weight3="1100" quality_weight4="1200"/>
	<item player_level="43" base_reward_exp="7990" base_reward_coin="2730" quality_weight1="800" quality_weight2="1000" quality_weight3="1100" quality_weight4="1200"/>
	<item player_level="44" base_reward_exp="8450" base_reward_coin="2820" quality_weight1="800" quality_weight2="1000" quality_weight3="1100" quality_weight4="1200"/>
	<item player_level="45" base_reward_exp="8940" base_reward_coin="2910" quality_weight1="800" quality_weight2="1000" quality_weight3="1100" quality_weight4="1200"/>
	<item player_level="46" base_reward_exp="9450" base_reward_coin="3000" quality_weight1="800" quality_weight2="1000" quality_weight3="1100" quality_weight4="1200"/>
	<item player_level="47" base_reward_exp="9990" base_reward_coin="3090" quality_weight1="800" quality_weight2="1000" quality_weight3="1100" quality_weight4="1200"/>
	<item player_level="48" base_reward_exp="10560" base_reward_coin="3190" quality_weight1="800" quality_weight2="1000" quality_weight3="1100" quality_weight4="1200"/>
	<item player_level="49" base_reward_exp="11160" base_reward_coin="3280" quality_weight1="800" quality_weight2="1000" quality_weight3="1100" quality_weight4="1200"/>
	<item player_level="50" base_reward_exp="11780" base_reward_coin="3370" quality_weight1="800" quality_weight2="1000" quality_weight3="1100" quality_weight4="1200"/>
	<item player_level="51" base_reward_exp="12450" base_reward_coin="3460" quality_weight1="800" quality_weight2="1000" quality_weight3="1100" quality_weight4="1200"/>
	<item player_level="52" base_reward_exp="13160" base_reward_coin="3550" quality_weight1="800" quality_weight2="1000" quality_weight3="1100" quality_weight4="1200"/>
	<item player_level="53" base_reward_exp="13920" base_reward_coin="3640" quality_weight1="800" quality_weight2="1000" quality_weight3="1100" quality_weight4="1200"/>
	<item player_level="54" base_reward_exp="14720" base_reward_coin="3730" quality_weight1="800" quality_weight2="1000" quality_weight3="1100" quality_weight4="1200"/>
	<item player_level="55" base_reward_exp="15580" base_reward_coin="3820" quality_weight1="800" quality_weight2="1000" quality_weight3="1100" quality_weight4="1200"/>
	<item player_level="56" base_reward_exp="16470" base_reward_coin="3910" quality_weight1="800" quality_weight2="1000" quality_weight3="1100" quality_weight4="1200"/>
	<item player_level="57" base_reward_exp="17410" base_reward_coin="4000" quality_weight1="800" quality_weight2="1000" quality_weight3="1100" quality_weight4="1200"/>
	<item player_level="58" base_reward_exp="18390" base_reward_coin="4090" quality_weight1="800" quality_weight2="1000" quality_weight3="1100" quality_weight4="1200"/>
	<item player_level="59" base_reward_exp="19430" base_reward_coin="4190" quality_weight1="800" quality_weight2="1000" quality_weight3="1100" quality_weight4="1200"/>
	<item player_level="60" base_reward_exp="20500" base_reward_coin="4280" quality_weight1="800" quality_weight2="1000" quality_weight3="1100" quality_weight4="1200"/>
	<item player_level="61" base_reward_exp="21650" base_reward_coin="4370" quality_weight1="800" quality_weight2="1000" quality_weight3="1100" quality_weight4="1200"/>
	<item player_level="62" base_reward_exp="22870" base_reward_coin="4460" quality_weight1="800" quality_weight2="1000" quality_weight3="1100" quality_weight4="1200"/>
	<item player_level="63" base_reward_exp="24150" base_reward_coin="4550" quality_weight1="800" quality_weight2="1000" quality_weight3="1100" quality_weight4="1200"/>
	<item player_level="64" base_reward_exp="25490" base_reward_coin="4640" quality_weight1="800" quality_weight2="1000" quality_weight3="1100" quality_weight4="1200"/>
	<item player_level="65" base_reward_exp="26910" base_reward_coin="4730" quality_weight1="800" quality_weight2="1000" quality_weight3="1100" quality_weight4="1200"/>
	<item player_level="66" base_reward_exp="28400" base_reward_coin="4820" quality_weight1="800" quality_weight2="1000" quality_weight3="1100" quality_weight4="1200"/>
	<item player_level="67" base_reward_exp="29960" base_reward_coin="4910" quality_weight1="800" quality_weight2="1000" quality_weight3="1100" quality_weight4="1200"/>
	<item player_level="68" base_reward_exp="31580" base_reward_coin="5000" quality_weight1="800" quality_weight2="1000" quality_weight3="1100" quality_weight4="1200"/>
	<item player_level="69" base_reward_exp="33270" base_reward_coin="5090" quality_weight1="800" quality_weight2="1000" quality_weight3="1100" quality_weight4="1200"/>
	<item player_level="70" base_reward_exp="35030" base_reward_coin="5190" quality_weight1="800" quality_weight2="1000" quality_weight3="1100" quality_weight4="1200"/>
	<item player_level="71" base_reward_exp="36890" base_reward_coin="5280" quality_weight1="800" quality_weight2="1000" quality_weight3="1100" quality_weight4="1200"/>
	<item player_level="72" base_reward_exp="38830" base_reward_coin="5370" quality_weight1="800" quality_weight2="1000" quality_weight3="1100" quality_weight4="1200"/>
	<item player_level="73" base_reward_exp="40880" base_reward_coin="5460" quality_weight1="800" quality_weight2="1000" quality_weight3="1100" quality_weight4="1200"/>
	<item player_level="74" base_reward_exp="43020" base_reward_coin="5550" quality_weight1="800" quality_weight2="1000" quality_weight3="1100" quality_weight4="1200"/>
	<item player_level="75" base_reward_exp="45260" base_reward_coin="5640" quality_weight1="800" quality_weight2="1000" quality_weight3="1100" quality_weight4="1200"/>
	<item player_level="76" base_reward_exp="47590" base_reward_coin="5730" quality_weight1="800" quality_weight2="1000" quality_weight3="1100" quality_weight4="1200"/>
	<item player_level="77" base_reward_exp="50010" base_reward_coin="5820" quality_weight1="800" quality_weight2="1000" quality_weight3="1100" quality_weight4="1200"/>
	<item player_level="78" base_reward_exp="52540" base_reward_coin="5910" quality_weight1="800" quality_weight2="1000" quality_weight3="1100" quality_weight4="1200"/>
	<item player_level="79" base_reward_exp="55160" base_reward_coin="6000" quality_weight1="800" quality_weight2="1000" quality_weight3="1100" quality_weight4="1200"/>
	<item player_level="80" base_reward_exp="57870" base_reward_coin="6090" quality_weight1="800" quality_weight2="1000" quality_weight3="1100" quality_weight4="1200"/>
	<item player_level="81" base_reward_exp="60710" base_reward_coin="6190" quality_weight1="800" quality_weight2="1000" quality_weight3="1100" quality_weight4="1200"/>
	<item player_level="82" base_reward_exp="63680" base_reward_coin="6280" quality_weight1="800" quality_weight2="1000" quality_weight3="1100" quality_weight4="1200"/>
	<item player_level="83" base_reward_exp="66780" base_reward_coin="6370" quality_weight1="800" quality_weight2="1000" quality_weight3="1100" quality_weight4="1200"/>
	<item player_level="84" base_reward_exp="69990" base_reward_coin="6460" quality_weight1="800" quality_weight2="1000" quality_weight3="1100" quality_weight4="1200"/>
	<item player_level="85" base_reward_exp="73350" base_reward_coin="6550" quality_weight1="800" quality_weight2="1000" quality_weight3="1100" quality_weight4="1200"/>
	<item player_level="86" base_reward_exp="76820" base_reward_coin="6640" quality_weight1="800" quality_weight2="1000" quality_weight3="1100" quality_weight4="1200"/>
	<item player_level="87" base_reward_exp="80430" base_reward_coin="6730" quality_weight1="800" quality_weight2="1000" quality_weight3="1100" quality_weight4="1200"/>
	<item player_level="88" base_reward_exp="84160" base_reward_coin="6820" quality_weight1="800" quality_weight2="1000" quality_weight3="1100" quality_weight4="1200"/>
	<item player_level="89" base_reward_exp="88020" base_reward_coin="6910" quality_weight1="800" quality_weight2="1000" quality_weight3="1100" quality_weight4="1200"/>
	<item player_level="90" base_reward_exp="92000" base_reward_coin="7000" quality_weight1="800" quality_weight2="1000" quality_weight3="1100" quality_weight4="1200"/>
	<item player_level="91" base_reward_exp="96160" base_reward_coin="7090" quality_weight1="800" quality_weight2="1000" quality_weight3="1100" quality_weight4="1200"/>
	<item player_level="92" base_reward_exp="100490" base_reward_coin="7190" quality_weight1="800" quality_weight2="1000" quality_weight3="1100" quality_weight4="1200"/>
	<item player_level="93" base_reward_exp="104980" base_reward_coin="7280" quality_weight1="800" quality_weight2="1000" quality_weight3="1100" quality_weight4="1200"/>
	<item player_level="94" base_reward_exp="109630" base_reward_coin="7370" quality_weight1="800" quality_weight2="1000" quality_weight3="1100" quality_weight4="1200"/>
	<item player_level="95" base_reward_exp="114460" base_reward_coin="7460" quality_weight1="800" quality_weight2="1000" quality_weight3="1100" quality_weight4="1200"/>
	<item player_level="96" base_reward_exp="119460" base_reward_coin="7550" quality_weight1="800" quality_weight2="1000" quality_weight3="1100" quality_weight4="1200"/>
	<item player_level="97" base_reward_exp="124620" base_reward_coin="7640" quality_weight1="800" quality_weight2="1000" quality_weight3="1100" quality_weight4="1200"/>
	<item player_level="98" base_reward_exp="129950" base_reward_coin="7730" quality_weight1="800" quality_weight2="1000" quality_weight3="1100" quality_weight4="1200"/>
	<item player_level="99" base_reward_exp="135450" base_reward_coin="7820" quality_weight1="800" quality_weight2="1000" quality_weight3="1100" quality_weight4="1200"/>
	<item player_level="100" base_reward_exp="141120" base_reward_coin="7910" quality_weight1="800" quality_weight2="1000" quality_weight3="1100" quality_weight4="1200"/>
</items>