<items>
	<item type="2" currCount="1" moneyType="3" price="2"/>
	<item type="2" currCount="2" moneyType="3" price="4"/>
	<item type="2" currCount="3" moneyType="3" price="6"/>
	<item type="2" currCount="4" moneyType="3" price="8"/>
	<item type="2" currCount="5" moneyType="3" price="10"/>
	<item type="2" currCount="6" moneyType="3" price="12"/>
	<item type="2" currCount="7" moneyType="3" price="14"/>
	<item type="2" currCount="8" moneyType="3" price="16"/>
	<item type="2" currCount="9" moneyType="3" price="18"/>
	<item type="2" currCount="10" moneyType="3" price="20"/>
	<item type="2" currCount="11" moneyType="3" price="20"/>
	<item type="2" currCount="12" moneyType="3" price="20"/>
	<item type="2" currCount="13" moneyType="3" price="20"/>
	<item type="2" currCount="14" moneyType="3" price="20"/>
	<item type="2" currCount="15" moneyType="3" price="20"/>
	<item type="2" currCount="16" moneyType="3" price="20"/>
	<item type="2" currCount="17" moneyType="3" price="20"/>
	<item type="2" currCount="18" moneyType="3" price="20"/>
	<item type="2" currCount="19" moneyType="3" price="20"/>
	<item type="2" currCount="20" moneyType="3" price="20"/>
	<item type="2" currCount="21" moneyType="3" price="20"/>
	<item type="2" currCount="22" moneyType="3" price="20"/>
	<item type="2" currCount="23" moneyType="3" price="20"/>
	<item type="2" currCount="24" moneyType="3" price="20"/>
	<item type="2" currCount="25" moneyType="3" price="20"/>
	<item type="2" currCount="26" moneyType="3" price="20"/>
	<item type="2" currCount="27" moneyType="3" price="20"/>
	<item type="2" currCount="28" moneyType="3" price="20"/>
	<item type="2" currCount="29" moneyType="3" price="20"/>
	<item type="2" currCount="30" moneyType="3" price="20"/>
	<item type="35" currCount="1" moneyType="3" price="2"/>
	<item type="35" currCount="2" moneyType="3" price="4"/>
	<item type="35" currCount="3" moneyType="3" price="6"/>
	<item type="35" currCount="4" moneyType="3" price="8"/>
	<item type="35" currCount="5" moneyType="3" price="10"/>
	<item type="35" currCount="6" moneyType="3" price="12"/>
	<item type="35" currCount="7" moneyType="3" price="14"/>
	<item type="35" currCount="8" moneyType="3" price="16"/>
	<item type="35" currCount="9" moneyType="3" price="18"/>
	<item type="35" currCount="10" moneyType="3" price="20"/>
	<item type="35" currCount="11" moneyType="3" price="20"/>
	<item type="35" currCount="12" moneyType="3" price="20"/>
	<item type="35" currCount="13" moneyType="3" price="20"/>
	<item type="35" currCount="14" moneyType="3" price="20"/>
	<item type="35" currCount="15" moneyType="3" price="20"/>
	<item type="35" currCount="16" moneyType="3" price="20"/>
	<item type="35" currCount="17" moneyType="3" price="20"/>
	<item type="35" currCount="18" moneyType="3" price="20"/>
	<item type="35" currCount="19" moneyType="3" price="20"/>
	<item type="35" currCount="20" moneyType="3" price="20"/>
	<item type="35" currCount="21" moneyType="3" price="20"/>
	<item type="35" currCount="22" moneyType="3" price="20"/>
	<item type="35" currCount="23" moneyType="3" price="20"/>
	<item type="35" currCount="24" moneyType="3" price="20"/>
	<item type="35" currCount="25" moneyType="3" price="20"/>
	<item type="35" currCount="26" moneyType="3" price="20"/>
	<item type="35" currCount="27" moneyType="3" price="20"/>
	<item type="35" currCount="28" moneyType="3" price="20"/>
	<item type="35" currCount="29" moneyType="3" price="20"/>
	<item type="35" currCount="30" moneyType="3" price="20"/>
	<item type="3" currCount="0" moneyType="3" price="5"/>
	<item type="4" currCount="0" moneyType="1" price="500"/>
	<item type="5" currCount="0" moneyType="3" price="10"/>
	<item type="6" currCount="0" moneyType="3" price="50"/>
	<item type="7" currCount="0" moneyType="3" price="100"/>
	<item type="42" currCount="1" moneyType="3" price="50"/>
	<item type="42" currCount="2" moneyType="3" price="100"/>
	<item type="42" currCount="3" moneyType="3" price="150"/>
	<item type="42" currCount="4" moneyType="3" price="200"/>
	<item type="42" currCount="5" moneyType="3" price="250"/>
	<item type="44" currCount="1" moneyType="3" price="50"/>
	<item type="44" currCount="2" moneyType="3" price="100"/>
	<item type="44" currCount="3" moneyType="3" price="150"/>
	<item type="44" currCount="4" moneyType="3" price="200"/>
	<item type="44" currCount="5" moneyType="3" price="250"/>
	<item type="44" currCount="6" moneyType="3" price="300"/>
	<item type="44" currCount="7" moneyType="3" price="350"/>
	<item type="44" currCount="8" moneyType="3" price="400"/>
	<item type="44" currCount="9" moneyType="3" price="450"/>
	<item type="44" currCount="10" moneyType="3" price="500"/>
	<item type="45" currCount="0" moneyType="3" price="10"/>
	<item type="46" currCount="0" moneyType="3" price="5"/>
</items>