<dramas>
	<drama type="1"> <!--任务类型 -->
	<!-- 1：可接 2：已接  3：可完成   4：已完成 -->
		<!-- <item status="4" taskId="2012" dramaId="10004">
		</item> 已替换到drama100401-->
		<item status="3" taskId="100007" dramaId="100004">
		</item>
		<item status="3" taskId="100022" dramaId="100011">
		</item>
		<item status="3" taskId="100023" dramaId="100011">
		</item>
		<item status="3" taskId="100024" dramaId="100011">
		</item>
		<item status="2" taskId="105014" dramaId="100504">
		</item>
		<item status="4" taskId="105022" dramaId="100506">
		</item>
		<item status="3" taskId="106001" dramaId="100601">
		</item>
		<item status="4" taskId="107013" dramaId="100701">
		</item>
		<item status="3" taskId="107015" dramaId="100702">
		</item>
		<item status="3" taskId="107016" dramaId="100703">
		</item>
		<item status="4" taskId="107029" dramaId="100704">
		</item>
		<item status="4" taskId="107039" dramaId="100705">
		</item>
		<item status="3" taskId="107042" dramaId="100706">
		</item>
		<item status="3" taskId="107045" dramaId="100707">
		</item>
		<item status="3" taskId="108001" dramaId="100801">
		</item>
		<item status="3" taskId="108025" dramaId="100802">
		</item>
		<item status="3" taskId="108030" dramaId="100803">
		</item>
		<item status="3" taskId="108042" dramaId="100807">
		</item>
		<item status="4" taskId="108053" dramaId="100810">
		</item>
		<item status="3" taskId="108059" dramaId="100811">
		</item>
		<item status="4" taskId="108061" dramaId="100812">
		</item>
		<item status="4" taskId="108065" dramaId="100814">
		</item>
	</drama>
	<drama type="2"><!--关卡-->
		<item roundId="6041">
			<diffLevel level="1"><!--关卡难度等级-->
				<item taskId="1056" dramaId="10006"/>
			</diffLevel>
		</item>
		<item roundId="603">
			<diffLevel level="3"><!--关卡难度等级-->
				<item  dramaId="13301"/>
			</diffLevel>
		</item>
	</drama>
	<drama type="4"> <!-- 击杀怪物 -->
		<item id="6051008" dramaId="100502">
			<condition type="1" taskId="105007"/>
		</item>
		<item id="6061007" dramaId="100505">
			<condition type="1" taskId="105018"/>
		</item>
		<item id="6071014" dramaId="100507">
			<condition type="1" taskId="105027"/>
		</item>
		<item id="6072019" dramaId="100508">
			<condition type="1" taskId="105031"/>
		</item>
		<item id="6102008" dramaId="100708">
			<condition type="1" taskId="107047"/>
		</item>
		<item id="6102011" dramaId="100709">
			<condition type="1" taskId="107047"/>
		</item>
		<item id="6111016" dramaId="100804">
			<condition type="1" taskId="108033"/>
		</item>
		<item id="6112010" dramaId="100805">
			<condition type="1" taskId="108039"/>
		</item>
		<item id="6121008" dramaId="100808">
			<condition type="1" taskId="108048"/>
		</item>
		<item id="6121012" dramaId="100809">
			<condition type="1" taskId="108048"/>
		</item>
		<item id="6122015" dramaId="100813">
			<condition type="1" taskId="108062"/>
		</item>
		<item id="6013010" dramaId="110132">
		</item>
		<item id="6013011" dramaId="110133">
		</item>
		<item id="6042009" dramaId="120421">
		</item>
		<item id="6051001" dramaId="120511">
		</item>
		<item id="6111007" dramaId="121111">
		</item>
		<item id="6112013" dramaId="121121">
		</item>
		<item id="7023" dramaId="100007">
			<condition type="1" taskId="100015"/>
		</item>
		<item id="7024" dramaId="100008">
			<condition type="1" taskId="100013"/>
		</item>
		<item id="1021003" dramaId="100102">
			<condition type="1" taskId="101010"/>
		</item>
		<item id="1022012" dramaId="100104">
			<condition type="1" taskId="101012"/>
		</item>
	</drama>
	<drama type="3"><!-- 探索 -->
		<item mapId="6033"><!-- 地图 -->
			<item x="21" y="6" range="3" dramaId="110331"><!-- 范围定义 -->
			</item>
		</item>
<!-- 		<item mapId="7">
			<item x="12" y="33" range="3" dramaId="100001">
			</item>
		</item> -->
		<item mapId="6034"><!-- 地图 -->
			<item x="6" y="21" range="3" dramaId="110341"><!-- 范围定义 -->
			</item>
		</item>
		<item mapId="6043"><!-- 地图 -->
			<item x="3" y="9" range="3" dramaId="110431"><!-- 范围定义 -->
			</item>
		</item>
		<item mapId="6014"><!-- 地图 -->
			<item x="21" y="105" range="3" dramaId="110141"><!-- 范围定义 -->
			</item>
		</item>
		<item mapId="5"><!-- 地图 -->
			<item x="17" y="51" range="3" dramaId="100501"><!-- 范围定义 -->
				<condition type="1" taskId="105005"/>
			</item>
		</item>
		<item mapId="5"><!-- 地图 -->
			<item x="9" y="24" range="3" dramaId="100503"><!-- 范围定义 -->
				<condition type="1" taskId="105013"/>
			</item>
		</item>
		<item mapId="9"><!-- 地图 -->
			<item x="20" y="23" range="3" dramaId="100806"><!-- 范围定义 -->
				<condition type="1" taskId="108041"/>
			</item>
		</item>
		<item mapId="1031"><!-- 地图 -->
			<item x="40" y="103" range="3" dramaId="100201"><!-- 范围定义 -->
				<condition type="1" taskId="102003"/>
			</item>
		</item>
	</drama>
<!-- 	<drama type="2">关卡
		<item roundId="101">
			<diffLevel level="1">关卡难度等级
				<item taskId="1001" dramaId="10002"/>
			</diffLevel>
		</item>
	</drama>
	<drama type="3">探索
		<item mapId="2">地图
			<item x="22" y="20" range="3" dramaId="10002">范围定义
				<condition type="2" level="1"/>
			</item>
			<item x="29" y="73" range="3" dramaId="10002">
				<condition type="1" taskId="1001"/>
				<condition type="2" level="1"/>
			</item>
		</item>
	</drama>
	<drama type="4">击杀怪物
		<item id="101001" dramaId="10002">id 怪物在地图上的npcid
			<condition type="1" taskId="1002"/>type 1:任务类型  2 等级类型
			<condition type="2" level="1"/>
		</item>
		<item id="101002" dramaId="10002">
			<condition type="2" level="1"/>
		</item>
	</drama> -->
</dramas>