<items>
	<item minLevel="10" maxLevel="20">
		<strengthLevel costLevel="10" extendsLevel="9" itemId="80501" itemNum="5" money="10000"/>
		<strengthLevel costLevel="9" extendsLevel="8" itemId="80501" itemNum="4" money="8000"/>
		<strengthLevel costLevel="8" extendsLevel="7" itemId="80501" itemNum="3" money="6000"/>
		<strengthLevel costLevel="7" extendsLevel="6" itemId="80501" itemNum="2" money="4000"/>
		<strengthLevel costLevel="6" extendsLevel="5" itemId="80501" itemNum="1" money="3000"/>
		<strengthLevel costLevel="5" extendsLevel="4" itemId="80501" itemNum="1" money="2000"/>
		<strengthLevel costLevel="4" extendsLevel="3" itemId="80501" itemNum="1" money="1000"/>
		<strengthLevel costLevel="3" extendsLevel="2" itemId="80501" itemNum="1" money="800"/>
		<strengthLevel costLevel="2" extendsLevel="1" itemId="80501" itemNum="1" money="600"/>
		<strengthLevel costLevel="1" extendsLevel="1" itemId="80501" itemNum="1" money="500"/>
	</item>
	<item minLevel="21" maxLevel="30">
		<strengthLevel costLevel="10" extendsLevel="9" itemId="80501" itemNum="5" money="10000"/>
		<strengthLevel costLevel="9" extendsLevel="8" itemId="80501" itemNum="4" money="8000"/>
		<strengthLevel costLevel="8" extendsLevel="7" itemId="80501" itemNum="3" money="6000"/>
		<strengthLevel costLevel="7" extendsLevel="6" itemId="80501" itemNum="2" money="4000"/>
		<strengthLevel costLevel="6" extendsLevel="5" itemId="80501" itemNum="1" money="3000"/>
		<strengthLevel costLevel="5" extendsLevel="4" itemId="80501" itemNum="1" money="2000"/>
		<strengthLevel costLevel="4" extendsLevel="3" itemId="80501" itemNum="1" money="1000"/>
		<strengthLevel costLevel="3" extendsLevel="2" itemId="80501" itemNum="1" money="800"/>
		<strengthLevel costLevel="2" extendsLevel="1" itemId="80501" itemNum="1" money="600"/>
		<strengthLevel costLevel="1" extendsLevel="1" itemId="80501" itemNum="1" money="500"/>
	</item>
	<item minLevel="31" maxLevel="40">
		<strengthLevel costLevel="10" extendsLevel="9" itemId="80501" itemNum="5" money="10000"/>
		<strengthLevel costLevel="9" extendsLevel="8" itemId="80501" itemNum="4" money="8000"/>
		<strengthLevel costLevel="8" extendsLevel="7" itemId="80501" itemNum="3" money="6000"/>
		<strengthLevel costLevel="7" extendsLevel="6" itemId="80501" itemNum="2" money="4000"/>
		<strengthLevel costLevel="6" extendsLevel="5" itemId="80501" itemNum="1" money="3000"/>
		<strengthLevel costLevel="5" extendsLevel="4" itemId="80501" itemNum="1" money="2000"/>
		<strengthLevel costLevel="4" extendsLevel="3" itemId="80501" itemNum="1" money="1000"/>
		<strengthLevel costLevel="3" extendsLevel="2" itemId="80501" itemNum="1" money="800"/>
		<strengthLevel costLevel="2" extendsLevel="1" itemId="80501" itemNum="1" money="600"/>
		<strengthLevel costLevel="1" extendsLevel="1" itemId="80501" itemNum="1" money="500"/>
	</item>
	<item minLevel="41" maxLevel="50">
		<strengthLevel costLevel="10" extendsLevel="9" itemId="80501" itemNum="5" money="10000"/>
		<strengthLevel costLevel="9" extendsLevel="8" itemId="80501" itemNum="4" money="8000"/>
		<strengthLevel costLevel="8" extendsLevel="7" itemId="80501" itemNum="3" money="6000"/>
		<strengthLevel costLevel="7" extendsLevel="6" itemId="80501" itemNum="2" money="4000"/>
		<strengthLevel costLevel="6" extendsLevel="5" itemId="80501" itemNum="1" money="3000"/>
		<strengthLevel costLevel="5" extendsLevel="4" itemId="80501" itemNum="1" money="2000"/>
		<strengthLevel costLevel="4" extendsLevel="3" itemId="80501" itemNum="1" money="1000"/>
		<strengthLevel costLevel="3" extendsLevel="2" itemId="80501" itemNum="1" money="800"/>
		<strengthLevel costLevel="2" extendsLevel="1" itemId="80501" itemNum="1" money="600"/>
		<strengthLevel costLevel="1" extendsLevel="1" itemId="80501" itemNum="1" money="500"/>
	</item>
	<item minLevel="51" maxLevel="60">
		<strengthLevel costLevel="10" extendsLevel="9" itemId="80501" itemNum="5" money="10000"/>
		<strengthLevel costLevel="9" extendsLevel="8" itemId="80501" itemNum="4" money="8000"/>
		<strengthLevel costLevel="8" extendsLevel="7" itemId="80501" itemNum="3" money="6000"/>
		<strengthLevel costLevel="7" extendsLevel="6" itemId="80501" itemNum="2" money="4000"/>
		<strengthLevel costLevel="6" extendsLevel="5" itemId="80501" itemNum="1" money="3000"/>
		<strengthLevel costLevel="5" extendsLevel="4" itemId="80501" itemNum="1" money="2000"/>
		<strengthLevel costLevel="4" extendsLevel="3" itemId="80501" itemNum="1" money="1000"/>
		<strengthLevel costLevel="3" extendsLevel="2" itemId="80501" itemNum="1" money="800"/>
		<strengthLevel costLevel="2" extendsLevel="1" itemId="80501" itemNum="1" money="600"/>
		<strengthLevel costLevel="1" extendsLevel="1" itemId="80501" itemNum="1" money="500"/>
	</item>
</items>