<items>
	<item id="101001" attrId="11" minValue="14" maxValue="71"/>
	<item id="101001" attrId="22" minValue="11" maxValue="58"/>
	<item id="102001" attrId="11" minValue="28" maxValue="142"/>
	<item id="102001" attrId="22" minValue="15" maxValue="78"/>
	<item id="103001" attrId="11" minValue="59" maxValue="237"/>
	<item id="103001" attrId="58" minValue="3" maxValue="15"/>
	<item id="103001" attrId="22" minValue="24" maxValue="98"/>
	<item id="103001" attrId="25" minValue="24" maxValue="98"/>
	<item id="104001" attrId="11" minValue="74" maxValue="297"/>
	<item id="104001" attrId="58" minValue="3" maxValue="15"/>
	<item id="104001" attrId="22" minValue="24" maxValue="99"/>
	<item id="104001" attrId="25" minValue="24" maxValue="99"/>
	<item id="104001" attrId="40" minValue="12" maxValue="50"/>
	<item id="104001" attrId="62" minValue="12" maxValue="50"/>
	<item id="104001" attrId="6" minValue="1" maxValue="5"/>
	<item id="104001" attrId="7" minValue="1" maxValue="5"/>
	<item id="105001" attrId="11" minValue="117" maxValue="393"/>
	<item id="105001" attrId="58" minValue="5" maxValue="18"/>
	<item id="105001" attrId="22" minValue="35" maxValue="118"/>
	<item id="105001" attrId="25" minValue="35" maxValue="118"/>
	<item id="105001" attrId="40" minValue="24" maxValue="80"/>
	<item id="105001" attrId="62" minValue="24" maxValue="80"/>
	<item id="105001" attrId="6" minValue="3" maxValue="10"/>
	<item id="105001" attrId="7" minValue="3" maxValue="10"/>
	<item id="106001" attrId="11" minValue="139" maxValue="465"/>
	<item id="106001" attrId="58" minValue="5" maxValue="18"/>
	<item id="106001" attrId="22" minValue="35" maxValue="119"/>
	<item id="106001" attrId="25" minValue="35" maxValue="119"/>
	<item id="106001" attrId="40" minValue="30" maxValue="100"/>
	<item id="106001" attrId="62" minValue="30" maxValue="100"/>
	<item id="106001" attrId="6" minValue="4" maxValue="15"/>
	<item id="106001" attrId="7" minValue="4" maxValue="15"/>
	<item id="107001" attrId="11" minValue="161" maxValue="537"/>
	<item id="107001" attrId="58" minValue="5" maxValue="18"/>
	<item id="107001" attrId="22" minValue="35" maxValue="119"/>
	<item id="107001" attrId="25" minValue="35" maxValue="119"/>
	<item id="107001" attrId="40" minValue="30" maxValue="100"/>
	<item id="107001" attrId="62" minValue="30" maxValue="100"/>
	<item id="107001" attrId="6" minValue="6" maxValue="20"/>
	<item id="107001" attrId="7" minValue="6" maxValue="20"/>
	<item id="108001" attrId="11" minValue="182" maxValue="609"/>
	<item id="108001" attrId="58" minValue="5" maxValue="18"/>
	<item id="108001" attrId="22" minValue="35" maxValue="119"/>
	<item id="108001" attrId="25" minValue="35" maxValue="119"/>
	<item id="108001" attrId="40" minValue="30" maxValue="100"/>
	<item id="108001" attrId="62" minValue="30" maxValue="100"/>
	<item id="108001" attrId="6" minValue="7" maxValue="25"/>
	<item id="108001" attrId="7" minValue="7" maxValue="25"/>
	<item id="109001" attrId="11" minValue="204" maxValue="681"/>
	<item id="109001" attrId="58" minValue="5" maxValue="18"/>
	<item id="109001" attrId="22" minValue="35" maxValue="119"/>
	<item id="109001" attrId="25" minValue="35" maxValue="119"/>
	<item id="109001" attrId="40" minValue="30" maxValue="100"/>
	<item id="109001" attrId="62" minValue="30" maxValue="100"/>
	<item id="109001" attrId="6" minValue="9" maxValue="30"/>
	<item id="109001" attrId="7" minValue="9" maxValue="30"/>
	<item id="1010001" attrId="11" minValue="225" maxValue="753"/>
	<item id="1010001" attrId="58" minValue="5" maxValue="18"/>
	<item id="1010001" attrId="22" minValue="35" maxValue="119"/>
	<item id="1010001" attrId="25" minValue="35" maxValue="119"/>
	<item id="1010001" attrId="40" minValue="30" maxValue="100"/>
	<item id="1010001" attrId="62" minValue="30" maxValue="100"/>
	<item id="1010001" attrId="6" minValue="10" maxValue="35"/>
	<item id="1010001" attrId="7" minValue="10" maxValue="35"/>
	<item id="101002" attrId="9" minValue="14" maxValue="71"/>
	<item id="101002" attrId="21" minValue="11" maxValue="58"/>
	<item id="102002" attrId="9" minValue="28" maxValue="142"/>
	<item id="102002" attrId="21" minValue="15" maxValue="78"/>
	<item id="103002" attrId="9" minValue="59" maxValue="237"/>
	<item id="103002" attrId="57" minValue="3" maxValue="15"/>
	<item id="103002" attrId="21" minValue="24" maxValue="98"/>
	<item id="103002" attrId="23" minValue="24" maxValue="98"/>
	<item id="104002" attrId="9" minValue="74" maxValue="297"/>
	<item id="104002" attrId="57" minValue="3" maxValue="15"/>
	<item id="104002" attrId="21" minValue="24" maxValue="99"/>
	<item id="104002" attrId="23" minValue="24" maxValue="99"/>
	<item id="104002" attrId="40" minValue="12" maxValue="50"/>
	<item id="104002" attrId="42" minValue="12" maxValue="50"/>
	<item id="104002" attrId="4" minValue="1" maxValue="5"/>
	<item id="104002" attrId="8" minValue="1" maxValue="5"/>
	<item id="105002" attrId="9" minValue="117" maxValue="393"/>
	<item id="105002" attrId="57" minValue="5" maxValue="18"/>
	<item id="105002" attrId="21" minValue="35" maxValue="118"/>
	<item id="105002" attrId="23" minValue="35" maxValue="118"/>
	<item id="105002" attrId="40" minValue="24" maxValue="80"/>
	<item id="105002" attrId="42" minValue="24" maxValue="80"/>
	<item id="105002" attrId="4" minValue="3" maxValue="10"/>
	<item id="105002" attrId="8" minValue="3" maxValue="10"/>
	<item id="106002" attrId="9" minValue="139" maxValue="465"/>
	<item id="106002" attrId="57" minValue="5" maxValue="18"/>
	<item id="106002" attrId="21" minValue="35" maxValue="119"/>
	<item id="106002" attrId="23" minValue="35" maxValue="119"/>
	<item id="106002" attrId="40" minValue="30" maxValue="100"/>
	<item id="106002" attrId="42" minValue="30" maxValue="100"/>
	<item id="106002" attrId="4" minValue="4" maxValue="15"/>
	<item id="106002" attrId="8" minValue="4" maxValue="15"/>
	<item id="107002" attrId="9" minValue="161" maxValue="537"/>
	<item id="107002" attrId="57" minValue="5" maxValue="18"/>
	<item id="107002" attrId="21" minValue="35" maxValue="119"/>
	<item id="107002" attrId="23" minValue="35" maxValue="119"/>
	<item id="107002" attrId="40" minValue="30" maxValue="100"/>
	<item id="107002" attrId="42" minValue="30" maxValue="100"/>
	<item id="107002" attrId="4" minValue="6" maxValue="20"/>
	<item id="107002" attrId="8" minValue="6" maxValue="20"/>
	<item id="108002" attrId="9" minValue="182" maxValue="609"/>
	<item id="108002" attrId="57" minValue="5" maxValue="18"/>
	<item id="108002" attrId="21" minValue="35" maxValue="119"/>
	<item id="108002" attrId="23" minValue="35" maxValue="119"/>
	<item id="108002" attrId="40" minValue="30" maxValue="100"/>
	<item id="108002" attrId="42" minValue="30" maxValue="100"/>
	<item id="108002" attrId="4" minValue="7" maxValue="25"/>
	<item id="108002" attrId="8" minValue="7" maxValue="25"/>
	<item id="109002" attrId="9" minValue="204" maxValue="681"/>
	<item id="109002" attrId="57" minValue="5" maxValue="18"/>
	<item id="109002" attrId="21" minValue="35" maxValue="119"/>
	<item id="109002" attrId="23" minValue="35" maxValue="119"/>
	<item id="109002" attrId="40" minValue="30" maxValue="100"/>
	<item id="109002" attrId="42" minValue="30" maxValue="100"/>
	<item id="109002" attrId="4" minValue="9" maxValue="30"/>
	<item id="109002" attrId="8" minValue="9" maxValue="30"/>
	<item id="1010002" attrId="9" minValue="225" maxValue="753"/>
	<item id="1010002" attrId="57" minValue="5" maxValue="18"/>
	<item id="1010002" attrId="21" minValue="35" maxValue="119"/>
	<item id="1010002" attrId="23" minValue="35" maxValue="119"/>
	<item id="1010002" attrId="40" minValue="30" maxValue="100"/>
	<item id="1010002" attrId="42" minValue="30" maxValue="100"/>
	<item id="1010002" attrId="4" minValue="10" maxValue="35"/>
	<item id="1010002" attrId="8" minValue="10" maxValue="35"/>
	<item id="101003" attrId="9" minValue="14" maxValue="71"/>
	<item id="101003" attrId="21" minValue="11" maxValue="58"/>
	<item id="102003" attrId="9" minValue="28" maxValue="142"/>
	<item id="102003" attrId="21" minValue="15" maxValue="78"/>
	<item id="103003" attrId="9" minValue="59" maxValue="237"/>
	<item id="103003" attrId="57" minValue="3" maxValue="15"/>
	<item id="103003" attrId="21" minValue="24" maxValue="98"/>
	<item id="103003" attrId="23" minValue="24" maxValue="98"/>
	<item id="104003" attrId="9" minValue="74" maxValue="297"/>
	<item id="104003" attrId="57" minValue="3" maxValue="15"/>
	<item id="104003" attrId="21" minValue="24" maxValue="99"/>
	<item id="104003" attrId="23" minValue="24" maxValue="99"/>
	<item id="104003" attrId="42" minValue="12" maxValue="50"/>
	<item id="104003" attrId="40" minValue="12" maxValue="50"/>
	<item id="104003" attrId="3" minValue="1" maxValue="5"/>
	<item id="104003" attrId="5" minValue="1" maxValue="5"/>
	<item id="105003" attrId="9" minValue="117" maxValue="393"/>
	<item id="105003" attrId="57" minValue="5" maxValue="18"/>
	<item id="105003" attrId="21" minValue="35" maxValue="118"/>
	<item id="105003" attrId="23" minValue="35" maxValue="118"/>
	<item id="105003" attrId="42" minValue="24" maxValue="80"/>
	<item id="105003" attrId="40" minValue="24" maxValue="80"/>
	<item id="105003" attrId="3" minValue="3" maxValue="10"/>
	<item id="105003" attrId="5" minValue="3" maxValue="10"/>
	<item id="106003" attrId="9" minValue="139" maxValue="465"/>
	<item id="106003" attrId="57" minValue="5" maxValue="18"/>
	<item id="106003" attrId="21" minValue="35" maxValue="119"/>
	<item id="106003" attrId="23" minValue="35" maxValue="119"/>
	<item id="106003" attrId="42" minValue="30" maxValue="100"/>
	<item id="106003" attrId="40" minValue="30" maxValue="100"/>
	<item id="106003" attrId="3" minValue="4" maxValue="15"/>
	<item id="106003" attrId="5" minValue="4" maxValue="15"/>
	<item id="107003" attrId="9" minValue="161" maxValue="537"/>
	<item id="107003" attrId="57" minValue="5" maxValue="18"/>
	<item id="107003" attrId="21" minValue="35" maxValue="119"/>
	<item id="107003" attrId="23" minValue="35" maxValue="119"/>
	<item id="107003" attrId="42" minValue="30" maxValue="100"/>
	<item id="107003" attrId="40" minValue="30" maxValue="100"/>
	<item id="107003" attrId="3" minValue="6" maxValue="20"/>
	<item id="107003" attrId="5" minValue="6" maxValue="20"/>
	<item id="108003" attrId="9" minValue="182" maxValue="609"/>
	<item id="108003" attrId="57" minValue="5" maxValue="18"/>
	<item id="108003" attrId="21" minValue="35" maxValue="119"/>
	<item id="108003" attrId="23" minValue="35" maxValue="119"/>
	<item id="108003" attrId="42" minValue="30" maxValue="100"/>
	<item id="108003" attrId="40" minValue="30" maxValue="100"/>
	<item id="108003" attrId="3" minValue="7" maxValue="25"/>
	<item id="108003" attrId="5" minValue="7" maxValue="25"/>
	<item id="109003" attrId="9" minValue="204" maxValue="681"/>
	<item id="109003" attrId="57" minValue="5" maxValue="18"/>
	<item id="109003" attrId="21" minValue="35" maxValue="119"/>
	<item id="109003" attrId="23" minValue="35" maxValue="119"/>
	<item id="109003" attrId="42" minValue="30" maxValue="100"/>
	<item id="109003" attrId="40" minValue="30" maxValue="100"/>
	<item id="109003" attrId="3" minValue="9" maxValue="30"/>
	<item id="109003" attrId="5" minValue="9" maxValue="30"/>
	<item id="1010003" attrId="9" minValue="225" maxValue="753"/>
	<item id="1010003" attrId="57" minValue="5" maxValue="18"/>
	<item id="1010003" attrId="21" minValue="35" maxValue="119"/>
	<item id="1010003" attrId="23" minValue="35" maxValue="119"/>
	<item id="1010003" attrId="42" minValue="30" maxValue="100"/>
	<item id="1010003" attrId="40" minValue="30" maxValue="100"/>
	<item id="1010003" attrId="3" minValue="10" maxValue="35"/>
	<item id="1010003" attrId="5" minValue="10" maxValue="35"/>
	<item id="203001" attrId="11" minValue="59" maxValue="237"/>
	<item id="203001" attrId="58" minValue="3" maxValue="15"/>
	<item id="203001" attrId="22" minValue="24" maxValue="98"/>
	<item id="203001" attrId="25" minValue="24" maxValue="98"/>
	<item id="204001" attrId="11" minValue="74" maxValue="297"/>
	<item id="204001" attrId="58" minValue="3" maxValue="15"/>
	<item id="204001" attrId="22" minValue="24" maxValue="99"/>
	<item id="204001" attrId="25" minValue="24" maxValue="99"/>
	<item id="204001" attrId="33" minValue="7" maxValue="30"/>
	<item id="204001" attrId="34" minValue="7" maxValue="30"/>
	<item id="204001" attrId="35" minValue="7" maxValue="30"/>
	<item id="204001" attrId="6" minValue="1" maxValue="5"/>
	<item id="204001" attrId="7" minValue="1" maxValue="5"/>
	<item id="205001" attrId="11" minValue="117" maxValue="393"/>
	<item id="205001" attrId="58" minValue="5" maxValue="18"/>
	<item id="205001" attrId="22" minValue="35" maxValue="118"/>
	<item id="205001" attrId="25" minValue="35" maxValue="118"/>
	<item id="205001" attrId="33" minValue="24" maxValue="80"/>
	<item id="205001" attrId="34" minValue="24" maxValue="80"/>
	<item id="205001" attrId="35" minValue="24" maxValue="80"/>
	<item id="205001" attrId="6" minValue="3" maxValue="10"/>
	<item id="205001" attrId="7" minValue="3" maxValue="10"/>
	<item id="206001" attrId="11" minValue="139" maxValue="465"/>
	<item id="206001" attrId="58" minValue="5" maxValue="18"/>
	<item id="206001" attrId="22" minValue="35" maxValue="119"/>
	<item id="206001" attrId="25" minValue="35" maxValue="119"/>
	<item id="206001" attrId="33" minValue="30" maxValue="100"/>
	<item id="206001" attrId="34" minValue="30" maxValue="100"/>
	<item id="206001" attrId="35" minValue="30" maxValue="100"/>
	<item id="206001" attrId="6" minValue="4" maxValue="15"/>
	<item id="206001" attrId="7" minValue="4" maxValue="15"/>
	<item id="207001" attrId="11" minValue="161" maxValue="537"/>
	<item id="207001" attrId="58" minValue="5" maxValue="18"/>
	<item id="207001" attrId="22" minValue="35" maxValue="119"/>
	<item id="207001" attrId="25" minValue="35" maxValue="119"/>
	<item id="207001" attrId="33" minValue="30" maxValue="100"/>
	<item id="207001" attrId="34" minValue="30" maxValue="100"/>
	<item id="207001" attrId="35" minValue="30" maxValue="100"/>
	<item id="207001" attrId="6" minValue="6" maxValue="20"/>
	<item id="207001" attrId="7" minValue="6" maxValue="20"/>
	<item id="208001" attrId="11" minValue="182" maxValue="609"/>
	<item id="208001" attrId="58" minValue="5" maxValue="18"/>
	<item id="208001" attrId="22" minValue="35" maxValue="119"/>
	<item id="208001" attrId="25" minValue="35" maxValue="119"/>
	<item id="208001" attrId="33" minValue="30" maxValue="100"/>
	<item id="208001" attrId="34" minValue="30" maxValue="100"/>
	<item id="208001" attrId="35" minValue="30" maxValue="100"/>
	<item id="208001" attrId="6" minValue="7" maxValue="25"/>
	<item id="208001" attrId="7" minValue="7" maxValue="25"/>
	<item id="209001" attrId="11" minValue="204" maxValue="681"/>
	<item id="209001" attrId="58" minValue="5" maxValue="18"/>
	<item id="209001" attrId="22" minValue="35" maxValue="119"/>
	<item id="209001" attrId="25" minValue="35" maxValue="119"/>
	<item id="209001" attrId="33" minValue="30" maxValue="100"/>
	<item id="209001" attrId="34" minValue="30" maxValue="100"/>
	<item id="209001" attrId="35" minValue="30" maxValue="100"/>
	<item id="209001" attrId="6" minValue="9" maxValue="30"/>
	<item id="209001" attrId="7" minValue="9" maxValue="30"/>
	<item id="2010001" attrId="11" minValue="225" maxValue="753"/>
	<item id="2010001" attrId="58" minValue="5" maxValue="18"/>
	<item id="2010001" attrId="22" minValue="35" maxValue="119"/>
	<item id="2010001" attrId="25" minValue="35" maxValue="119"/>
	<item id="2010001" attrId="33" minValue="30" maxValue="100"/>
	<item id="2010001" attrId="34" minValue="30" maxValue="100"/>
	<item id="2010001" attrId="35" minValue="30" maxValue="100"/>
	<item id="2010001" attrId="6" minValue="10" maxValue="35"/>
	<item id="2010001" attrId="7" minValue="10" maxValue="35"/>
	<item id="203002" attrId="9" minValue="59" maxValue="237"/>
	<item id="203002" attrId="57" minValue="3" maxValue="15"/>
	<item id="203002" attrId="21" minValue="24" maxValue="98"/>
	<item id="203002" attrId="23" minValue="24" maxValue="98"/>
	<item id="204002" attrId="9" minValue="74" maxValue="297"/>
	<item id="204002" attrId="57" minValue="3" maxValue="15"/>
	<item id="204002" attrId="21" minValue="24" maxValue="99"/>
	<item id="204002" attrId="23" minValue="24" maxValue="99"/>
	<item id="204002" attrId="4" minValue="1" maxValue="5"/>
	<item id="204002" attrId="8" minValue="1" maxValue="5"/>
	<item id="204002" attrId="33" minValue="7" maxValue="30"/>
	<item id="204002" attrId="34" minValue="7" maxValue="30"/>
	<item id="204002" attrId="35" minValue="7" maxValue="30"/>
	<item id="205002" attrId="9" minValue="117" maxValue="393"/>
	<item id="205002" attrId="57" minValue="5" maxValue="18"/>
	<item id="205002" attrId="21" minValue="35" maxValue="118"/>
	<item id="205002" attrId="23" minValue="35" maxValue="118"/>
	<item id="205002" attrId="4" minValue="3" maxValue="10"/>
	<item id="205002" attrId="8" minValue="3" maxValue="10"/>
	<item id="205002" attrId="33" minValue="24" maxValue="80"/>
	<item id="205002" attrId="34" minValue="24" maxValue="80"/>
	<item id="205002" attrId="35" minValue="24" maxValue="80"/>
	<item id="206002" attrId="9" minValue="139" maxValue="465"/>
	<item id="206002" attrId="57" minValue="5" maxValue="18"/>
	<item id="206002" attrId="21" minValue="35" maxValue="119"/>
	<item id="206002" attrId="23" minValue="35" maxValue="119"/>
	<item id="206002" attrId="4" minValue="4" maxValue="15"/>
	<item id="206002" attrId="8" minValue="4" maxValue="15"/>
	<item id="206002" attrId="33" minValue="30" maxValue="100"/>
	<item id="206002" attrId="34" minValue="30" maxValue="100"/>
	<item id="206002" attrId="35" minValue="30" maxValue="100"/>
	<item id="207002" attrId="9" minValue="161" maxValue="537"/>
	<item id="207002" attrId="57" minValue="5" maxValue="18"/>
	<item id="207002" attrId="21" minValue="35" maxValue="119"/>
	<item id="207002" attrId="23" minValue="35" maxValue="119"/>
	<item id="207002" attrId="4" minValue="6" maxValue="20"/>
	<item id="207002" attrId="8" minValue="6" maxValue="20"/>
	<item id="207002" attrId="33" minValue="30" maxValue="100"/>
	<item id="207002" attrId="34" minValue="30" maxValue="100"/>
	<item id="207002" attrId="35" minValue="30" maxValue="100"/>
	<item id="208002" attrId="9" minValue="182" maxValue="609"/>
	<item id="208002" attrId="57" minValue="5" maxValue="18"/>
	<item id="208002" attrId="21" minValue="35" maxValue="119"/>
	<item id="208002" attrId="23" minValue="35" maxValue="119"/>
	<item id="208002" attrId="4" minValue="7" maxValue="25"/>
	<item id="208002" attrId="8" minValue="7" maxValue="25"/>
	<item id="208002" attrId="33" minValue="30" maxValue="100"/>
	<item id="208002" attrId="34" minValue="30" maxValue="100"/>
	<item id="208002" attrId="35" minValue="30" maxValue="100"/>
	<item id="209002" attrId="9" minValue="204" maxValue="681"/>
	<item id="209002" attrId="57" minValue="5" maxValue="18"/>
	<item id="209002" attrId="21" minValue="35" maxValue="119"/>
	<item id="209002" attrId="23" minValue="35" maxValue="119"/>
	<item id="209002" attrId="4" minValue="9" maxValue="30"/>
	<item id="209002" attrId="8" minValue="9" maxValue="30"/>
	<item id="209002" attrId="33" minValue="30" maxValue="100"/>
	<item id="209002" attrId="34" minValue="30" maxValue="100"/>
	<item id="209002" attrId="35" minValue="30" maxValue="100"/>
	<item id="2010002" attrId="9" minValue="225" maxValue="753"/>
	<item id="2010002" attrId="57" minValue="5" maxValue="18"/>
	<item id="2010002" attrId="21" minValue="35" maxValue="119"/>
	<item id="2010002" attrId="23" minValue="35" maxValue="119"/>
	<item id="2010002" attrId="4" minValue="10" maxValue="35"/>
	<item id="2010002" attrId="8" minValue="10" maxValue="35"/>
	<item id="2010002" attrId="33" minValue="30" maxValue="100"/>
	<item id="2010002" attrId="34" minValue="30" maxValue="100"/>
	<item id="2010002" attrId="35" minValue="30" maxValue="100"/>
	<item id="203003" attrId="10" minValue="74" maxValue="297"/>
	<item id="203003" attrId="59" minValue="2" maxValue="9"/>
	<item id="203003" attrId="12" minValue="74" maxValue="297"/>
	<item id="203003" attrId="60" minValue="2" maxValue="9"/>
	<item id="204003" attrId="10" minValue="93" maxValue="372"/>
	<item id="204003" attrId="59" minValue="2" maxValue="9"/>
	<item id="204003" attrId="12" minValue="93" maxValue="372"/>
	<item id="204003" attrId="60" minValue="2" maxValue="9"/>
	<item id="204003" attrId="3" minValue="1" maxValue="5"/>
	<item id="204003" attrId="5" minValue="1" maxValue="5"/>
	<item id="204003" attrId="33" minValue="7" maxValue="30"/>
	<item id="204003" attrId="34" minValue="7" maxValue="30"/>
	<item id="204003" attrId="35" minValue="7" maxValue="30"/>
	<item id="205003" attrId="10" minValue="147" maxValue="491"/>
	<item id="205003" attrId="59" minValue="3" maxValue="11"/>
	<item id="205003" attrId="12" minValue="147" maxValue="491"/>
	<item id="205003" attrId="60" minValue="3" maxValue="11"/>
	<item id="205003" attrId="3" minValue="3" maxValue="10"/>
	<item id="205003" attrId="5" minValue="3" maxValue="10"/>
	<item id="205003" attrId="33" minValue="24" maxValue="80"/>
	<item id="205003" attrId="34" minValue="24" maxValue="80"/>
	<item id="205003" attrId="35" minValue="24" maxValue="80"/>
	<item id="206003" attrId="10" minValue="174" maxValue="581"/>
	<item id="206003" attrId="59" minValue="3" maxValue="11"/>
	<item id="206003" attrId="12" minValue="174" maxValue="581"/>
	<item id="206003" attrId="60" minValue="3" maxValue="11"/>
	<item id="206003" attrId="3" minValue="4" maxValue="15"/>
	<item id="206003" attrId="5" minValue="4" maxValue="15"/>
	<item id="206003" attrId="33" minValue="30" maxValue="100"/>
	<item id="206003" attrId="34" minValue="30" maxValue="100"/>
	<item id="206003" attrId="35" minValue="30" maxValue="100"/>
	<item id="207003" attrId="10" minValue="201" maxValue="671"/>
	<item id="207003" attrId="59" minValue="3" maxValue="11"/>
	<item id="207003" attrId="12" minValue="201" maxValue="671"/>
	<item id="207003" attrId="60" minValue="3" maxValue="11"/>
	<item id="207003" attrId="3" minValue="6" maxValue="20"/>
	<item id="207003" attrId="5" minValue="6" maxValue="20"/>
	<item id="207003" attrId="33" minValue="30" maxValue="100"/>
	<item id="207003" attrId="34" minValue="30" maxValue="100"/>
	<item id="207003" attrId="35" minValue="30" maxValue="100"/>
	<item id="208003" attrId="10" minValue="228" maxValue="761"/>
	<item id="208003" attrId="59" minValue="3" maxValue="11"/>
	<item id="208003" attrId="12" minValue="228" maxValue="761"/>
	<item id="208003" attrId="60" minValue="3" maxValue="11"/>
	<item id="208003" attrId="3" minValue="7" maxValue="25"/>
	<item id="208003" attrId="5" minValue="7" maxValue="25"/>
	<item id="208003" attrId="33" minValue="30" maxValue="100"/>
	<item id="208003" attrId="34" minValue="30" maxValue="100"/>
	<item id="208003" attrId="35" minValue="30" maxValue="100"/>
	<item id="209003" attrId="10" minValue="255" maxValue="851"/>
	<item id="209003" attrId="59" minValue="3" maxValue="11"/>
	<item id="209003" attrId="12" minValue="255" maxValue="851"/>
	<item id="209003" attrId="60" minValue="3" maxValue="11"/>
	<item id="209003" attrId="3" minValue="9" maxValue="30"/>
	<item id="209003" attrId="5" minValue="9" maxValue="30"/>
	<item id="209003" attrId="33" minValue="30" maxValue="100"/>
	<item id="209003" attrId="34" minValue="30" maxValue="100"/>
	<item id="209003" attrId="35" minValue="30" maxValue="100"/>
	<item id="2010003" attrId="10" minValue="282" maxValue="941"/>
	<item id="2010003" attrId="59" minValue="3" maxValue="11"/>
	<item id="2010003" attrId="12" minValue="282" maxValue="941"/>
	<item id="2010003" attrId="60" minValue="3" maxValue="11"/>
	<item id="2010003" attrId="3" minValue="10" maxValue="35"/>
	<item id="2010003" attrId="5" minValue="10" maxValue="35"/>
	<item id="2010003" attrId="33" minValue="30" maxValue="100"/>
	<item id="2010003" attrId="34" minValue="30" maxValue="100"/>
	<item id="2010003" attrId="35" minValue="30" maxValue="100"/>
	<item id="301000" attrId="2" minValue="33" maxValue="168"/>
	<item id="301000" attrId="10" minValue="17" maxValue="88"/>
	<item id="301000" attrId="12" minValue="17" maxValue="88"/>
	<item id="302000" attrId="2" minValue="67" maxValue="338"/>
	<item id="302000" attrId="10" minValue="35" maxValue="177"/>
	<item id="302000" attrId="12" minValue="35" maxValue="177"/>
	<item id="303000" attrId="2" minValue="141" maxValue="565"/>
	<item id="303000" attrId="56" minValue="2" maxValue="10"/>
	<item id="303000" attrId="10" minValue="74" maxValue="297"/>
	<item id="303000" attrId="59" minValue="2" maxValue="9"/>
	<item id="303000" attrId="12" minValue="74" maxValue="297"/>
	<item id="303000" attrId="60" minValue="2" maxValue="9"/>
	<item id="303000" attrId="24" minValue="17" maxValue="70"/>
	<item id="303000" attrId="26" minValue="17" maxValue="70"/>
	<item id="303000" attrId="27" minValue="17" maxValue="70"/>
	<item id="303000" attrId="28" minValue="17" maxValue="70"/>
	<item id="304000" attrId="2" minValue="177" maxValue="708"/>
	<item id="304000" attrId="56" minValue="2" maxValue="10"/>
	<item id="304000" attrId="10" minValue="93" maxValue="372"/>
	<item id="304000" attrId="59" minValue="2" maxValue="9"/>
	<item id="304000" attrId="12" minValue="93" maxValue="372"/>
	<item id="304000" attrId="60" minValue="2" maxValue="9"/>
	<item id="304000" attrId="24" minValue="17" maxValue="70"/>
	<item id="304000" attrId="26" minValue="17" maxValue="70"/>
	<item id="304000" attrId="27" minValue="17" maxValue="70"/>
	<item id="304000" attrId="28" minValue="17" maxValue="70"/>
	<item id="305000" attrId="2" minValue="280" maxValue="935"/>
	<item id="305000" attrId="56" minValue="3" maxValue="13"/>
	<item id="305000" attrId="10" minValue="147" maxValue="491"/>
	<item id="305000" attrId="59" minValue="3" maxValue="11"/>
	<item id="305000" attrId="12" minValue="147" maxValue="491"/>
	<item id="305000" attrId="60" minValue="3" maxValue="11"/>
	<item id="305000" attrId="24" minValue="25" maxValue="84"/>
	<item id="305000" attrId="26" minValue="25" maxValue="84"/>
	<item id="305000" attrId="27" minValue="25" maxValue="84"/>
	<item id="305000" attrId="28" minValue="25" maxValue="84"/>
	<item id="306000" attrId="2" minValue="331" maxValue="1106"/>
	<item id="306000" attrId="56" minValue="3" maxValue="13"/>
	<item id="306000" attrId="10" minValue="174" maxValue="581"/>
	<item id="306000" attrId="59" minValue="3" maxValue="11"/>
	<item id="306000" attrId="12" minValue="174" maxValue="581"/>
	<item id="306000" attrId="60" minValue="3" maxValue="11"/>
	<item id="306000" attrId="24" minValue="25" maxValue="85"/>
	<item id="306000" attrId="26" minValue="25" maxValue="85"/>
	<item id="306000" attrId="27" minValue="25" maxValue="85"/>
	<item id="306000" attrId="28" minValue="25" maxValue="85"/>
	<item id="301001" attrId="2" minValue="33" maxValue="168"/>
	<item id="301001" attrId="10" minValue="17" maxValue="88"/>
	<item id="301001" attrId="12" minValue="17" maxValue="88"/>
	<item id="302001" attrId="2" minValue="67" maxValue="338"/>
	<item id="302001" attrId="10" minValue="35" maxValue="177"/>
	<item id="302001" attrId="12" minValue="35" maxValue="177"/>
	<item id="303001" attrId="2" minValue="141" maxValue="565"/>
	<item id="303001" attrId="56" minValue="2" maxValue="10"/>
	<item id="303001" attrId="10" minValue="74" maxValue="297"/>
	<item id="303001" attrId="59" minValue="2" maxValue="9"/>
	<item id="303001" attrId="12" minValue="74" maxValue="297"/>
	<item id="303001" attrId="60" minValue="2" maxValue="9"/>
	<item id="303001" attrId="24" minValue="17" maxValue="70"/>
	<item id="303001" attrId="26" minValue="17" maxValue="70"/>
	<item id="303001" attrId="27" minValue="17" maxValue="70"/>
	<item id="303001" attrId="28" minValue="17" maxValue="70"/>
	<item id="304001" attrId="2" minValue="177" maxValue="708"/>
	<item id="304001" attrId="56" minValue="2" maxValue="10"/>
	<item id="304001" attrId="10" minValue="93" maxValue="372"/>
	<item id="304001" attrId="59" minValue="2" maxValue="9"/>
	<item id="304001" attrId="12" minValue="93" maxValue="372"/>
	<item id="304001" attrId="60" minValue="2" maxValue="9"/>
	<item id="304001" attrId="24" minValue="17" maxValue="70"/>
	<item id="304001" attrId="26" minValue="17" maxValue="70"/>
	<item id="304001" attrId="27" minValue="17" maxValue="70"/>
	<item id="304001" attrId="28" minValue="17" maxValue="70"/>
	<item id="305001" attrId="2" minValue="280" maxValue="935"/>
	<item id="305001" attrId="56" minValue="3" maxValue="13"/>
	<item id="305001" attrId="10" minValue="147" maxValue="491"/>
	<item id="305001" attrId="59" minValue="3" maxValue="11"/>
	<item id="305001" attrId="12" minValue="147" maxValue="491"/>
	<item id="305001" attrId="60" minValue="3" maxValue="11"/>
	<item id="305001" attrId="24" minValue="25" maxValue="84"/>
	<item id="305001" attrId="26" minValue="25" maxValue="84"/>
	<item id="305001" attrId="27" minValue="25" maxValue="84"/>
	<item id="305001" attrId="28" minValue="25" maxValue="84"/>
	<item id="306001" attrId="2" minValue="331" maxValue="1106"/>
	<item id="306001" attrId="56" minValue="3" maxValue="13"/>
	<item id="306001" attrId="10" minValue="174" maxValue="581"/>
	<item id="306001" attrId="59" minValue="3" maxValue="11"/>
	<item id="306001" attrId="12" minValue="174" maxValue="581"/>
	<item id="306001" attrId="60" minValue="3" maxValue="11"/>
	<item id="306001" attrId="24" minValue="25" maxValue="85"/>
	<item id="306001" attrId="26" minValue="25" maxValue="85"/>
	<item id="306001" attrId="27" minValue="25" maxValue="85"/>
	<item id="306001" attrId="28" minValue="25" maxValue="85"/>
	<item id="307001" attrId="2" minValue="383" maxValue="1278"/>
	<item id="307001" attrId="56" minValue="3" maxValue="13"/>
	<item id="307001" attrId="10" minValue="201" maxValue="671"/>
	<item id="307001" attrId="59" minValue="3" maxValue="11"/>
	<item id="307001" attrId="12" minValue="201" maxValue="671"/>
	<item id="307001" attrId="60" minValue="3" maxValue="11"/>
	<item id="307001" attrId="24" minValue="25" maxValue="85"/>
	<item id="307001" attrId="26" minValue="25" maxValue="85"/>
	<item id="307001" attrId="27" minValue="0" maxValue="0"/>
	<item id="307001" attrId="28" minValue="0" maxValue="0"/>
	<item id="308001" attrId="2" minValue="434" maxValue="1449"/>
	<item id="308001" attrId="56" minValue="3" maxValue="13"/>
	<item id="308001" attrId="10" minValue="228" maxValue="761"/>
	<item id="308001" attrId="59" minValue="3" maxValue="11"/>
	<item id="308001" attrId="12" minValue="228" maxValue="761"/>
	<item id="308001" attrId="60" minValue="3" maxValue="11"/>
	<item id="308001" attrId="24" minValue="25" maxValue="85"/>
	<item id="308001" attrId="26" minValue="25" maxValue="85"/>
	<item id="308001" attrId="27" minValue="0" maxValue="0"/>
	<item id="308001" attrId="28" minValue="0" maxValue="0"/>
	<item id="309001" attrId="2" minValue="486" maxValue="1620"/>
	<item id="309001" attrId="56" minValue="3" maxValue="13"/>
	<item id="309001" attrId="10" minValue="255" maxValue="851"/>
	<item id="309001" attrId="59" minValue="3" maxValue="11"/>
	<item id="309001" attrId="12" minValue="255" maxValue="851"/>
	<item id="309001" attrId="60" minValue="3" maxValue="11"/>
	<item id="309001" attrId="24" minValue="25" maxValue="85"/>
	<item id="309001" attrId="26" minValue="25" maxValue="85"/>
	<item id="309001" attrId="27" minValue="0" maxValue="0"/>
	<item id="309001" attrId="28" minValue="0" maxValue="0"/>
	<item id="3010001" attrId="2" minValue="537" maxValue="1792"/>
	<item id="3010001" attrId="56" minValue="3" maxValue="13"/>
	<item id="3010001" attrId="10" minValue="282" maxValue="941"/>
	<item id="3010001" attrId="59" minValue="3" maxValue="11"/>
	<item id="3010001" attrId="12" minValue="282" maxValue="941"/>
	<item id="3010001" attrId="60" minValue="3" maxValue="11"/>
	<item id="3010001" attrId="24" minValue="25" maxValue="85"/>
	<item id="3010001" attrId="26" minValue="25" maxValue="85"/>
	<item id="3010001" attrId="27" minValue="0" maxValue="0"/>
	<item id="3010001" attrId="28" minValue="0" maxValue="0"/>
	<item id="301002" attrId="2" minValue="33" maxValue="168"/>
	<item id="301002" attrId="10" minValue="17" maxValue="88"/>
	<item id="301002" attrId="12" minValue="17" maxValue="88"/>
	<item id="302002" attrId="2" minValue="67" maxValue="338"/>
	<item id="302002" attrId="10" minValue="35" maxValue="177"/>
	<item id="302002" attrId="12" minValue="35" maxValue="177"/>
	<item id="303002" attrId="2" minValue="141" maxValue="565"/>
	<item id="303002" attrId="56" minValue="2" maxValue="10"/>
	<item id="303002" attrId="10" minValue="74" maxValue="297"/>
	<item id="303002" attrId="59" minValue="2" maxValue="9"/>
	<item id="303002" attrId="12" minValue="74" maxValue="297"/>
	<item id="303002" attrId="60" minValue="2" maxValue="9"/>
	<item id="303002" attrId="24" minValue="17" maxValue="70"/>
	<item id="303002" attrId="26" minValue="17" maxValue="70"/>
	<item id="303002" attrId="27" minValue="17" maxValue="70"/>
	<item id="303002" attrId="28" minValue="17" maxValue="70"/>
	<item id="304002" attrId="2" minValue="177" maxValue="708"/>
	<item id="304002" attrId="56" minValue="2" maxValue="10"/>
	<item id="304002" attrId="10" minValue="93" maxValue="372"/>
	<item id="304002" attrId="59" minValue="2" maxValue="9"/>
	<item id="304002" attrId="12" minValue="93" maxValue="372"/>
	<item id="304002" attrId="60" minValue="2" maxValue="9"/>
	<item id="304002" attrId="24" minValue="17" maxValue="70"/>
	<item id="304002" attrId="26" minValue="17" maxValue="70"/>
	<item id="304002" attrId="27" minValue="17" maxValue="70"/>
	<item id="304002" attrId="28" minValue="17" maxValue="70"/>
	<item id="305002" attrId="2" minValue="280" maxValue="935"/>
	<item id="305002" attrId="56" minValue="3" maxValue="13"/>
	<item id="305002" attrId="10" minValue="147" maxValue="491"/>
	<item id="305002" attrId="59" minValue="3" maxValue="11"/>
	<item id="305002" attrId="12" minValue="147" maxValue="491"/>
	<item id="305002" attrId="60" minValue="3" maxValue="11"/>
	<item id="305002" attrId="24" minValue="25" maxValue="84"/>
	<item id="305002" attrId="26" minValue="25" maxValue="84"/>
	<item id="305002" attrId="27" minValue="25" maxValue="84"/>
	<item id="305002" attrId="28" minValue="25" maxValue="84"/>
	<item id="306002" attrId="2" minValue="331" maxValue="1106"/>
	<item id="306002" attrId="56" minValue="3" maxValue="13"/>
	<item id="306002" attrId="10" minValue="174" maxValue="581"/>
	<item id="306002" attrId="59" minValue="3" maxValue="11"/>
	<item id="306002" attrId="12" minValue="174" maxValue="581"/>
	<item id="306002" attrId="60" minValue="3" maxValue="11"/>
	<item id="306002" attrId="24" minValue="25" maxValue="85"/>
	<item id="306002" attrId="26" minValue="25" maxValue="85"/>
	<item id="306002" attrId="27" minValue="25" maxValue="85"/>
	<item id="306002" attrId="28" minValue="25" maxValue="85"/>
	<item id="307002" attrId="2" minValue="383" maxValue="1278"/>
	<item id="307002" attrId="56" minValue="3" maxValue="13"/>
	<item id="307002" attrId="10" minValue="201" maxValue="671"/>
	<item id="307002" attrId="59" minValue="3" maxValue="11"/>
	<item id="307002" attrId="12" minValue="201" maxValue="671"/>
	<item id="307002" attrId="60" minValue="3" maxValue="11"/>
	<item id="307002" attrId="24" minValue="25" maxValue="85"/>
	<item id="307002" attrId="26" minValue="25" maxValue="85"/>
	<item id="307002" attrId="27" minValue="0" maxValue="0"/>
	<item id="307002" attrId="28" minValue="0" maxValue="0"/>
	<item id="308002" attrId="2" minValue="434" maxValue="1449"/>
	<item id="308002" attrId="56" minValue="3" maxValue="13"/>
	<item id="308002" attrId="10" minValue="228" maxValue="761"/>
	<item id="308002" attrId="59" minValue="3" maxValue="11"/>
	<item id="308002" attrId="12" minValue="228" maxValue="761"/>
	<item id="308002" attrId="60" minValue="3" maxValue="11"/>
	<item id="308002" attrId="24" minValue="25" maxValue="85"/>
	<item id="308002" attrId="26" minValue="25" maxValue="85"/>
	<item id="308002" attrId="27" minValue="0" maxValue="0"/>
	<item id="308002" attrId="28" minValue="0" maxValue="0"/>
	<item id="309002" attrId="2" minValue="486" maxValue="1620"/>
	<item id="309002" attrId="56" minValue="3" maxValue="13"/>
	<item id="309002" attrId="10" minValue="255" maxValue="851"/>
	<item id="309002" attrId="59" minValue="3" maxValue="11"/>
	<item id="309002" attrId="12" minValue="255" maxValue="851"/>
	<item id="309002" attrId="60" minValue="3" maxValue="11"/>
	<item id="309002" attrId="24" minValue="25" maxValue="85"/>
	<item id="309002" attrId="26" minValue="25" maxValue="85"/>
	<item id="309002" attrId="27" minValue="0" maxValue="0"/>
	<item id="309002" attrId="28" minValue="0" maxValue="0"/>
	<item id="3010002" attrId="2" minValue="537" maxValue="1792"/>
	<item id="3010002" attrId="56" minValue="3" maxValue="13"/>
	<item id="3010002" attrId="10" minValue="282" maxValue="941"/>
	<item id="3010002" attrId="59" minValue="3" maxValue="11"/>
	<item id="3010002" attrId="12" minValue="282" maxValue="941"/>
	<item id="3010002" attrId="60" minValue="3" maxValue="11"/>
	<item id="3010002" attrId="24" minValue="25" maxValue="85"/>
	<item id="3010002" attrId="26" minValue="25" maxValue="85"/>
	<item id="3010002" attrId="27" minValue="0" maxValue="0"/>
	<item id="3010002" attrId="28" minValue="0" maxValue="0"/>
	<item id="301003" attrId="2" minValue="33" maxValue="168"/>
	<item id="301003" attrId="10" minValue="17" maxValue="88"/>
	<item id="301003" attrId="12" minValue="17" maxValue="88"/>
	<item id="302003" attrId="2" minValue="67" maxValue="338"/>
	<item id="302003" attrId="10" minValue="35" maxValue="177"/>
	<item id="302003" attrId="12" minValue="35" maxValue="177"/>
	<item id="303003" attrId="2" minValue="141" maxValue="565"/>
	<item id="303003" attrId="56" minValue="2" maxValue="10"/>
	<item id="303003" attrId="10" minValue="74" maxValue="297"/>
	<item id="303003" attrId="59" minValue="2" maxValue="9"/>
	<item id="303003" attrId="12" minValue="74" maxValue="297"/>
	<item id="303003" attrId="60" minValue="2" maxValue="9"/>
	<item id="303003" attrId="24" minValue="17" maxValue="70"/>
	<item id="303003" attrId="26" minValue="17" maxValue="70"/>
	<item id="303003" attrId="27" minValue="17" maxValue="70"/>
	<item id="303003" attrId="28" minValue="17" maxValue="70"/>
	<item id="304003" attrId="2" minValue="177" maxValue="708"/>
	<item id="304003" attrId="56" minValue="2" maxValue="10"/>
	<item id="304003" attrId="10" minValue="93" maxValue="372"/>
	<item id="304003" attrId="59" minValue="2" maxValue="9"/>
	<item id="304003" attrId="12" minValue="93" maxValue="372"/>
	<item id="304003" attrId="60" minValue="2" maxValue="9"/>
	<item id="304003" attrId="24" minValue="17" maxValue="70"/>
	<item id="304003" attrId="26" minValue="17" maxValue="70"/>
	<item id="304003" attrId="27" minValue="17" maxValue="70"/>
	<item id="304003" attrId="28" minValue="17" maxValue="70"/>
	<item id="305003" attrId="2" minValue="280" maxValue="935"/>
	<item id="305003" attrId="56" minValue="3" maxValue="13"/>
	<item id="305003" attrId="10" minValue="147" maxValue="491"/>
	<item id="305003" attrId="59" minValue="3" maxValue="11"/>
	<item id="305003" attrId="12" minValue="147" maxValue="491"/>
	<item id="305003" attrId="60" minValue="3" maxValue="11"/>
	<item id="305003" attrId="24" minValue="25" maxValue="84"/>
	<item id="305003" attrId="26" minValue="25" maxValue="84"/>
	<item id="305003" attrId="27" minValue="25" maxValue="84"/>
	<item id="305003" attrId="28" minValue="25" maxValue="84"/>
	<item id="306003" attrId="2" minValue="331" maxValue="1106"/>
	<item id="306003" attrId="56" minValue="3" maxValue="13"/>
	<item id="306003" attrId="10" minValue="174" maxValue="581"/>
	<item id="306003" attrId="59" minValue="3" maxValue="11"/>
	<item id="306003" attrId="12" minValue="174" maxValue="581"/>
	<item id="306003" attrId="60" minValue="3" maxValue="11"/>
	<item id="306003" attrId="24" minValue="25" maxValue="85"/>
	<item id="306003" attrId="26" minValue="25" maxValue="85"/>
	<item id="306003" attrId="27" minValue="25" maxValue="85"/>
	<item id="306003" attrId="28" minValue="25" maxValue="85"/>
	<item id="307003" attrId="2" minValue="383" maxValue="1278"/>
	<item id="307003" attrId="56" minValue="3" maxValue="13"/>
	<item id="307003" attrId="10" minValue="201" maxValue="671"/>
	<item id="307003" attrId="59" minValue="3" maxValue="11"/>
	<item id="307003" attrId="12" minValue="201" maxValue="671"/>
	<item id="307003" attrId="60" minValue="3" maxValue="11"/>
	<item id="307003" attrId="24" minValue="25" maxValue="85"/>
	<item id="307003" attrId="26" minValue="25" maxValue="85"/>
	<item id="307003" attrId="27" minValue="0" maxValue="0"/>
	<item id="307003" attrId="28" minValue="0" maxValue="0"/>
	<item id="308003" attrId="2" minValue="434" maxValue="1449"/>
	<item id="308003" attrId="56" minValue="3" maxValue="13"/>
	<item id="308003" attrId="10" minValue="228" maxValue="761"/>
	<item id="308003" attrId="59" minValue="3" maxValue="11"/>
	<item id="308003" attrId="12" minValue="228" maxValue="761"/>
	<item id="308003" attrId="60" minValue="3" maxValue="11"/>
	<item id="308003" attrId="24" minValue="25" maxValue="85"/>
	<item id="308003" attrId="26" minValue="25" maxValue="85"/>
	<item id="308003" attrId="27" minValue="0" maxValue="0"/>
	<item id="308003" attrId="28" minValue="0" maxValue="0"/>
	<item id="309003" attrId="2" minValue="486" maxValue="1620"/>
	<item id="309003" attrId="56" minValue="3" maxValue="13"/>
	<item id="309003" attrId="10" minValue="255" maxValue="851"/>
	<item id="309003" attrId="59" minValue="3" maxValue="11"/>
	<item id="309003" attrId="12" minValue="255" maxValue="851"/>
	<item id="309003" attrId="60" minValue="3" maxValue="11"/>
	<item id="309003" attrId="24" minValue="25" maxValue="85"/>
	<item id="309003" attrId="26" minValue="25" maxValue="85"/>
	<item id="309003" attrId="27" minValue="0" maxValue="0"/>
	<item id="309003" attrId="28" minValue="0" maxValue="0"/>
	<item id="3010003" attrId="2" minValue="537" maxValue="1792"/>
	<item id="3010003" attrId="56" minValue="3" maxValue="13"/>
	<item id="3010003" attrId="10" minValue="282" maxValue="941"/>
	<item id="3010003" attrId="59" minValue="3" maxValue="11"/>
	<item id="3010003" attrId="12" minValue="282" maxValue="941"/>
	<item id="3010003" attrId="60" minValue="3" maxValue="11"/>
	<item id="3010003" attrId="24" minValue="25" maxValue="85"/>
	<item id="3010003" attrId="26" minValue="25" maxValue="85"/>
	<item id="3010003" attrId="27" minValue="0" maxValue="0"/>
	<item id="3010003" attrId="28" minValue="0" maxValue="0"/>
	<item id="402000" attrId="9" minValue="28" maxValue="142"/>
	<item id="402000" attrId="11" minValue="28" maxValue="142"/>
	<item id="402000" attrId="21" minValue="15" maxValue="78"/>
	<item id="402000" attrId="22" minValue="15" maxValue="78"/>
	<item id="403000" attrId="9" minValue="59" maxValue="237"/>
	<item id="403000" attrId="57" minValue="3" maxValue="15"/>
	<item id="403000" attrId="11" minValue="59" maxValue="237"/>
	<item id="403000" attrId="58" minValue="6" maxValue="25"/>
	<item id="403000" attrId="21" minValue="24" maxValue="98"/>
	<item id="403000" attrId="23" minValue="24" maxValue="98"/>
	<item id="403000" attrId="22" minValue="24" maxValue="98"/>
	<item id="403000" attrId="25" minValue="24" maxValue="98"/>
	<item id="404000" attrId="9" minValue="74" maxValue="297"/>
	<item id="404000" attrId="57" minValue="3" maxValue="15"/>
	<item id="404000" attrId="11" minValue="74" maxValue="297"/>
	<item id="404000" attrId="58" minValue="6" maxValue="25"/>
	<item id="404000" attrId="21" minValue="24" maxValue="99"/>
	<item id="404000" attrId="23" minValue="24" maxValue="99"/>
	<item id="404000" attrId="22" minValue="24" maxValue="99"/>
	<item id="404000" attrId="25" minValue="24" maxValue="99"/>
	<item id="404001" attrId="9" minValue="74" maxValue="297"/>
	<item id="404001" attrId="57" minValue="3" maxValue="14"/>
	<item id="404001" attrId="11" minValue="74" maxValue="297"/>
	<item id="404001" attrId="58" minValue="5" maxValue="23"/>
	<item id="404001" attrId="21" minValue="24" maxValue="99"/>
	<item id="404001" attrId="23" minValue="24" maxValue="99"/>
	<item id="404001" attrId="22" minValue="24" maxValue="99"/>
	<item id="404001" attrId="25" minValue="24" maxValue="99"/>
	<item id="404002" attrId="9" minValue="74" maxValue="297"/>
	<item id="404002" attrId="57" minValue="3" maxValue="14"/>
	<item id="404002" attrId="11" minValue="74" maxValue="297"/>
	<item id="404002" attrId="58" minValue="5" maxValue="23"/>
	<item id="404002" attrId="21" minValue="24" maxValue="99"/>
	<item id="404002" attrId="23" minValue="24" maxValue="99"/>
	<item id="404002" attrId="22" minValue="24" maxValue="99"/>
	<item id="404002" attrId="25" minValue="24" maxValue="99"/>
	<item id="404003" attrId="9" minValue="74" maxValue="297"/>
	<item id="404003" attrId="57" minValue="3" maxValue="14"/>
	<item id="404003" attrId="11" minValue="74" maxValue="297"/>
	<item id="404003" attrId="58" minValue="5" maxValue="23"/>
	<item id="404003" attrId="21" minValue="24" maxValue="99"/>
	<item id="404003" attrId="23" minValue="24" maxValue="99"/>
	<item id="404003" attrId="22" minValue="24" maxValue="99"/>
	<item id="404003" attrId="25" minValue="24" maxValue="99"/>
	<item id="405001" attrId="11" minValue="117" maxValue="393"/>
	<item id="405001" attrId="58" minValue="9" maxValue="30"/>
	<item id="405001" attrId="22" minValue="35" maxValue="118"/>
	<item id="405001" attrId="25" minValue="35" maxValue="118"/>
	<item id="405001" attrId="42" minValue="18" maxValue="60"/>
	<item id="405001" attrId="40" minValue="18" maxValue="60"/>
	<item id="405001" attrId="41" minValue="18" maxValue="60"/>
	<item id="405001" attrId="36" minValue="18" maxValue="60"/>
	<item id="406001" attrId="11" minValue="139" maxValue="465"/>
	<item id="406001" attrId="58" minValue="9" maxValue="30"/>
	<item id="406001" attrId="22" minValue="35" maxValue="119"/>
	<item id="406001" attrId="25" minValue="35" maxValue="119"/>
	<item id="406001" attrId="42" minValue="24" maxValue="80"/>
	<item id="406001" attrId="40" minValue="24" maxValue="80"/>
	<item id="406001" attrId="41" minValue="24" maxValue="80"/>
	<item id="406001" attrId="36" minValue="24" maxValue="80"/>
	<item id="407001" attrId="11" minValue="161" maxValue="537"/>
	<item id="407001" attrId="58" minValue="9" maxValue="30"/>
	<item id="407001" attrId="22" minValue="35" maxValue="119"/>
	<item id="407001" attrId="25" minValue="35" maxValue="119"/>
	<item id="407001" attrId="42" minValue="24" maxValue="80"/>
	<item id="407001" attrId="40" minValue="24" maxValue="80"/>
	<item id="407001" attrId="41" minValue="24" maxValue="80"/>
	<item id="407001" attrId="36" minValue="24" maxValue="80"/>
	<item id="408001" attrId="11" minValue="182" maxValue="609"/>
	<item id="408001" attrId="58" minValue="9" maxValue="30"/>
	<item id="408001" attrId="22" minValue="35" maxValue="119"/>
	<item id="408001" attrId="25" minValue="35" maxValue="119"/>
	<item id="408001" attrId="42" minValue="24" maxValue="80"/>
	<item id="408001" attrId="40" minValue="24" maxValue="80"/>
	<item id="408001" attrId="41" minValue="24" maxValue="80"/>
	<item id="408001" attrId="36" minValue="24" maxValue="80"/>
	<item id="409001" attrId="11" minValue="204" maxValue="681"/>
	<item id="409001" attrId="58" minValue="9" maxValue="30"/>
	<item id="409001" attrId="22" minValue="35" maxValue="119"/>
	<item id="409001" attrId="25" minValue="35" maxValue="119"/>
	<item id="409001" attrId="42" minValue="24" maxValue="80"/>
	<item id="409001" attrId="40" minValue="24" maxValue="80"/>
	<item id="409001" attrId="41" minValue="24" maxValue="80"/>
	<item id="409001" attrId="36" minValue="24" maxValue="80"/>
	<item id="4010001" attrId="11" minValue="225" maxValue="753"/>
	<item id="4010001" attrId="58" minValue="9" maxValue="30"/>
	<item id="4010001" attrId="22" minValue="35" maxValue="119"/>
	<item id="4010001" attrId="25" minValue="35" maxValue="119"/>
	<item id="4010001" attrId="42" minValue="24" maxValue="80"/>
	<item id="4010001" attrId="40" minValue="24" maxValue="80"/>
	<item id="4010001" attrId="41" minValue="24" maxValue="80"/>
	<item id="4010001" attrId="36" minValue="24" maxValue="80"/>
	<item id="405002" attrId="9" minValue="117" maxValue="393"/>
	<item id="405002" attrId="57" minValue="5" maxValue="18"/>
	<item id="405002" attrId="21" minValue="35" maxValue="118"/>
	<item id="405002" attrId="23" minValue="35" maxValue="118"/>
	<item id="405002" attrId="42" minValue="18" maxValue="60"/>
	<item id="405002" attrId="40" minValue="18" maxValue="60"/>
	<item id="405002" attrId="41" minValue="18" maxValue="60"/>
	<item id="405002" attrId="36" minValue="18" maxValue="60"/>
	<item id="406002" attrId="9" minValue="139" maxValue="465"/>
	<item id="406002" attrId="57" minValue="5" maxValue="18"/>
	<item id="406002" attrId="21" minValue="35" maxValue="119"/>
	<item id="406002" attrId="23" minValue="35" maxValue="119"/>
	<item id="406002" attrId="42" minValue="24" maxValue="80"/>
	<item id="406002" attrId="40" minValue="24" maxValue="80"/>
	<item id="406002" attrId="41" minValue="24" maxValue="80"/>
	<item id="406002" attrId="36" minValue="24" maxValue="80"/>
	<item id="407002" attrId="9" minValue="161" maxValue="537"/>
	<item id="407002" attrId="57" minValue="5" maxValue="18"/>
	<item id="407002" attrId="21" minValue="35" maxValue="119"/>
	<item id="407002" attrId="23" minValue="35" maxValue="119"/>
	<item id="407002" attrId="42" minValue="24" maxValue="80"/>
	<item id="407002" attrId="40" minValue="24" maxValue="80"/>
	<item id="407002" attrId="41" minValue="24" maxValue="80"/>
	<item id="407002" attrId="36" minValue="24" maxValue="80"/>
	<item id="408002" attrId="9" minValue="182" maxValue="609"/>
	<item id="408002" attrId="57" minValue="5" maxValue="18"/>
	<item id="408002" attrId="21" minValue="35" maxValue="119"/>
	<item id="408002" attrId="23" minValue="35" maxValue="119"/>
	<item id="408002" attrId="42" minValue="24" maxValue="80"/>
	<item id="408002" attrId="40" minValue="24" maxValue="80"/>
	<item id="408002" attrId="41" minValue="24" maxValue="80"/>
	<item id="408002" attrId="36" minValue="24" maxValue="80"/>
	<item id="409002" attrId="9" minValue="204" maxValue="681"/>
	<item id="409002" attrId="57" minValue="5" maxValue="18"/>
	<item id="409002" attrId="21" minValue="35" maxValue="119"/>
	<item id="409002" attrId="23" minValue="35" maxValue="119"/>
	<item id="409002" attrId="42" minValue="24" maxValue="80"/>
	<item id="409002" attrId="40" minValue="24" maxValue="80"/>
	<item id="409002" attrId="41" minValue="24" maxValue="80"/>
	<item id="409002" attrId="36" minValue="24" maxValue="80"/>
	<item id="4010002" attrId="9" minValue="225" maxValue="753"/>
	<item id="4010002" attrId="57" minValue="5" maxValue="18"/>
	<item id="4010002" attrId="21" minValue="35" maxValue="119"/>
	<item id="4010002" attrId="23" minValue="35" maxValue="119"/>
	<item id="4010002" attrId="42" minValue="24" maxValue="80"/>
	<item id="4010002" attrId="40" minValue="24" maxValue="80"/>
	<item id="4010002" attrId="41" minValue="24" maxValue="80"/>
	<item id="4010002" attrId="36" minValue="24" maxValue="80"/>
	<item id="405003" attrId="9" minValue="117" maxValue="393"/>
	<item id="405003" attrId="57" minValue="5" maxValue="18"/>
	<item id="405003" attrId="21" minValue="35" maxValue="118"/>
	<item id="405003" attrId="23" minValue="35" maxValue="118"/>
	<item id="405003" attrId="42" minValue="18" maxValue="60"/>
	<item id="405003" attrId="40" minValue="18" maxValue="60"/>
	<item id="405003" attrId="41" minValue="18" maxValue="60"/>
	<item id="405003" attrId="36" minValue="18" maxValue="60"/>
	<item id="406003" attrId="9" minValue="139" maxValue="465"/>
	<item id="406003" attrId="57" minValue="5" maxValue="18"/>
	<item id="406003" attrId="21" minValue="35" maxValue="119"/>
	<item id="406003" attrId="23" minValue="35" maxValue="119"/>
	<item id="406003" attrId="42" minValue="24" maxValue="80"/>
	<item id="406003" attrId="40" minValue="24" maxValue="80"/>
	<item id="406003" attrId="41" minValue="24" maxValue="80"/>
	<item id="406003" attrId="36" minValue="24" maxValue="80"/>
	<item id="407003" attrId="9" minValue="161" maxValue="537"/>
	<item id="407003" attrId="57" minValue="5" maxValue="18"/>
	<item id="407003" attrId="21" minValue="35" maxValue="119"/>
	<item id="407003" attrId="23" minValue="35" maxValue="119"/>
	<item id="407003" attrId="42" minValue="24" maxValue="80"/>
	<item id="407003" attrId="40" minValue="24" maxValue="80"/>
	<item id="407003" attrId="41" minValue="24" maxValue="80"/>
	<item id="407003" attrId="36" minValue="24" maxValue="80"/>
	<item id="408003" attrId="9" minValue="182" maxValue="609"/>
	<item id="408003" attrId="57" minValue="5" maxValue="18"/>
	<item id="408003" attrId="21" minValue="35" maxValue="119"/>
	<item id="408003" attrId="23" minValue="35" maxValue="119"/>
	<item id="408003" attrId="42" minValue="24" maxValue="80"/>
	<item id="408003" attrId="40" minValue="24" maxValue="80"/>
	<item id="408003" attrId="41" minValue="24" maxValue="80"/>
	<item id="408003" attrId="36" minValue="24" maxValue="80"/>
	<item id="409003" attrId="9" minValue="204" maxValue="681"/>
	<item id="409003" attrId="57" minValue="5" maxValue="18"/>
	<item id="409003" attrId="21" minValue="35" maxValue="119"/>
	<item id="409003" attrId="23" minValue="35" maxValue="119"/>
	<item id="409003" attrId="42" minValue="24" maxValue="80"/>
	<item id="409003" attrId="40" minValue="24" maxValue="80"/>
	<item id="409003" attrId="41" minValue="24" maxValue="80"/>
	<item id="409003" attrId="36" minValue="24" maxValue="80"/>
	<item id="4010003" attrId="9" minValue="225" maxValue="753"/>
	<item id="4010003" attrId="57" minValue="5" maxValue="18"/>
	<item id="4010003" attrId="21" minValue="35" maxValue="119"/>
	<item id="4010003" attrId="23" minValue="35" maxValue="119"/>
	<item id="4010003" attrId="42" minValue="24" maxValue="80"/>
	<item id="4010003" attrId="40" minValue="24" maxValue="80"/>
	<item id="4010003" attrId="41" minValue="24" maxValue="80"/>
	<item id="4010003" attrId="36" minValue="24" maxValue="80"/>
</items>