<items>
	<item minLevel="1" maxLevel="19">
		<level stoneNum="1" level="1" client_fail_add_chance_max="0" successRate="1000" client_chance="1000" revert_item_num="1" stoneType="80101" costMoney="500" attributeAddition="100" client_fail_add_chance_min="0" revert_coin="500"/>
		<level stoneNum="1" level="2" client_fail_add_chance_max="30" successRate="850" client_chance="850" revert_item_num="2" stoneType="80101" costMoney="550" attributeAddition="200" client_fail_add_chance_min="0" revert_coin="1050"/>
		<level stoneNum="2" level="3" client_fail_add_chance_max="20" successRate="700" client_chance="700" revert_item_num="4" stoneType="80101" costMoney="600" attributeAddition="350" client_fail_add_chance_min="0" revert_coin="1650"/>
		<level stoneNum="2" level="4" client_fail_add_chance_max="20" successRate="550" client_chance="550" revert_item_num="8" stoneType="80101" costMoney="650" attributeAddition="550" client_fail_add_chance_min="10" revert_coin="2950"/>
		<level stoneNum="3" level="5" client_fail_add_chance_max="20" successRate="400" client_chance="400" revert_item_num="14" stoneType="80101" costMoney="700" attributeAddition="850" client_fail_add_chance_min="10" revert_coin="4350"/>
		<level stoneNum="3" level="6" client_fail_add_chance_max="20" successRate="200" client_chance="200" revert_item_num="23" stoneType="80101" costMoney="750" attributeAddition="1250" client_fail_add_chance_min="10" revert_coin="6600"/>
		<level stoneNum="4" level="7" client_fail_add_chance_max="20" successRate="150" client_chance="150" revert_item_num="39" stoneType="80101" costMoney="800" attributeAddition="1750" client_fail_add_chance_min="5" revert_coin="9800"/>
		<level stoneNum="4" level="8" client_fail_add_chance_max="20" successRate="100" client_chance="100" revert_item_num="59" stoneType="80101" costMoney="850" attributeAddition="2350" client_fail_add_chance_min="5" revert_coin="14050"/>
		<level stoneNum="5" level="9" client_fail_add_chance_max="10" successRate="50" client_chance="50" revert_item_num="84" stoneType="80101" costMoney="900" attributeAddition="3050" client_fail_add_chance_min="2" revert_coin="18550"/>
		<level stoneNum="5" level="10" client_fail_add_chance_max="10" successRate="10" client_chance="10" revert_item_num="134" stoneType="80101" costMoney="950" attributeAddition="3850" client_fail_add_chance_min="2" revert_coin="28050"/>
	</item>
	<item minLevel="20" maxLevel="29">
		<level stoneNum="1" level="1" client_fail_add_chance_max="0" successRate="1000" client_chance="1000" revert_item_num="1" stoneType="80101" costMoney="1000" attributeAddition="100" client_fail_add_chance_min="0" revert_coin="500"/>
		<level stoneNum="1" level="2" client_fail_add_chance_max="30" successRate="850" client_chance="850" revert_item_num="2" stoneType="80101" costMoney="1050" attributeAddition="200" client_fail_add_chance_min="0" revert_coin="1050"/>
		<level stoneNum="2" level="3" client_fail_add_chance_max="20" successRate="700" client_chance="700" revert_item_num="4" stoneType="80101" costMoney="1100" attributeAddition="350" client_fail_add_chance_min="0" revert_coin="1650"/>
		<level stoneNum="2" level="4" client_fail_add_chance_max="20" successRate="550" client_chance="550" revert_item_num="8" stoneType="80101" costMoney="1150" attributeAddition="550" client_fail_add_chance_min="10" revert_coin="2950"/>
		<level stoneNum="3" level="5" client_fail_add_chance_max="20" successRate="400" client_chance="400" revert_item_num="14" stoneType="80101" costMoney="1200" attributeAddition="850" client_fail_add_chance_min="10" revert_coin="4350"/>
		<level stoneNum="3" level="6" client_fail_add_chance_max="20" successRate="200" client_chance="200" revert_item_num="23" stoneType="80101" costMoney="1250" attributeAddition="1250" client_fail_add_chance_min="10" revert_coin="6600"/>
		<level stoneNum="4" level="7" client_fail_add_chance_max="20" successRate="150" client_chance="150" revert_item_num="39" stoneType="80101" costMoney="1300" attributeAddition="1750" client_fail_add_chance_min="5" revert_coin="9800"/>
		<level stoneNum="4" level="8" client_fail_add_chance_max="20" successRate="100" client_chance="100" revert_item_num="59" stoneType="80101" costMoney="1350" attributeAddition="2350" client_fail_add_chance_min="5" revert_coin="14050"/>
		<level stoneNum="5" level="9" client_fail_add_chance_max="10" successRate="50" client_chance="50" revert_item_num="84" stoneType="80101" costMoney="1400" attributeAddition="3050" client_fail_add_chance_min="2" revert_coin="18550"/>
		<level stoneNum="5" level="10" client_fail_add_chance_max="10" successRate="10" client_chance="10" revert_item_num="134" stoneType="80101" costMoney="1450" attributeAddition="3850" client_fail_add_chance_min="2" revert_coin="28050"/>
	</item>
	<item minLevel="30" maxLevel="39">
		<level stoneNum="1" level="1" client_fail_add_chance_max="0" successRate="1000" client_chance="1000" revert_item_num="1" stoneType="80101" costMoney="1500" attributeAddition="100" client_fail_add_chance_min="0" revert_coin="1500"/>
		<level stoneNum="1" level="2" client_fail_add_chance_max="30" successRate="850" client_chance="850" revert_item_num="2" stoneType="80101" costMoney="1550" attributeAddition="200" client_fail_add_chance_min="0" revert_coin="3050"/>
		<level stoneNum="2" level="3" client_fail_add_chance_max="20" successRate="700" client_chance="700" revert_item_num="4" stoneType="80101" costMoney="1600" attributeAddition="350" client_fail_add_chance_min="0" revert_coin="4650"/>
		<level stoneNum="2" level="4" client_fail_add_chance_max="20" successRate="550" client_chance="550" revert_item_num="8" stoneType="80101" costMoney="1650" attributeAddition="550" client_fail_add_chance_min="10" revert_coin="7950"/>
		<level stoneNum="3" level="5" client_fail_add_chance_max="20" successRate="400" client_chance="400" revert_item_num="14" stoneType="80101" costMoney="1700" attributeAddition="850" client_fail_add_chance_min="10" revert_coin="11350"/>
		<level stoneNum="3" level="6" client_fail_add_chance_max="20" successRate="200" client_chance="200" revert_item_num="23" stoneType="80101" costMoney="1750" attributeAddition="1250" client_fail_add_chance_min="10" revert_coin="16600"/>
		<level stoneNum="4" level="7" client_fail_add_chance_max="20" successRate="150" client_chance="150" revert_item_num="39" stoneType="80101" costMoney="1800" attributeAddition="1750" client_fail_add_chance_min="5" revert_coin="23800"/>
		<level stoneNum="4" level="8" client_fail_add_chance_max="20" successRate="100" client_chance="100" revert_item_num="59" stoneType="80101" costMoney="1850" attributeAddition="2350" client_fail_add_chance_min="5" revert_coin="33050"/>
		<level stoneNum="5" level="9" client_fail_add_chance_max="10" successRate="50" client_chance="50" revert_item_num="84" stoneType="80101" costMoney="1900" attributeAddition="3050" client_fail_add_chance_min="2" revert_coin="42550"/>
		<level stoneNum="5" level="10" client_fail_add_chance_max="10" successRate="10" client_chance="10" revert_item_num="134" stoneType="80101" costMoney="1950" attributeAddition="3850" client_fail_add_chance_min="2" revert_coin="62050"/>
	</item>
	<item minLevel="40" maxLevel="49">
		<level stoneNum="1" level="1" client_fail_add_chance_max="0" successRate="1000" client_chance="1000" revert_item_num="1" stoneType="80101" costMoney="2000" attributeAddition="100" client_fail_add_chance_min="0" revert_coin="1500"/>
		<level stoneNum="1" level="2" client_fail_add_chance_max="30" successRate="850" client_chance="850" revert_item_num="2" stoneType="80101" costMoney="2100" attributeAddition="200" client_fail_add_chance_min="0" revert_coin="3050"/>
		<level stoneNum="2" level="3" client_fail_add_chance_max="20" successRate="700" client_chance="700" revert_item_num="4" stoneType="80101" costMoney="2200" attributeAddition="350" client_fail_add_chance_min="0" revert_coin="4650"/>
		<level stoneNum="2" level="4" client_fail_add_chance_max="20" successRate="550" client_chance="550" revert_item_num="8" stoneType="80101" costMoney="2300" attributeAddition="550" client_fail_add_chance_min="10" revert_coin="7950"/>
		<level stoneNum="3" level="5" client_fail_add_chance_max="20" successRate="400" client_chance="400" revert_item_num="14" stoneType="80101" costMoney="2400" attributeAddition="850" client_fail_add_chance_min="10" revert_coin="11350"/>
		<level stoneNum="3" level="6" client_fail_add_chance_max="20" successRate="200" client_chance="200" revert_item_num="23" stoneType="80101" costMoney="2500" attributeAddition="1250" client_fail_add_chance_min="10" revert_coin="16600"/>
		<level stoneNum="4" level="7" client_fail_add_chance_max="20" successRate="150" client_chance="150" revert_item_num="39" stoneType="80101" costMoney="2600" attributeAddition="1750" client_fail_add_chance_min="5" revert_coin="23800"/>
		<level stoneNum="4" level="8" client_fail_add_chance_max="20" successRate="100" client_chance="100" revert_item_num="59" stoneType="80101" costMoney="2700" attributeAddition="2350" client_fail_add_chance_min="5" revert_coin="33050"/>
		<level stoneNum="5" level="9" client_fail_add_chance_max="10" successRate="50" client_chance="50" revert_item_num="84" stoneType="80101" costMoney="2800" attributeAddition="3050" client_fail_add_chance_min="2" revert_coin="42550"/>
		<level stoneNum="5" level="10" client_fail_add_chance_max="10" successRate="10" client_chance="10" revert_item_num="134" stoneType="80101" costMoney="2900" attributeAddition="3850" client_fail_add_chance_min="2" revert_coin="62050"/>
	</item>
	<item minLevel="50" maxLevel="59">
		<level stoneNum="1" level="1" client_fail_add_chance_max="0" successRate="1000" client_chance="1000" revert_item_num="1" stoneType="80102" costMoney="3000" attributeAddition="100" client_fail_add_chance_min="0" revert_coin="3000"/>
		<level stoneNum="1" level="2" client_fail_add_chance_max="30" successRate="850" client_chance="850" revert_item_num="2" stoneType="80102" costMoney="3100" attributeAddition="200" client_fail_add_chance_min="0" revert_coin="6100"/>
		<level stoneNum="2" level="3" client_fail_add_chance_max="20" successRate="700" client_chance="700" revert_item_num="4" stoneType="80102" costMoney="3200" attributeAddition="350" client_fail_add_chance_min="0" revert_coin="9300"/>
		<level stoneNum="2" level="4" client_fail_add_chance_max="20" successRate="550" client_chance="550" revert_item_num="8" stoneType="80102" costMoney="3300" attributeAddition="550" client_fail_add_chance_min="10" revert_coin="15900"/>
		<level stoneNum="3" level="5" client_fail_add_chance_max="20" successRate="400" client_chance="400" revert_item_num="14" stoneType="80102" costMoney="3400" attributeAddition="850" client_fail_add_chance_min="10" revert_coin="22700"/>
		<level stoneNum="3" level="6" client_fail_add_chance_max="20" successRate="200" client_chance="200" revert_item_num="23" stoneType="80102" costMoney="3500" attributeAddition="1250" client_fail_add_chance_min="10" revert_coin="33200"/>
		<level stoneNum="4" level="7" client_fail_add_chance_max="20" successRate="150" client_chance="150" revert_item_num="39" stoneType="80102" costMoney="3600" attributeAddition="1750" client_fail_add_chance_min="5" revert_coin="47600"/>
		<level stoneNum="4" level="8" client_fail_add_chance_max="20" successRate="100" client_chance="100" revert_item_num="59" stoneType="80102" costMoney="3700" attributeAddition="2350" client_fail_add_chance_min="5" revert_coin="66100"/>
		<level stoneNum="5" level="9" client_fail_add_chance_max="10" successRate="50" client_chance="50" revert_item_num="84" stoneType="80102" costMoney="3800" attributeAddition="3050" client_fail_add_chance_min="2" revert_coin="85100"/>
		<level stoneNum="5" level="10" client_fail_add_chance_max="10" successRate="10" client_chance="10" revert_item_num="134" stoneType="80102" costMoney="3900" attributeAddition="3850" client_fail_add_chance_min="2" revert_coin="124100"/>
	</item>
	<item minLevel="60" maxLevel="60">
		<level stoneNum="1" level="1" client_fail_add_chance_max="0" successRate="1000" client_chance="1000" revert_item_num="1" stoneType="80102" costMoney="4000" attributeAddition="100" client_fail_add_chance_min="0" revert_coin="3000"/>
		<level stoneNum="1" level="2" client_fail_add_chance_max="30" successRate="850" client_chance="850" revert_item_num="2" stoneType="80102" costMoney="4100" attributeAddition="200" client_fail_add_chance_min="0" revert_coin="6100"/>
		<level stoneNum="2" level="3" client_fail_add_chance_max="20" successRate="700" client_chance="700" revert_item_num="4" stoneType="80102" costMoney="4200" attributeAddition="350" client_fail_add_chance_min="0" revert_coin="9300"/>
		<level stoneNum="2" level="4" client_fail_add_chance_max="20" successRate="550" client_chance="550" revert_item_num="8" stoneType="80102" costMoney="4300" attributeAddition="550" client_fail_add_chance_min="10" revert_coin="15900"/>
		<level stoneNum="3" level="5" client_fail_add_chance_max="20" successRate="400" client_chance="400" revert_item_num="14" stoneType="80102" costMoney="4400" attributeAddition="850" client_fail_add_chance_min="10" revert_coin="22700"/>
		<level stoneNum="3" level="6" client_fail_add_chance_max="20" successRate="200" client_chance="200" revert_item_num="23" stoneType="80102" costMoney="4500" attributeAddition="1250" client_fail_add_chance_min="10" revert_coin="33200"/>
		<level stoneNum="4" level="7" client_fail_add_chance_max="20" successRate="150" client_chance="150" revert_item_num="39" stoneType="80102" costMoney="4600" attributeAddition="1750" client_fail_add_chance_min="5" revert_coin="47600"/>
		<level stoneNum="4" level="8" client_fail_add_chance_max="20" successRate="100" client_chance="100" revert_item_num="59" stoneType="80102" costMoney="4700" attributeAddition="2350" client_fail_add_chance_min="5" revert_coin="66100"/>
		<level stoneNum="5" level="9" client_fail_add_chance_max="10" successRate="50" client_chance="50" revert_item_num="84" stoneType="80102" costMoney="4800" attributeAddition="3050" client_fail_add_chance_min="2" revert_coin="85100"/>
		<level stoneNum="5" level="10" client_fail_add_chance_max="10" successRate="10" client_chance="10" revert_item_num="134" stoneType="80102" costMoney="4900" attributeAddition="3850" client_fail_add_chance_min="2" revert_coin="124100"/>
	</item>
	<item minLevel="61" maxLevel="70">
		<level stoneNum="1" level="1" client_fail_add_chance_max="0" successRate="1000" client_chance="1000" revert_item_num="1" stoneType="80102" costMoney="5000" attributeAddition="100" client_fail_add_chance_min="0" revert_coin="500"/>
		<level stoneNum="1" level="2" client_fail_add_chance_max="30" successRate="850" client_chance="850" revert_item_num="2" stoneType="80102" costMoney="5100" attributeAddition="200" client_fail_add_chance_min="0" revert_coin="1050"/>
		<level stoneNum="2" level="3" client_fail_add_chance_max="20" successRate="700" client_chance="700" revert_item_num="4" stoneType="80102" costMoney="5200" attributeAddition="350" client_fail_add_chance_min="0" revert_coin="1650"/>
		<level stoneNum="2" level="4" client_fail_add_chance_max="20" successRate="550" client_chance="550" revert_item_num="8" stoneType="80102" costMoney="5300" attributeAddition="550" client_fail_add_chance_min="10" revert_coin="2950"/>
		<level stoneNum="3" level="5" client_fail_add_chance_max="20" successRate="400" client_chance="400" revert_item_num="14" stoneType="80102" costMoney="5400" attributeAddition="850" client_fail_add_chance_min="10" revert_coin="4350"/>
		<level stoneNum="3" level="6" client_fail_add_chance_max="20" successRate="200" client_chance="200" revert_item_num="23" stoneType="80102" costMoney="5500" attributeAddition="1250" client_fail_add_chance_min="10" revert_coin="6600"/>
		<level stoneNum="4" level="7" client_fail_add_chance_max="20" successRate="150" client_chance="150" revert_item_num="39" stoneType="80102" costMoney="5600" attributeAddition="1750" client_fail_add_chance_min="5" revert_coin="9800"/>
		<level stoneNum="4" level="8" client_fail_add_chance_max="20" successRate="100" client_chance="100" revert_item_num="59" stoneType="80102" costMoney="5700" attributeAddition="2350" client_fail_add_chance_min="5" revert_coin="14050"/>
		<level stoneNum="5" level="9" client_fail_add_chance_max="10" successRate="50" client_chance="50" revert_item_num="84" stoneType="80102" costMoney="5800" attributeAddition="3050" client_fail_add_chance_min="2" revert_coin="18550"/>
		<level stoneNum="5" level="10" client_fail_add_chance_max="10" successRate="10" client_chance="10" revert_item_num="134" stoneType="80102" costMoney="5900" attributeAddition="3850" client_fail_add_chance_min="2" revert_coin="28050"/>
	</item>
	<item minLevel="71" maxLevel="80">
		<level stoneNum="1" level="1" client_fail_add_chance_max="0" successRate="1000" client_chance="1000" revert_item_num="1" stoneType="80102" costMoney="6000" attributeAddition="100" client_fail_add_chance_min="0" revert_coin="500"/>
		<level stoneNum="1" level="2" client_fail_add_chance_max="30" successRate="850" client_chance="850" revert_item_num="2" stoneType="80102" costMoney="6100" attributeAddition="200" client_fail_add_chance_min="0" revert_coin="1050"/>
		<level stoneNum="2" level="3" client_fail_add_chance_max="20" successRate="700" client_chance="700" revert_item_num="4" stoneType="80102" costMoney="6200" attributeAddition="350" client_fail_add_chance_min="0" revert_coin="1650"/>
		<level stoneNum="2" level="4" client_fail_add_chance_max="20" successRate="550" client_chance="550" revert_item_num="8" stoneType="80102" costMoney="6300" attributeAddition="550" client_fail_add_chance_min="10" revert_coin="2950"/>
		<level stoneNum="3" level="5" client_fail_add_chance_max="20" successRate="400" client_chance="400" revert_item_num="14" stoneType="80102" costMoney="6400" attributeAddition="850" client_fail_add_chance_min="10" revert_coin="4350"/>
		<level stoneNum="3" level="6" client_fail_add_chance_max="20" successRate="200" client_chance="200" revert_item_num="23" stoneType="80102" costMoney="6500" attributeAddition="1250" client_fail_add_chance_min="10" revert_coin="6600"/>
		<level stoneNum="4" level="7" client_fail_add_chance_max="20" successRate="150" client_chance="150" revert_item_num="39" stoneType="80102" costMoney="6600" attributeAddition="1750" client_fail_add_chance_min="5" revert_coin="9800"/>
		<level stoneNum="4" level="8" client_fail_add_chance_max="20" successRate="100" client_chance="100" revert_item_num="59" stoneType="80102" costMoney="6700" attributeAddition="2350" client_fail_add_chance_min="5" revert_coin="14050"/>
		<level stoneNum="5" level="9" client_fail_add_chance_max="10" successRate="50" client_chance="50" revert_item_num="84" stoneType="80102" costMoney="6800" attributeAddition="3050" client_fail_add_chance_min="2" revert_coin="18550"/>
		<level stoneNum="5" level="10" client_fail_add_chance_max="10" successRate="10" client_chance="10" revert_item_num="134" stoneType="80102" costMoney="6900" attributeAddition="3850" client_fail_add_chance_min="2" revert_coin="28050"/>
	</item>
</items>