<items>
    <item id="1408" name="原野之风" partsItemIds="133402|173402|163402">
        <attrAdd partsNum="2" attrId="59" attrValue="80"/>
        <attrAdd partsNum="3" attrId="60" attrValue="80"/>
    </item>
    <item id="1409" name="破风" partsItemIds="133403|173403|163403">
        <attrAdd partsNum="2" attrId="59" attrValue="80"/>
        <attrAdd partsNum="3" attrId="60" attrValue="80"/>
    </item>
    <item id="16010" name="毁灭" partsItemIds="123601|153601">
        <attrAdd partsNum="2" attrId="56" attrValue="200"/>
    </item>
    <item id="16011" name="驱魔" partsItemIds="123602|153602">
        <attrAdd partsNum="2" attrId="56" attrValue="200"/>
    </item>
    <item id="16012" name="猎杀" partsItemIds="123603|153603">
        <attrAdd partsNum="2" attrId="56" attrValue="200"/>
    </item>
    <item id="1273" name="追忆" partsItemIds="113203|143203">
        <attrAdd partsNum="2" attrId="23" attrValue="49"/>
        <attrAdd partsNum="2" attrId="8" attrValue="5"/>
    </item>
    <item id="1301" name="守护者" partsItemIds="143300|113300|183300">
        <attrAdd partsNum="2" attrId="10" attrValue="828"/>
        <attrAdd partsNum="3" attrId="12" attrValue="828"/>
    </item>
    <item id="15010" name="震怒" partsItemIds="123501|153501">
        <attrAdd partsNum="2" attrId="56" attrValue="200"/>
    </item>
    <item id="15011" name="熔火" partsItemIds="123502|153502">
        <attrAdd partsNum="2" attrId="56" attrValue="200"/>
    </item>
    <item id="15012" name="碎梦" partsItemIds="123503|153503">
        <attrAdd partsNum="2" attrId="56" attrValue="200"/>
    </item>
    <item id="1701" name="银白进击" partsItemIds="213701|203701">
        <attrAdd partsNum="2" attrId="57" attrValue="120"/>
    </item>
    <item id="1702" name="秘蓝进击" partsItemIds="213702|203702">
        <attrAdd partsNum="2" attrId="58" attrValue="120"/>
    </item>
    <item id="1703" name="翡色进击" partsItemIds="213703|203703">
        <attrAdd partsNum="2" attrId="57" attrValue="120"/>
    </item>
    <item id="1704" name="银白铠胄" partsItemIds="143701|113701|183701">
        <attrAdd partsNum="2" attrId="3" attrValue="25"/>
        <attrAdd partsNum="3" attrId="4" attrValue="25"/>
    </item>
    <item id="1705" name="秘蓝铠胄" partsItemIds="143702|113702|183702">
        <attrAdd partsNum="2" attrId="6" attrValue="25"/>
        <attrAdd partsNum="3" attrId="7" attrValue="25"/>
    </item>
    <item id="1706" name="翡色铠胄" partsItemIds="143703|113703|183703">
        <attrAdd partsNum="2" attrId="4" attrValue="25"/>
        <attrAdd partsNum="3" attrId="5" attrValue="25"/>
    </item>
    <item id="1707" name="银白御守" partsItemIds="133701|173701|163701">
        <attrAdd partsNum="2" attrId="59" attrValue="140"/>
        <attrAdd partsNum="3" attrId="60" attrValue="140"/>
    </item>
    <item id="1708" name="秘蓝御守" partsItemIds="133702|173702|163702">
        <attrAdd partsNum="2" attrId="59" attrValue="140"/>
        <attrAdd partsNum="3" attrId="60" attrValue="140"/>
    </item>
    <item id="1709" name="翡色御守" partsItemIds="133703|173703|163703">
        <attrAdd partsNum="2" attrId="59" attrValue="140"/>
        <attrAdd partsNum="3" attrId="60" attrValue="140"/>
    </item>
    <item id="14010" name="切割者" partsItemIds="123401|153401">
        <attrAdd partsNum="2" attrId="56" attrValue="150"/>
    </item>
    <item id="14011" name="耳语者" partsItemIds="123402|153402">
        <attrAdd partsNum="2" attrId="56" attrValue="150"/>
    </item>
    <item id="14012" name="驭风者" partsItemIds="123403|153403">
        <attrAdd partsNum="2" attrId="56" attrValue="150"/>
    </item>
    <item id="1601" name="尖啸" partsItemIds="213601|203601">
        <attrAdd partsNum="2" attrId="57" attrValue="100"/>
    </item>
    <item id="1602" name="颤栗" partsItemIds="213602|203602">
        <attrAdd partsNum="2" attrId="58" attrValue="100"/>
    </item>
    <item id="1603" name="魅影" partsItemIds="213603|203603">
        <attrAdd partsNum="2" attrId="57" attrValue="100"/>
    </item>
    <item id="1604" name="绝望" partsItemIds="143601|113601|183601">
        <attrAdd partsNum="2" attrId="3" attrValue="20"/>
        <attrAdd partsNum="3" attrId="4" attrValue="20"/>
    </item>
    <item id="1605" name="恐惧" partsItemIds="143602|113602|183602">
        <attrAdd partsNum="2" attrId="6" attrValue="20"/>
        <attrAdd partsNum="3" attrId="7" attrValue="20"/>
    </item>
    <item id="1606" name="迷踪" partsItemIds="143603|113603|183603">
        <attrAdd partsNum="2" attrId="4" attrValue="20"/>
        <attrAdd partsNum="3" attrId="5" attrValue="20"/>
    </item>
    <item id="1351" name="誓约" partsItemIds="173300|163300">
        <attrAdd partsNum="2" attrId="2" attrValue="1580"/>
    </item>
    <item id="1608" name="恐惧" partsItemIds="133602|173602|163602">
        <attrAdd partsNum="2" attrId="59" attrValue="120"/>
        <attrAdd partsNum="3" attrId="60" attrValue="120"/>
    </item>
    <item id="1609" name="迷踪" partsItemIds="133603|173603|163603">
        <attrAdd partsNum="2" attrId="59" attrValue="120"/>
        <attrAdd partsNum="3" attrId="60" attrValue="120"/>
    </item>
    <item id="1607" name="绝望" partsItemIds="133601|173601|163601">
        <attrAdd partsNum="2" attrId="59" attrValue="120"/>
        <attrAdd partsNum="3" attrId="60" attrValue="120"/>
    </item>
    <item id="1501" name="雷霆" partsItemIds="213501|203501">
        <attrAdd partsNum="2" attrId="57" attrValue="80"/>
    </item>
    <item id="1502" name="燃烬" partsItemIds="213502|203502">
        <attrAdd partsNum="2" attrId="58" attrValue="80"/>
    </item>
    <item id="1503" name="遗忘" partsItemIds="213503|203503">
        <attrAdd partsNum="2" attrId="57" attrValue="80"/>
    </item>
    <item id="1504" name="飓风" partsItemIds="143501|113501|183501">
        <attrAdd partsNum="2" attrId="3" attrValue="10"/>
        <attrAdd partsNum="3" attrId="4" attrValue="10"/>
    </item>
    <item id="1505" name="烈焰" partsItemIds="143502|113502|183502">
        <attrAdd partsNum="2" attrId="6" attrValue="10"/>
        <attrAdd partsNum="3" attrId="7" attrValue="10"/>
    </item>
    <item id="1506" name="夕阳" partsItemIds="143503|113503|183503">
        <attrAdd partsNum="2" attrId="4" attrValue="10"/>
        <attrAdd partsNum="3" attrId="5" attrValue="10"/>
    </item>
    <item id="1507" name="沙暴" partsItemIds="133501|173501|163501">
        <attrAdd partsNum="2" attrId="59" attrValue="100"/>
        <attrAdd partsNum="3" attrId="60" attrValue="100"/>
    </item>
    <item id="1508" name="灼日" partsItemIds="133502|173502|163502">
        <attrAdd partsNum="2" attrId="59" attrValue="100"/>
        <attrAdd partsNum="3" attrId="60" attrValue="100"/>
    </item>
    <item id="1509" name="落日" partsItemIds="133503|173503|163503">
        <attrAdd partsNum="2" attrId="59" attrValue="100"/>
        <attrAdd partsNum="3" attrId="60" attrValue="100"/>
    </item>
    <item id="17010" name="银白淬砺" partsItemIds="123701|153701">
        <attrAdd partsNum="2" attrId="56" attrValue="200"/>
    </item>
    <item id="17011" name="秘蓝淬砺" partsItemIds="123702|153702">
        <attrAdd partsNum="2" attrId="56" attrValue="200"/>
    </item>
    <item id="17012" name="翡色淬砺" partsItemIds="123703|153703">
        <attrAdd partsNum="2" attrId="56" attrValue="200"/>
    </item>
    <item id="1271" name="溯源" partsItemIds="113201|143201">
        <attrAdd partsNum="2" attrId="40" attrValue="120"/>
        <attrAdd partsNum="2" attrId="4" attrValue="5"/>
    </item>
    <item id="1272" name="时光" partsItemIds="113202|143202">
        <attrAdd partsNum="2" attrId="11" attrValue="189"/>
        <attrAdd partsNum="2" attrId="6" attrValue="5"/>
    </item>
    <item id="1401" name="无畏之心" partsItemIds="213401|203401">
        <attrAdd partsNum="2" attrId="57" attrValue="60"/>
    </item>
    <item id="1402" name="挽歌" partsItemIds="213402|203402">
        <attrAdd partsNum="2" attrId="58" attrValue="60"/>
    </item>
    <item id="1403" name="风色幻想" partsItemIds="213403|203403">
        <attrAdd partsNum="2" attrId="57" attrValue="60"/>
    </item>
    <item id="1404" name="王国印记" partsItemIds="143401|113401|183401">
        <attrAdd partsNum="2" attrId="3" attrValue="10"/>
        <attrAdd partsNum="3" attrId="4" attrValue="10"/>
    </item>
    <item id="1405" name="自然之力" partsItemIds="143402|113402|183402">
        <attrAdd partsNum="2" attrId="6" attrValue="10"/>
        <attrAdd partsNum="3" attrId="7" attrValue="10"/>
    </item>
    <item id="1406" name="千鸟" partsItemIds="143403|113403|183403">
        <attrAdd partsNum="2" attrId="4" attrValue="10"/>
        <attrAdd partsNum="3" attrId="5" attrValue="10"/>
    </item>
    <item id="1407" name="王国之心" partsItemIds="133401|173401|163401">
        <attrAdd partsNum="2" attrId="59" attrValue="80"/>
        <attrAdd partsNum="3" attrId="60" attrValue="80"/>
    </item>
</items>