<items>
    <item functionId="1">
        <error errorCode="0" msg="0"/>
        <error errorCode="1" msg="请求无效！"/>
        <error errorCode="2" msg="操作无效！"/>
        <error errorCode="3" msg="数据出错！"/>
        <error errorCode="4" msg="请求无效！"/>
        <error errorCode="5" msg="您的账号已经在别处上线，连接断开！"/>
        <error errorCode="6" msg="服务器正在维护中。"/>
        <error errorCode="7" msg="由于你最近的不当行为，您的账号被暂时禁止登陆游戏。"/>
        <error errorCode="8" msg="该服务器人数已满，请选择其它服务器"/>
        <error errorCode="9" msg="您的名字不符合要求，请重新输入！"/>
        <error errorCode="10" msg="名字过短，最少2个汉字！"/>
        <error errorCode="11" msg="名字中带有非法字符，请重新输入！"/>
        <error errorCode="12" msg="该名称已经使用，请重新命名！"/>
        <error errorCode="13" msg="请求无效！"/>
        <error errorCode="14" msg="职业不符！"/>
        <error errorCode="15" msg="您的金钱不足！"/>
        <error errorCode="16" msg="您的钻石不足，请充值！"/>
        <error errorCode="17" msg="等级不满足！"/>
        <error errorCode="18" msg="数量不满足！"/>
        <error errorCode="19" msg="时间不满足！"/>
        <error errorCode="20" msg=""/>
        <error errorCode="21" msg="该玩家已离线，无法查看！"/>
        <error errorCode="22" msg="冷却中，请稍后操作！"/>
        <error errorCode="23" msg="配置出错！"/>
        <error errorCode="24" msg="您已经领取过该奖励！"/>
        <error errorCode="25" msg="玩家已经离线！"/>
        <error errorCode="26" msg="该名称已经被使用！"/>
        <error errorCode="27" msg=""/>
        <error errorCode="28" msg="NPC不存在！"/>
        <error errorCode="29" msg="您今日可完成关卡次数已达上限，您可以成为VIP获得更多次数或者购买额外次数！"/>
        <error errorCode="30" msg="服务器出错，请重新连接！"/>
        <error errorCode="31" msg="请求无效！"/>
        <error errorCode="32" msg="礼券不足！"/>
        <error errorCode="33" msg="名字过长，最多7个汉字！"/>
        <error errorCode="34" msg="狩猎buff次数为0!"/>
        <error errorCode="35" msg="数据出错！"/>
        <error errorCode="36" msg="数据出错！"/>
        <error errorCode="37" msg="无法找到战斗数据！"/>
        <error errorCode="38" msg="保存战斗数据出错!"/>
        <error errorCode="39" msg="NPC 配置未找到"/>
        <error errorCode="40" msg="距离NPC太远！"/>
        <error errorCode="41" msg="您的账号已被冻结，如有疑问请联系客服。"/>
        <error errorCode="42" msg="您的体力不足！"/>
        <error errorCode="43" msg="您的特权已过期，请续费后领取！"/>
        <error errorCode="44" msg="特权等级过低！"/>
        <error errorCode="45" msg="游历值不够！"/>
        <error errorCode="46" msg="已经死亡，请等待复活！"/>
        <error errorCode="47" msg="配置数据不合法"/>
        <error errorCode="48" msg="内存分配失败"/>
        <error errorCode="49" msg="积分已经达上限"/>
    </item>
    <item functionId="2">
        <error errorCode="101" msg="该英灵已存在。"/>
        <error errorCode="102" msg="该英灵不存在。"/>
        <error errorCode="103" msg="获得英灵失败。"/>
        <error errorCode="104" msg="没有找到该英灵。"/>
        <error errorCode="105" msg="该英灵不存在。"/>
        <error errorCode="106" msg="主角不能解雇！"/>
        <error errorCode="107" msg="该位置已经开启。"/>
        <error errorCode="108" msg="位置出错。"/>
        <error errorCode="109" msg="位置出错。"/>
        <error errorCode="110" msg="该英灵出战中！"/>
        <error errorCode="111" msg="该英灵已雇佣。"/>
        <error errorCode="112" msg="灵力值不足！"/>
        <error errorCode="113" msg="该英灵品质过低，无法挑战！"/>
        <error errorCode="114" msg="请求无效！"/>
        <error errorCode="115" msg="同时可雇佣英灵数已达上限，你可以解雇不需要的英灵或者购买额外栏位。"/>
        <error errorCode="116" msg="请求无效！"/>
        <error errorCode="117" msg=""/>
        <error errorCode="118" msg="该英灵还有装备未卸下，不能解雇！"/>
        <error errorCode="119" msg="该英灵技能正在修炼中，不能解雇！"/>
    </item>
    <item functionId="3">
        <error errorCode="120" msg="灵魂石不足，请购买！"/>
        <error errorCode="121" msg="灵魂石不足，请购买！"/>
        <error errorCode="122" msg="选择的英灵不存在！"/>
        <error errorCode="123" msg="该英灵灵魂已达上限，无法注入。您可以通过位面挑战提升该英灵的灵魂上限。"/>
        <error errorCode="124" msg="金币不足！"/>
        <error errorCode="125" msg=""/>
        <error errorCode="126" msg="挑战的英灵必须在出战阵型中！"/>
        <error errorCode="127" msg="羽毛不足，您可以通过商城购买！"/>
        <error errorCode="128" msg="组队状态下无法进行位面挑战！"/>
        <error errorCode="129" msg="位面同步中，同步结束才能进行挑战！你也可以选择加速使位面立刻同步。"/>
        <error errorCode="130" msg="请将英灵收回后再解雇！"/>
        <error errorCode="150" msg="英灵展示中，请收回后解雇！"/>
    </item>
    <item functionId="4">
        <error errorCode="201" msg="技能出错！"/>
        <error errorCode="202" msg="技能出错！"/>
        <error errorCode="203" msg="技能出错！"/>
        <error errorCode="204" msg="技能槽未开放！"/>
        <error errorCode="205" msg="该技能已学会！"/>
        <error errorCode="206" msg="技能出错！"/>
        <error errorCode="207" msg="等级不符！"/>
        <error errorCode="208" msg="技能正在修炼中！"/>
        <error errorCode="209" msg="请求无效！"/>
        <error errorCode="210" msg="请求无效！"/>
        <error errorCode="211" msg="技能等级已满！"/>
        <error errorCode="212" msg="同时可修炼技能数已达上限！"/>
        <error errorCode="213" msg="该技能正在使用中，请卸下后再遗忘！"/>
    </item>
    <item functionId="5">
        <error errorCode="301" msg=""/>
        <error errorCode="302" msg="玩家不存在！"/>
        <error errorCode="303" msg="商店不存在！"/>
        <error errorCode="304" msg="道具不存在！"/>
        <error errorCode="305" msg="数量出错！"/>
        <error errorCode="306" msg="位置出错！"/>
        <error errorCode="307" msg="金币不足！"/>
        <error errorCode="308" msg="当前无法使用！"/>
        <error errorCode="309" msg="职业不符！"/>
        <error errorCode="310" msg="该装备不能放在这个位置！"/>
        <error errorCode="311" msg="物品没有找到！"/>
        <error errorCode="312" msg="包裹已满，请清理！"/>
        <error errorCode="313" msg="拾取失败！"/>
        <error errorCode="314" msg="请放入需要强化的装备！"/>
        <error errorCode="315" msg="强化石不足！"/>
        <error errorCode="316" msg="金币不足！"/>
        <error errorCode="317" msg="该装备已达到最高强化等级！"/>
        <error errorCode="318" msg="该装备不能进行强化！"/>
        <error errorCode="319" msg="材料不足！"/>
        <error errorCode="320" msg="金币不足！"/>
        <error errorCode="321" msg="该装备不能进行洗炼！"/>
        <error errorCode="322" msg="任务物品无法存入仓库！"/>
        <error errorCode="323" msg=""/>
        <error errorCode="324" msg=""/>
        <error errorCode="325" msg="等级不符合，无法继承！"/>
        <error errorCode="326" msg="装备位置不同，无法继承！"/>
        <error errorCode="327" msg="材料不足！"/>
        <error errorCode="328" msg=""/>
        <error errorCode="329" msg=""/>
        <error errorCode="330" msg="开孔已达上限值！"/>
        <error errorCode="331" msg="没有足够的材料！"/>
        <error errorCode="332" msg="宝石无法镶嵌到该装备上"/>
        <error errorCode="335" msg="无效！"/>
        <error errorCode="336" msg="已经被其他玩家拾取！"/>
        <error errorCode="337" msg="正在使用中！"/>
        <error errorCode="338" msg="只有会长才能开启！"/>
        <error errorCode="339" msg="已经点亮了"/>
        <error errorCode="340" msg="没有足够的魔羽或者钻石"/>
        <error errorCode="341" msg="级别不够"/>
        <error errorCode="342" msg="羽池已满"/>
        <error errorCode="343" msg="羽灵背包已满"/>
        <error errorCode="344" msg="此灵羽不允许拾取"/>
        <error errorCode="345" msg="无法融合 最高品质的材料羽灵已是最高级别"/>
        <error errorCode="346" msg="无法兑换，没有足够的羽灵碎片"/>
        <error errorCode="347" msg="无法装备，已装备相同属性的羽灵"/>
        <error errorCode="348" msg="性别不符！"/>
    </item>
    <item functionId="6">
        <error errorCode="401" msg="名字不符合要求！"/>
        <error errorCode="402" msg="创建阵型失败。"/>
        <error errorCode="403" msg="选择的阵型不存在。"/>
        <error errorCode="404" msg="同时上阵人数已满！"/>
        <error errorCode="405" msg="玩家角色必须在出战阵型中。"/>
        <error errorCode="406" msg="阵型数量超过要求。"/>
        <error errorCode="407" msg="同时上阵人数已满！"/>
        <error errorCode="408" msg="25级之前只能出战1个英灵！"/>
        <error errorCode="409" msg="同时出战英灵数已达上限！"/>
        <error errorCode="410" msg="创建阵型失败。"/>
        <error errorCode="411" msg="请求无效！"/>
    </item>
    <item functionId="7">
        <error errorCode="501" msg="您的排名已发生变化！"/>
        <error errorCode="502" msg="你选择的目标排名已发生变化！"/>
        <error errorCode="503" msg="无法获得该玩家信息！"/>
        <error errorCode="504" msg="今日可挑战的竞技场次数已经耗尽，您可以购买额外的次数！"/>
        <error errorCode="505" msg="今日已领取竞技场宝箱！"/>
        <error errorCode="506" msg="竞技场挑战冷却中，请稍后！"/>
        <error errorCode="507" msg="等级不足！"/>
        <error errorCode="508" msg="人数不足！"/>
    </item>
    <item functionId="8">
        <error errorCode="601" msg="该任务已经领取！"/>
        <error errorCode="602" msg="请求无效！"/>
        <error errorCode="603" msg="包裹已满，无法领取任务！请整理包裹。"/>
        <error errorCode="604" msg="任务未完成！"/>
        <error errorCode="605" msg="冷却中！"/>
        <error errorCode="606" msg="该任务不能放弃！"/>
        <error errorCode="607" msg="钻石不足，请充值！"/>
        <error errorCode="608" msg="今日可购买数量已达上限！"/>
        <error errorCode="609" msg="今日可完成任务数量已达上限，你可以成为VIP或者购买额外次数！"/>
        <error errorCode="610" msg="今日可购买数量已达上限！"/>
        <error errorCode="611" msg="刷新次数已达最大限制！"/>
        <error errorCode="612" msg="同时可领取任务数量已达上限！"/>
        <error errorCode="613" msg="同时只能领取最多不超过五个悬赏任务！"/>
        <error errorCode="614" msg="今日可完成悬赏任务数已达上限，您可以购买额外的次数！"/>
        <error errorCode="615" msg="该任务必须组队领取。"/>
        <error errorCode="616" msg="队伍人数需要大于等于2人。"/>
        <error errorCode="617" msg="队员等级未达到27级。"/>
        <error errorCode="618" msg="队伍成员中已有人已领取任务。"/>
        <error errorCode="619" msg="你刚刚放弃了任务，需要等待2分钟才能再次领取。"/>
        <error errorCode="620" msg="巡逻任务次数已达限制"/>
        <error errorCode="650" msg="已经开始的游戏不能重置地图！"/>
        <error errorCode="651" msg="重置地图次数不够！"/>
    </item>
    <item functionId="9">
        <error errorCode="701" msg="请求无效！"/>
        <error errorCode="702" msg="没有找到合适的队伍！"/>
        <error errorCode="703" msg="您当前已在队伍中！"/>
        <error errorCode="704" msg="申请已提交，请稍后！"/>
        <error errorCode="705" msg="该玩家已下线！"/>
        <error errorCode="706" msg="该玩家一进入关卡，无法入队！"/>
        <error errorCode="707" msg="选择的玩家不存在！"/>
        <error errorCode="708" msg="目标队伍人员已满！"/>
        <error errorCode="709" msg="您的等级不符合目标队伍的要求！"/>
        <error errorCode="710" msg="队伍创建失败！"/>
        <error errorCode="711" msg="该队伍不存在！"/>
        <error errorCode="712" msg="队长不存在！"/>
        <error errorCode="713" msg="拒绝了您的入队邀请！"/>
        <error errorCode="714" msg="请求无效！"/>
        <error errorCode="715" msg="组队条件下无法使用竞技场！"/>
        <error errorCode="716" msg="不在同一个场景无法组队！"/>
        <error errorCode="717" msg="关卡中，无法组队！"/>
        <error errorCode="718" msg="操作无效！"/>
        <error errorCode="719" msg="公会战PVP不允许组队"/>
    </item>
    <item functionId="10">
        <error errorCode="801" msg="数据出错！"/>
        <error errorCode="802" msg="数据出错！"/>
        <error errorCode="803" msg="数据出错！"/>
        <error errorCode="804" msg="数据出错！"/>
        <error errorCode="805" msg="数据出错！"/>
        <error errorCode="806" msg="数据出错！"/>
        <error errorCode="807" msg="战斗冷却中，请稍后操作！"/>
        <error errorCode="808" msg="今日免费跳过战斗次数已用完！"/>
        <error errorCode="809" msg="当前不在挂机状态！"/>
    </item>
    <item functionId="11">
        <error errorCode="810" msg="当前已在挂机中！"/>
        <error errorCode="811" msg="当前场景不能挂机！"/>
        <error errorCode="812" msg="您的等级太低，无法在当前场景挂机！"/>
        <error errorCode="813" msg="组队条件下无法使用挂机！"/>
        <error errorCode="814" msg="挂机次数不足！"/>
        <error errorCode="815" msg=""/>
        <error errorCode="816" msg="只有VIP才能使用加速功能！"/>
        <error errorCode="817" msg="挂机中无法组队！"/>
        <error errorCode="818" msg="战斗组无效！"/>
        <error errorCode="819" msg="战斗组无效！"/>
        <error errorCode="820" msg="正在战斗中，无法切磋！"/>
        <error errorCode="821" msg="对方正在战斗中，请稍后！"/>
        <error errorCode="822" msg="只有在角斗场中才能进行切磋！"/>
        <error errorCode="823" msg="对方不在角斗场，无法切磋！"/>
        <error errorCode="824" msg="只有队长才能发起切磋！"/>
        <error errorCode="825" msg="对方没有理会你的邀请。"/>
        <error errorCode="826" msg="对方不在线！"/>
        <error errorCode="827" msg="对方取消了对你的邀请。"/>
        <error errorCode="828" msg="同个队伍中不能切磋。"/>
        <error errorCode="840" msg="你刚刚经过一场激战，请稍候!"/>
        <error errorCode="841" msg="对方刚刚经过一场战斗目前处于保护期!"/>
        <error errorCode="842" msg="公会战中不允许同公会间进行战斗，前台不该允许这样点！"/>
    </item>
    <item functionId="12">
        <error errorCode="901" msg="您选择的频道无效！"/>
        <error errorCode="902" msg="该玩家不存在或已经离线！"/>
        <error errorCode="903" msg="发送消息过快，请稍后！"/>
        <error errorCode="904" msg="单次聊天不能超过80个中文字符，请修改！"/>
        <error errorCode="905" msg=""/>
        <error errorCode="906" msg="等级需要达到20级才能使用世界频道！"/>
        <error errorCode="907" msg="由于你最近的不当行为，您的账号已被禁言。"/>
    </item>
    <item functionId="13">
        <error errorCode="1001" msg="该玩家不存在或已经离线！"/>
        <error errorCode="1002" msg="该玩家不是您的好友！"/>
        <error errorCode="1003" msg="该玩家已是您的好友！"/>
        <error errorCode="1004" msg="同时拥有好友数量已达上限！"/>
        <error errorCode="1005" msg="你已被对方列入黑名单！"/>
        <error errorCode="1006" msg="对方拒绝陌生人加其为好友！"/>
        <error errorCode="1007" msg="对方好友数量已达上限"/>
    </item>
    <item functionId="14">
        <error errorCode="1101" msg="玩家等级需要达到25级才能创建公会！"/>
        <error errorCode="1102" msg="公会名字不符合要求！"/>
        <error errorCode="1103" msg="公会名称不能超过七个中文字符！"/>
        <error errorCode="1104" msg="公会名称已存在，请重新输入！"/>
        <error errorCode="1105" msg="公会不存在！"/>
        <error errorCode="1106" msg="申请已提交，请稍后！"/>
        <error errorCode="1107" msg="该玩家申请已经失效！"/>
        <error errorCode="1108" msg="公会权限不足！"/>
        <error errorCode="1109" msg="创建公会失败！"/>
        <error errorCode="1110" msg="该玩家已加入公会！"/>
        <error errorCode="1111" msg="等级不足10级无法加入公会！"/>
        <error errorCode="1112" msg="公会人数已达上限！"/>
        <error errorCode="1113" msg="离开公会后满12小时，才可加入新公会！"/>
        <error errorCode="1114" msg="技能等级大于空间学院等级"/>
        <error errorCode="1115" msg="同时可研发技能达到最大个数"/>
        <error errorCode="1116" msg="公会技能配置不存在"/>
        <error errorCode="1117" msg="公会能量不足"/>
        <error errorCode="1118" msg="公会水晶不足"/>
        <error errorCode="1119" msg="公会技能达到最大级"/>
        <error errorCode="1120" msg="公会技能未找到"/>
        <error errorCode="1121" msg="公会技能正在修炼中"/>
        <error errorCode="1122" msg="学院不存在"/>
        <error errorCode="1123" msg="公会贡献度不够"/>
        <error errorCode="1124" msg="建筑等级不能超过工会等级"/>
        <error errorCode="1125" msg="不在公会无法使用该功能！"/>
        <error errorCode="1126" msg="该申请已过期！"/>
        <error errorCode="1127" msg="不在公会列表中！"/>
        <error errorCode="1128" msg="队伍中存在非公会成员！"/>
        <error errorCode="1130" msg="该技能尚未研发！"/>
        <error errorCode="1131" msg="技能等级错误！"/>
        <error errorCode="1132" msg="公会战boss npc无法找到"/>
        <error errorCode="1140" msg="比赛还未开始不能进入！"/>
        <error errorCode="1141" msg="公会站正在进行中，无法新加入战场"/>
        <error errorCode="1142" msg="组队时无法进入比赛场地！"/>
        <error errorCode="1143" msg="您的公会没有获得公会战参赛资格！"/>
    </item>
    <item functionId="15">
        <error errorCode="1201" msg="该兑换码无效！"/>
        <error errorCode="1202" msg="该兑换码已经被使用过！"/>
        <error errorCode="1203" msg="已兑换过该奖励，不能重复兑换！"/>
        <error errorCode="1204" msg="无可领礼包！"/>
        <error errorCode="1205" msg="活动已经过期！"/>
        <error errorCode="1206" msg="活动未开启！"/>
        <error errorCode="1207" msg="鼓舞失败！"/>
        <error errorCode="1208" msg="BOSS鼓舞buff已经达到最大值"/>
        <error errorCode="1209" msg="boss地图不允许组队"/>
        <error errorCode="1210" msg="没有剩余抽奖次数"/>
        <error errorCode="1211" msg="可用积分不足"/>
        <error errorCode="1212" msg="活动不能从关卡中进入"/>
        <error errorCode="1213" msg="活动不能从公会地图进入"/>
        <error errorCode="1214" msg="未找到地图出生点配置"/>
        <error errorCode="1215" msg="pvp地图不允许组队"/>
        <error errorCode="1216" msg="pvp 玩家处在保护状态"/>
        <error errorCode="1217" msg="pvp 不允许在关卡中"/>
        <error errorCode="1218" msg="玩家不在pvp地图中"/>
        <error errorCode="1219" msg="被挑战者等级不足"/>
        <error errorCode="1220" msg="被挑战者在关卡中"/>
        <error errorCode="1221" msg="被挑战者在保护状态"/>
        <error errorCode="1222" msg="被挑战者不在pvp地图"/>
        <error errorCode="1223" msg="玩家不在同一个pvp层"/>
        <error errorCode="1224" msg="pvp层数据未找到"/>
        <error errorCode="1225" msg="pvp机器人阵型出错"/>
        <error errorCode="1226" msg="pvp 已经到达最顶层"/>
        <error errorCode="1227" msg="玩家不在pvp顶层"/>
        <error errorCode="1228" msg="pvp胜利玩家奖励数据未找到"/>
        <error errorCode="1229" msg="请先离开boss地图"/>
        <error errorCode="1230" msg="请先离开pvp地图"/>
        <error errorCode="1231" msg="钻石虚弱buff已满"/>
        <error errorCode="1232" msg="钻石破防buff已满"/>
        <error errorCode="1233" msg="您已经领取过宝箱"/>
        <error errorCode="1234" msg="宝箱已经超时消失"/>
        <error errorCode="1235" msg="入侵者已经消失"/>
        <error errorCode="1251" msg="奖励不存在！"/>
        <error errorCode="1252" msg="奖励已领取！"/>
        <error errorCode="1253" msg="领取条件不足！"/>
        <error errorCode="1281" msg="对方禁止了非好友组队请求！"/>
        <error errorCode="1282" msg="对方禁止了非好友公会请求！"/>
        <error errorCode="1283" msg="对方禁止了非好友切磋请求！"/>
        <error errorCode="1284" msg="对方禁止了非好友聊天请求！"/>
    </item>
    <item functionId="16">
        <error errorCode="1301" msg="关卡内不能使用飞鞋"/>
        <error errorCode="1302" msg="进入关卡需要组队"/>
        <error errorCode="1303" msg="进入关卡需要单人"/>
        <error errorCode="1304" msg="有队员未达到关卡需求级别"/>
        <error errorCode="1305" msg="关卡数据未找到"/>
        <error errorCode="1306" msg="关卡db数据出错"/>
        <error errorCode="1307" msg="无剩余翻牌次数"/>
        <error errorCode="1308" msg="此卡片已经翻过"/>
        <error errorCode="1309" msg="无此关卡的通缉配置"/>
        <error errorCode="1310" msg="错误的关卡通缉配置"/>
        <error errorCode="1311" msg="关卡内无法使用传送！"/>
    </item>
    <item functionId="17">
        <error errorCode="1401" msg="该房间不存在！"/>
        <error errorCode="1402" msg="房间人数已满！"/>
        <error errorCode="1403" msg="没有合适的房间"/>
        <error errorCode="1404" msg="密码不正确"/>
        <error errorCode="1405" msg="有玩家没有准备"/>
    </item>
</items>