<?xml version="1.0" encoding="UTF-8"?>
<skill>
	<!-- 技能配置 -->
	<!-- //name：名称 //job：职业 //tips：提示 // -->
	<!-- action：id 1=移动,2=普通攻击,3=重击,4=受伤,5=吟唱/呐喊,6=防御，7=格挡，8=之舞 -->
	<!-- events：表示事件类型;1:技能结束 2：开始伤害 10：技能名称提示 -->
	<!-- pos_type: 0=原地；1=近身；2=中间根据攻击目标位置；3=中下；4=中；5=中上;6:退回;7:近身背后;8:冲锋 -->
	<!-- target_range: 1=自己；2=敌方单体；20=单体一行；22=整体一行；30:十字；40=全体 -->
	<!-- hit_target: 1=以伤害为攻击目标； -->
	<!-- hurt_effect: 受伤特效； -->
	<!-- order_hurt="2": 数字为依次伤害； -->
	<!-- combo : 1=连击； -->
	<!-- shake : 时间:类型:幅度:持续 1：减小，2：持续 -->
	<!-- mask : a:b:c = 开始:人物:结束； -->
	<!-- dialog : 对话； -->
	<!-- 特效loop="10"，循环到第10帧 -->
	<!-- 普通技能 -->
	<item id="10000" name="法师普通攻击" events="28:1,15:2">
		<action index="0" id="2" start="1" pos_type="0"></action>
		<effect id="11" start="5" target_range="1"></effect>
		<effect id="12" start="10" target_range="2"></effect>
	</item>
	<item id="20000" name="弓箭手普通攻击" events="20:1,15:2">
		<action index="0" id="2" start="1" pos_type="0"></action>
		<effect id="13" start="2" target_range="1"></effect>
		<effect id="1" start="15" target_range="2"></effect>
	</item>
	<item id="30000" name="骑士普通攻击" events="15:1,10:2">
		<action index="0" id="2" start="1" pos_type="1"></action>
		<effect id="15" start="8" target_range="1"></effect>
		<effect id="16" start="10" target_range="2"></effect>
	</item>
	<!-- 职业技能 -->
	<item id="31501" name="血牙" events="21:1,15:2,12:3,16:4">
		<action index="0" id="3" start="1" pos_type="1"></action>
		<effect id="31501" start="12" target_range="2"></effect>
		<effect id="31502" start="15" target_range="1"></effect>
	</item>
	<item id="31201" name="翔天之击" combo="1" events="16:1,15:2,12:3,16:4">
		<action index="0" id="2" start="1" pos_type="1"></action>
	</item>
	<item id="31001" name="斩落" events="25:1,15:2,12:3,25:4"
		hurt_effect="1">
		<action index="0" id="3" start="1" pos_type="1"></action>
		<effect id="31001" start="1" target_range="1"></effect>
	</item>
	<item id="31101" name="剑痕" events="16:1,9:2,12:3,16:4">
		<action index="0" id="2" start="4" pos_type="4"></action>
		<effect id="31101" start="8" target_range="1"></effect>
	</item>
	<item id="31301" name="暗影之舞" events="21:1,8:2,12:3,16:4"
		hit_target="1">
		<action index="0" id="2" start="1" pos_type="1"></action>
		<effect id="31301" start="8" target_range="2"></effect>
	</item>
	<item id="31401" name="恶魔之尾" events="21:1,16:2,16:3">
		<action index="0" id="2" start="1" pos_type="4"></action>
		<effect id="314011" start="8" target_range="1"></effect>
		<effect id="31401" start="13" target_range="2"></effect>
	</item>
	<item id="31601" name="震魂击" events="21:1,13:2">
		<action index="0" id="2" start="1" pos_type="1"></action>
		<effect id="31601" start="1" target_range="1"></effect>
	</item>
	<item id="31701" name="急速强袭" events="21:1,15:2" order_hurt="2">
		<action index="0" id="6" start="1" pos_type="2"></action>
		<action index="0" id="0" start="10" pos_type="8"></action>
		<effect id="31701" start="8" target_range="1"></effect>
	</item>
	<item id="21001" name="瞄准射击" events="32:1,20:2,20:3">
		<action index="0" id="3" start="1" pos_type="0"></action>
		<effect id="210011" start="10" target_range="1"></effect>
		<effect id="210012" start="16" target_range="2"></effect>
	</item>
	<item id="21101" name="零式贯穿" events="34:1,23:2,23:3" order_hurt="2">
		<action index="0" id="2" start="1" pos_type="0"></action>
		<effect id="211011" start="13" target_range="1"></effect>
		<effect id="211012" start="18" target_range="22"></effect>
	</item>
	<item id="21201" name="凤凰之击" events="40:1,19:2,19:3">
		<action index="0" id="2" start="1" pos_type="0"></action>
		<effect id="212011" start="4" target_range="1"></effect>
		<effect id="212012" start="15" target_range="40"></effect>
	</item>
	<item id="21301" name="多重箭" events="29:1,20:2,20:3">
		<action index="0" id="3" start="1" pos_type="0"></action>
		<effect id="213011" start="6" target_range="1"></effect>
		<effect id="213012" start="17" target_range="2"></effect>
	</item>
	<item id="21401" name="高超技艺" combo="1" events="36:1,32:2" repeat="26:32">
		<action index="0" id="5" start="1" pos_type="0"></action>
		<action index="0" id="2" start="17" pos_type="0"></action>
		<effect id="21401" start="1" target_range="1"></effect>
		<effect id="1" start="32" target_range="2"></effect>
	</item>
	<item id="21501" name="崩溃之箭" events="22:1,21:2,21:3">
		<action index="0" id="2" start="1" pos_type="0"></action>
		<effect id="215011" start="5" target_range="1"></effect>
		<effect id="215012" start="19" target_range="2"></effect>
	</item>
	<item id="21601" name="天堂射击" events="46:1,34:2,34:3" hit_target="1">
		<action index="0" id="2" start="1" pos_type="0"></action>
		<effect id="216011" start="8" target_range="1"></effect>
		<effect id="216012" start="15" target_range="2"></effect>
	</item>
	<item id="21701" name="箭雨" events="50:1,35:2,12:3,16:4">
		<action index="0" id="3" start="1" pos_type="0"></action>
		<effect id="217011" start="3" target_range="1"></effect>
		<effect id="217012" start="15" target_range="40"></effect>
	</item>
	<item id="11001" name="治愈术" events="24:1,18:2" hit_target="1">
		<action index="0" id="5" start="1" pos_type="0"></action>
		<effect id="112011" start="1" target_range="1"></effect>
		<effect id="11001" start="17" target_range="2"></effect>
	</item>
	<item id="11101" name="中级治愈术" events="24:1,17:2" hit_target="1">
		<action index="0" id="5" start="1" pos_type="0"></action>
		<effect id="112011" start="1" target_range="1"></effect>
		<effect id="11001" start="11" target_range="2"></effect>
	</item>
	<item id="11201" name="生命绽放" events="37:1,17:2,12:3" hit_target="1">
		<action index="0" id="5" start="1" pos_type="0"></action>
		<effect id="112011" start="1" target_range="1"></effect>
		<effect id="112012" start="11" target_range="40"></effect>
	</item>
	<item id="11301" name="寒冰箭" events="55:1,21:2">
		<action index="0" id="5" start="1" pos_type="0"></action>
		<effect id="114011" start="5" target_range="1"></effect>
		<effect id="11301" start="21" target_range="2"></effect>
	</item>
	<item id="11401" name="冰晶爆破" events="40:1,21:2">
		<action index="0" id="5" start="1" pos_type="0"></action>
		<effect id="114011" start="5" target_range="1"></effect>
		<effect id="114012" start="21" target_range="30"></effect>
	</item>
	<item id="11501" name="闪电箭" events="25:1,15:2" order_hurt="2">
		<action index="0" id="3" start="1" pos_type="0"></action>
		<effect id="115011" start="1" target_range="1"></effect>
		<effect id="115012" start="17" target_range="22"></effect>
	</item>
	<item id="11601" name="雷霆审判" events="35:1,16:2">
		<action index="0" id="2" start="1" pos_type="0"></action>
		<effect id="116011" start="8" target_range="1"></effect>
		<effect id="116012" start="17" target_range="40"></effect>
	</item>
	<item id="11701" name="烈焰风暴" events="25:1,23:2">
		<action index="0" id="5" start="1" pos_type="0"></action>
		<effect id="117011" start="1" target_range="1"></effect>
		<effect id="117012" start="10" target_range="40"></effect>
	</item>
	<item id="11801" name="烈焰炸弹" combo="1" events="41:1,20:2" repeat="5:14">
		<action index="0" id="5" start="1" pos_type="0"></action>
		<effect id="117011" start="1" target_range="1"></effect>
		<effect id="11801" start="14" target_range="2"></effect>
	</item>
	<!-- 怪物技能 -->
	<item id="30001" name="重击" events="15:1,10:2">
		<action index="0" id="3" start="1" pos_type="1"></action>
		<effect id="31001" start="1" target_range="1"></effect>
		<effect id="16" start="10" target_range="2"></effect>
	</item>
	<item id="30002" name="重击改" events="15:1,10:2">
		<action index="0" id="3" start="1" pos_type="1"></action>
		<effect id="31001" start="1" target_range="1"></effect>
		<effect id="16" start="10" target_range="2"></effect>
	</item>
	<item id="30003" name="突击" events="16:1,9:2,12:3,16:4">
		<action index="0" id="2" start="4" pos_type="4"></action>
		<effect id="31101" start="8" target_range="1"></effect>
	</item>
	<item id="30004" name="突击改" events="16:1,9:2,12:3,16:4">
		<action index="0" id="2" start="4" pos_type="4"></action>
		<effect id="31101" start="8" target_range="1"></effect>
	</item>
		<item id="30005" name="连击" combo="1" events="16:1,15:2,12:3,16:4">
		<action index="0" id="2" start="1" pos_type="1"></action>
	</item>
	<item id="30006" name="连击改" combo="1" events="16:1,15:2,12:3,16:4">
		<action index="0" id="2" start="1" pos_type="1"></action>
	</item>
	<item id="30007" name="斩击" events="16:1,9:2,12:3,16:4">
		<action index="0" id="2" start="4" pos_type="4"></action>
		<effect id="31101" start="8" target_range="1"></effect>
	</item>
		<item id="30008" name="斩击改" events="16:1,9:2,12:3,16:4">
		<action index="0" id="2" start="4" pos_type="4"></action>
		<effect id="31101" start="8" target_range="1"></effect>
	</item>
	<item id="30011" name="嗜血" events="21:1,15:2,12:3,16:4">
		<action index="0" id="3" start="1" pos_type="1"></action>
		<effect id="31501" start="12" target_range="2"></effect>
		<effect id="31502" start="15" target_range="1"></effect>
	</item>
	<item id="30012" name="嗜血改" events="21:1,15:2,12:3,16:4">
		<action index="0" id="3" start="1" pos_type="1"></action>
		<effect id="31501" start="12" target_range="2"></effect>
		<effect id="31502" start="15" target_range="1"></effect>
	</item>
	<item id="30009" name="地震" events="21:1,15:2,12:3,16:4">
		<action index="0" id="3" start="1" pos_type="1"></action>
		<effect id="30009" start="12" target_range="40"></effect>
	</item>
	<item id="30010" name="地震改" events="21:1,15:2,12:3,16:4">
		<action index="0" id="3" start="1" pos_type="1"></action>
		<effect id="30009" start="12" target_range="40"></effect>
	</item>
	<item id="20001" name="狙击" events="32:1,20:2,20:3">
		<action index="0" id="3" start="1" pos_type="0"></action>
		<effect id="210011" start="10" target_range="1"></effect>
		<effect id="210012" start="16" target_range="2"></effect>
	</item>
	<item id="20002" name="狙击改" events="32:1,20:2,20:3">
		<action index="0" id="3" start="1" pos_type="0"></action>
		<effect id="210011" start="10" target_range="1"></effect>
		<effect id="210012" start="16" target_range="2"></effect>
	</item>
	<item id="20003" name="穿刺" events="34:1,23:2,23:3" order_hurt="2">
		<action index="0" id="2" start="1" pos_type="0"></action>
		<effect id="211011" start="13" target_range="1"></effect>
		<effect id="211012" start="18" target_range="22"></effect>
	</item>
	<item id="20004" name="穿刺改" events="34:1,23:2,23:3" order_hurt="2">
		<action index="0" id="2" start="1" pos_type="0"></action>
		<effect id="211011" start="13" target_range="1"></effect>
		<effect id="211012" start="18" target_range="22"></effect>
	</item>
	<item id="20005" name="猎魔箭" events="46:1,34:2,34:3">
		<action index="0" id="2" start="1" pos_type="0"></action>
		<effect id="216011" start="8" target_range="1"></effect>
		<effect id="216012" start="15" target_range="2"></effect>
	</item>
	<item id="20006" name="猎魔箭改" events="46:1,34:2,34:3">
		<action index="0" id="2" start="1" pos_type="0"></action>
		<effect id="216011" start="8" target_range="1"></effect>
		<effect id="216012" start="15" target_range="2"></effect>
	</item>
	<item id="20007" name="箭雨" events="50:1,35:2,12:3,16:4">
		<action index="0" id="3" start="1" pos_type="0"></action>
		<effect id="217011" start="3" target_range="1"></effect>
		<effect id="217012" start="15" target_range="40"></effect>
	</item>
	<item id="20008" name="箭雨改" events="50:1,35:2,12:3,16:4">
		<action index="0" id="3" start="1" pos_type="0"></action>
		<effect id="217011" start="3" target_range="1"></effect>
		<effect id="217012" start="15" target_range="40"></effect>
	</item>
	<item id="20009" name="多重箭" events="29:1,20:2,20:3">
		<action index="0" id="3" start="1" pos_type="0"></action>
		<effect id="213011" start="6" target_range="1"></effect>
		<effect id="213012" start="17" target_range="2"></effect>
	</item>
	<item id="20010" name="多重箭改" events="29:1,20:2,20:3">
		<action index="0" id="3" start="1" pos_type="0"></action>
		<effect id="213011" start="6" target_range="1"></effect>
		<effect id="213012" start="17" target_range="2"></effect>
	</item>
	<item id="10009" name="雷枪" events="25:1,15:2" order_hurt="2">
		<action index="0" id="3" start="1" pos_type="0"></action>
		<effect id="115011" start="1" target_range="1"></effect>
		<effect id="115012" start="17" target_range="22"></effect>
	</item>
	<item id="10010" name="雷枪改" events="25:1,15:2" order_hurt="2">
		<action index="0" id="3" start="1" pos_type="0"></action>
		<effect id="115011" start="1" target_range="1"></effect>
		<effect id="115012" start="17" target_range="22"></effect>
	</item>
	<item id="10011" name="冰锥" events="40:1,21:2">
		<action index="0" id="5" start="1" pos_type="0"></action>
		<effect id="114011" start="5" target_range="1"></effect>
		<effect id="114012" start="21" target_range="30"></effect>
	</item>
	<item id="10012" name="冰锥" events="40:1,21:2">
		<action index="0" id="5" start="1" pos_type="0"></action>
		<effect id="114011" start="5" target_range="1"></effect>
		<effect id="114012" start="21" target_range="30"></effect>
	</item>
	<item id="10019" name="治愈术" events="24:1,18:2" hit_target="1">
		<action index="0" id="5" start="1" pos_type="0"></action>
		<effect id="112011" start="1" target_range="1"></effect>
		<effect id="11001" start="17" target_range="2"></effect>
	</item>
	<item id="10020" name="治愈术改" events="24:1,18:2" hit_target="1">
		<action index="0" id="5" start="1" pos_type="0"></action>
		<effect id="112011" start="1" target_range="1"></effect>
		<effect id="11001" start="17" target_range="2"></effect>
	</item>
	<item id="10017" name="雷暴" events="35:1,16:2">
		<action index="0" id="2" start="1" pos_type="0"></action>
		<effect id="116011" start="8" target_range="1"></effect>
		<effect id="116012" start="17" target_range="40"></effect>
	</item>
	<item id="10018" name="雷暴改" events="35:1,16:2">
		<action index="0" id="2" start="1" pos_type="0"></action>
		<effect id="116011" start="8" target_range="1"></effect>
		<effect id="116012" start="17" target_range="40"></effect>
	</item>
	<item id="10013" name="炎爆术" events="35:1,16:2">
		<action index="0" id="2" start="1" pos_type="0"></action>
		<effect id="116011" start="8" target_range="1"></effect>
		<effect id="116012" start="17" target_range="40"></effect>
	</item>
	<item id="10014" name="炎爆术改" events="35:1,16:2">
		<action index="0" id="2" start="1" pos_type="0"></action>
		<effect id="116011" start="8" target_range="1"></effect>
		<effect id="116012" start="17" target_range="40"></effect>
	</item>
	<item id="10015" name="冰爆术" events="35:1,16:2">
		<action index="0" id="2" start="1" pos_type="0"></action>
		<effect id="116011" start="8" target_range="1"></effect>
		<effect id="116012" start="17" target_range="40"></effect>
	</item>
	<item id="10016" name="冰爆术改" events="35:1,16:2">
		<action index="0" id="2" start="1" pos_type="0"></action>
		<effect id="116011" start="8" target_range="1"></effect>
		<effect id="116012" start="17" target_range="40"></effect>
	</item>
	<item id="10001" name="火球术" events="35:1,21:2">
		<action index="0" id="5" start="1" pos_type="0"></action>
		<effect id="117011" start="5" target_range="1"></effect>
		<effect id="10001" start="15" target_range="2"></effect>
	</item>
	<item id="10002" name="火球术改" events="35:1,21:2">
		<action index="0" id="5" start="1" pos_type="0"></action>
		<effect id="117011" start="5" target_range="1"></effect>
		<effect id="10001" start="15" target_range="2"></effect>
	</item>
	<item id="10003" name="电球术" events="35:1,20:2">
		<action index="0" id="5" start="1" pos_type="0"></action>
		<effect id="116011" start="5" target_range="1"></effect>
		<effect id="10003" start="10" target_range="2"></effect>
	</item>
	<item id="10004" name="电球术改" events="35:1,16:2">
		<action index="0" id="5" start="1" pos_type="0"></action>
		<effect id="116011" start="5" target_range="1"></effect>
		<effect id="10003" start="10" target_range="2"></effect>
	</item>
	<item id="10005" name="冰球术" events="35:1,21:2">
		<action index="0" id="5" start="1" pos_type="0"></action>
		<effect id="114011" start="5" target_range="1"></effect>
		<effect id="10005" start="15" target_range="2"></effect>
	</item>
	<item id="10006" name="冰球术改" events="35:1,16:2">
		<action index="0" id="5" start="1" pos_type="0"></action>
		<effect id="114011" start="5" target_range="1"></effect>
		<effect id="10005" start="15" target_range="2"></effect>
	</item>
<item id="10007" name="火焰脉冲" events="35:1,20:2,1:10">
		<action index="0" id="5" start="1" pos_type="0"></action>
		<effect id="100221" start="10" target_range="1"></effect>
		<effect id="100232" start="18" target_range="22"></effect>
	</item>
	<item id="10008" name="真·火焰脉冲" events="35:1,20:2,1:10">
		<action index="0" id="5" start="1" pos_type="0"></action>
		<effect id="100221" start="10" target_range="1"></effect>
		<effect id="100232" start="18" target_range="22"></effect>
	</item>
	<item id="30013" name="治愈术" events="24:1,18:2" hit_target="1">
		<action index="0" id="5" start="1" pos_type="0"></action>
		<effect id="112011" start="1" target_range="1"></effect>
		<effect id="11001" start="17" target_range="2"></effect>
	</item>
		<item id="30014" name="真治愈术" events="24:1,18:2" hit_target="1">
		<action index="0" id="5" start="1" pos_type="0"></action>
		<effect id="112011" start="1" target_range="1"></effect>
		<effect id="11001" start="17" target_range="2"></effect>
	</item>

	<!-- BOSS技能 -->
	<item id="10021" name="火龙咆哮" events="50:1,15:2,35:2,1:10">
		<action index="0" id="3" start="1" pos_type="0"></action>
		<effect id="117011" start="5" target_range="1"></effect>
		<effect id="100211" start="10" target_range="22"></effect>
		<effect id="100212" start="30" target_range="40"></effect>
	</item>
	<item id="10022" name="火龙吐息" events="35:1,20:2,1:10">
		<action index="0" id="5" start="1" pos_type="0"></action>
		<effect id="100221" start="10" target_range="1"></effect>
		<effect id="100232" start="18" target_range="22"></effect>
	</item>
	<item id="10023" name="火山" events="60:1,20:2,30:2,35:2,40:2,45:2,50:2,55:2,1:10">
		<action index="0" id="3" start="1" pos_type="0"></action>
		<effect id="117011" start="5" target_range="1"></effect>
		<effect id="100223" start="15" target_range="40"></effect>
		<effect id="100222" start="35" target_range="40"></effect>
	</item>
	<item id="19993" name="火山" events="60:1,20:2,30:2,35:2,40:2,45:2,50:2,55:2,1:10">
		<action index="0" id="3" start="1" pos_type="0"></action>
		<effect id="117011" start="5" target_range="1"></effect>
		<effect id="100223" start="15" target_range="40"></effect>
		<effect id="100222" start="35" target_range="40"></effect>
	</item>
	<item id="19992" name="龙之怒焰" events="20:1,5:2">
		<action index="0" id="5" start="1" pos_type="0"></action>
		<effect id="100221" start="10" target_range="1"></effect>
		<effect id="405013" start="5" target_range="2"></effect>
	</item>
	<item id="19991" name="龙之怒焰" events="20:1,5:2">
		<action index="0" id="5" start="1" pos_type="0"></action>
		<effect id="100221" start="10" target_range="1"></effect>
		<effect id="100232" start="18" target_range="22"></effect>
	</item>



	<!-- 联协技能 -->
	<!-- 魔法关注 -->
	<item id="40101" name="魔法灌注" events="75:1,65:2,1:10" mask="1:10:60"
		shake="65:1:20:5">
		<action index="1" id="0" start="18" pos_type="2"></action>
		<action index="0" id="2" start="29" pos_type="0"></action>
		<action index="1" id="3" start="50" pos_type="0"></action>
		<effect index="0" id="20" start="29" target_range="1"></effect>
		<effect index="1" id="21" start="44" target_range="1"></effect>
		<effect id="16" start="65" target_range="2"></effect>
	</item>


	<!-- 全力戒备 -->
	<item id="40201" name="全力戒备" events="45:1,1:10" mask="1:10:45">
		<action index="0" id="5" start="15" pos_type="0"></action>
		<effect index="0" id="51501" start="15" target_range="1"></effect>
		<effect index="1" id="23" start="25" target_range="1"></effect>
	</item>
	<!-- 赫淮斯托斯之舞 -->
	<item id="50101" name="赫淮斯托斯之舞" events="90:1,50:2,60:2,70:2,80:2,15:10"
		mask="1:15:90" shake="10:1:5:0.3">
		<action index="0" id="0" start="1" pos_type="4"></action>
		<action index="1" id="5" start="3" pos_type="0"></action>
		<action index="2" id="5" start="3" pos_type="0"></action>
		<action index="0" id="8" start="40" pos_type="0"></action>
		<effect index="1" id="22" start="3" target_range="1"></effect>
		<effect index="2" id="22" start="3" target_range="1"></effect>
		<effect index="0" id="23" start="10" target_range="1"></effect>
		<effect index="0" id="24" start="40" target_range="1"></effect>
	</item>
	<!-- 猩红獠牙 -->
	<item id="40301" name="猩红獠牙" events="55:1,25:2,33:2,1:10" mask="1:15:55">
		<action index="0" id="0" start="18" pos_type="1"></action>
		<action index="0" id="2" start="18" pos_type="0"></action>
		<action index="1" id="3" start="25" pos_type="0"></action>
		<action index="0" id="0" start="36" pos_type="6"></action>
		<effect index="0" id="403011" start="18" target_range="1"></effect>
		<effect index="1" id="403012" start="32" target_range="1"></effect>
		<effect index="0" id="403013" start="38" target_range="2"></effect>
	</item>
	<!-- 冻风霜刃 -->
	<item id="40401" name="冻风霜刃" events="70:1,55:2,30:10" order_hurt="2"
		mask="1:30:70" shake="30:1:7:1" >
		<action index="0" id="5" start="30" pos_type="0"></action>
		<action index="1" id="3" start="45" pos_type="0"></action>
		<effect id="114011" start="35" target_range="1"></effect>
		<effect index="1" id="404011" start="37" target_range="1"></effect>
		<effect id="404012" start="55" target_range="22"></effect>
	</item>
	<!-- 魔法共鸣 -->
	<item id="40801" name="魔法共鸣" events="45:1,37:2,25:10" combo="1"
		repeat="32:40" hit_target="1" mask="1:25:45" shake="45:1:5:0.3"
		>
		<action index="0" id="3" start="25" pos_type="0"></action>
		<action index="1" id="3" start="25" pos_type="0"></action>
		<effect index="0" id="408011" start="25" target_range="1"></effect>
		<effect index="1" id="408011" start="25" target_range="1"></effect>
		<effect id="408013" start="3" end="75" target_range="40" loop="50"></effect>
		<effect id="408012" start="35" target_range="2"></effect>
	</item>
	<!-- 禁魔猎手 -->
	<item id="40901" name="禁魔猎手" events="65:1,45:2,50:2,25:10" mask="1:25:65"
		shake="65:1:5:0.3" >
		<action index="0" id="3" start="33" pos_type="0"></action>
		<action index="1" id="2" start="36" pos_type="0"></action>
		<effect index="0" id="409011" start="33" target_range="1"></effect>
		<effect index="1" id="409011" start="38" target_range="1"></effect>
		<effect id="409012" start="20" target_range="2"></effect>
		<effect id="409013" start="45" target_range="2"></effect>
		<effect id="409013" start="50" target_range="2"></effect>
	</item>
	<!-- 共鸣交替 -->
	<item id="40601" name="共鸣交替" events="40:1,8:2,23:2,1:10">
		<action index="0" id="0" start="1" pos_type="1"></action>
		<action index="0" id="2" start="3" pos_type="0"></action>
		<action index="0" id="0" start="20" pos_type="6"></action>
		<action index="1" id="0" start="4" pos_type="7"></action>
		<action index="1" id="3" start="7" pos_type="0"></action>
		<effect index="0" id="406011" start="7" target_range="1"></effect>
		<effect index="1" id="406012" start="4" target_range="1"></effect>
	</item>
	<!-- 天翔十字斩 -->
	<item id="40501" name="天翔十字斩" events="35:1,13:2,20:2,1:10">
		<action index="0" id="0" start="1" pos_type="5"></action>
		<action index="1" id="0" start="1" pos_type="3"></action>
		<action index="0" id="3" start="2" pos_type="0"></action>
		<action index="1" id="3" start="2" pos_type="0"></action>
		<effect index="0" id="405011" start="12" target_range="1"></effect>
		<effect index="1" id="405012" start="12" target_range="1"></effect>
		<effect id="405013" start="20" target_range="2"></effect>
	</item>
	<!-- 加速领域 -->
	<item id="40701" name="加速领域" events="20:1,15:2,1:10" hit_target="1">
		<action index="0" id="2" start="1" pos_type="0"></action>
		<action index="1" id="2" start="1" pos_type="0"></action>
		<effect index="0" id="407011" start="1" target_range="1"></effect>
		<effect index="1" id="407011" start="1" target_range="1"></effect>
		<effect id="407012" start="12" target_range="2"></effect>
		<effect id="407013" start="10" target_range="40"></effect>
	</item>
	<!-- 荒芜天翼斩 -->
	<item id="50801" name="荒芜天翼斩" events="25:1,8:2,1:10">
		<action index="0" id="0" start="1" pos_type="5"></action>
		<action index="1" id="0" start="1" pos_type="4"></action>
		<action index="2" id="0" start="1" pos_type="3"></action>
		<action index="0" id="0" start="6" pos_type="8"></action>
		<action index="1" id="0" start="6" pos_type="8"></action>
		<action index="2" id="0" start="6" pos_type="8"></action>
		<effect index="0" id="508011" start="5" target_range="1"></effect>
		<effect index="1" id="508011" start="5" target_range="1"></effect>
		<effect index="2" id="508011" start="5" target_range="1"></effect>
	</item>
	<!-- 安度西亚斯的祝福 -->
	<item id="41001" name="安度西亚斯的祝福" events="20:1,10:2,1:10">
		<action index="0" id="3" start="1" pos_type="0"></action>
		<action index="1" id="3" start="1" pos_type="0"></action>
		<effect index="0" id="410011" start="1" target_range="1"></effect>
		<effect index="1" id="410011" start="1" target_range="1"></effect>
		<effect id="410012" start="8" target_range="40"></effect>
	</item>
	<!-- 定罪之矢 -->
	<item id="41101" name="定罪之矢" events="62:1,54:2,20:10" 
		mask="1:30:62" shake="30:1:7:1">
		<action index="1" id="5" start="20" pos_type="0"></action>
		<action index="0" id="3" start="35" pos_type="0"></action>
		<effect index="1" id="411011" start="20" target_range="1"></effect>
		<effect id="411012" start="36" target_range="1"></effect>
		<effect id="411013" start="54" target_range="22"></effect>
	</item>
	<!-- 全力戒备 -->
	<item id="41201" name="制敌先机" events="45:1,1:10" mask="1:10:45">
		<action index="0" id="5" start="15" pos_type="0"></action>
		<effect index="0" id="51501" start="15" target_range="1"></effect>
		<effect index="1" id="23" start="25" target_range="1"></effect>
	</item>
	<!-- 菲尼克斯的强势 -->
	<item id="50201" name="菲尼克斯的强势" events="15:1,5:2,1:10" hit_target="1">
		<action index="0" id="3" start="1" pos_type="0"></action>
		<effect index="0" id="502011" start="1" target_range="1"></effect>
		<effect index="0" id="502014" start="1" target_range="1"></effect>
		<effect index="0" id="502012" start="1" target_range="1"></effect>
		<effect id="502011" start="8" target_range="2"></effect>
		<effect id="502013" start="5" target_range="2"></effect>
	</item>
	<!-- 魔法抑制 -->
	<item id="50301" name="魔法抑制" events="20:1,10:2,1:10" hit_target="1">
		<action index="0" id="3" start="1" pos_type="0"></action>
		<effect index="0" id="503011" start="1" target_range="1"></effect>
		<effect index="0" id="503012" start="1" target_range="1"></effect>
		<effect id="503013" start="10" target_range="2"></effect>
	</item>
	<!-- 狙击手之眼 -->
	<item id="50401" name="狙击手之眼" events="65:1,20:2,33:2,52:2,1:10"
		hit_target="1">
		<action index="1" id="0" start="1" pos_type="5"></action>
		<action index="2" id="0" start="1" pos_type="3"></action>
		<action index="0" id="3" start="10" pos_type="0"></action>
		<action index="1" id="3" start="25" pos_type="1"></action>
		<action index="1" id="0" start="40" pos_type="6"></action>
		<action index="2" id="2" start="45" pos_type="1"></action>
		<effect index="0" id="504011" start="10" target_range="1"></effect>
		<effect index="1" id="504013" start="32" target_range="1"></effect>
		<effect index="2" id="504014" start="49" target_range="1"></effect>
		<effect id="504012" start="20" target_range="2"></effect>
	</item>
	<!-- 全阵型攻击 -->
	<item id="50501" name="全阵型攻击" events="50:1,20:2,25:2,40:2,1:10"
		hit_target="1">
		<action index="0" id="3" start="10" pos_type="0"></action>
		<action index="1" id="3" start="15" pos_type="0"></action>
		<action index="2" id="3" start="30" pos_type="1"></action>
		<effect index="0" id="505011" start="10" target_range="1"></effect>
		<effect index="2" id="504013" start="40" target_range="1"></effect>
		<effect index="1" id="505011" start="15" target_range="1"></effect>
		<effect id="505012" start="25" target_range="2"></effect>
		<effect id="505012" start="20" target_range="2"></effect>
	</item>
	<!-- 无限之岚 -->
	<item id="50601" name="无限之岚" events="70:1,40:2,50:2,60:2,1:10">
		<action index="0" id="5" start="20" pos_type="0"></action>
		<action index="1" id="2" start="1" pos_type="0"></action>
		<action index="2" id="2" start="1" pos_type="0"></action>
		<effect index="1" id="506011" start="1" target_range="1"></effect>
		<effect index="2" id="506011" start="1" target_range="1"></effect>
		<effect index="0" id="506012" start="15" target_range="1"></effect>
		<effect index="0" id="506013" start="10" target_range="1"></effect>
		<effect id="506014" start="30" target_range="40"></effect>
	</item>
	<!-- 贯穿雷枪 -->
	<item id="50701" name="贯穿雷枪" events="65:1,42:2,1:10" hit_target="1">
		<action index="0" id="3" start="20" pos_type="0"></action>
		<action index="1" id="2" start="1" pos_type="0"></action>
		<action index="2" id="2" start="1" pos_type="0"></action>
		<effect index="1" id="507011" start="1" target_range="1"></effect>
		<effect index="2" id="507011" start="1" target_range="1"></effect>
		<effect index="0" id="507012" start="15" target_range="1"></effect>
		<effect id="507013" start="35" target_range="22"></effect>
		<effect id="507014" start="37" target_range="2"></effect>
	</item>
	<item id="50901" name="剑之舞者" events="15:1,5:2,1:10" hit_target="1">
		<action index="0" id="5" start="1" pos_type="0"></action>
		<action index="1" id="5" start="1" pos_type="0"></action>
		<action index="2" id="5" start="1" pos_type="0"></action>
		<effect index="0" id="502011" start="1" target_range="1"></effect>
		<effect index="1" id="502011" start="1" target_range="1"></effect>
		<effect index="2" id="502011" start="1" target_range="1"></effect>
		<effect index="0" id="502013" start="1" target_range="1"></effect>
		<effect index="1" id="502013" start="1" target_range="1"></effect>
		<effect index="2" id="502013" start="1" target_range="1"></effect>
	</item>
	<item id="51101" name="静默咒语" events="20:1,8:2,1:10">
		<action index="0" id="3" start="5" pos_type="0"></action>
		<action index="1" id="3" start="5" pos_type="0"></action>
		<action index="2" id="3" start="5" pos_type="0"></action>
		<effect index="0" id="114011" start="5" target_range="1"></effect>
		<effect index="1" id="114011" start="5" target_range="1"></effect>
		<effect index="2" id="114011" start="5" target_range="1"></effect>
	</item>
	<item id="51201" name="元素爆炸" events="88:1,75:2,80:2,25:10" 
		combo="1" mask="1:25:88" shake="75:1:5:0.3"
		>
		<action index="0" id="3" start="25" pos_type="0"></action>
		<action index="1" id="3" start="25" pos_type="0"></action>
		<action index="2" id="3" start="25" pos_type="0"></action>
		<effect index="0" id="114011" start="25" target_range="1"></effect>
		<effect index="1" id="117011" start="25" target_range="1"></effect>
		<effect index="2" id="116011" start="25" target_range="1"></effect>
		<effect id="51201" start="32" target_range="40" ></effect>
	</item>
	<item id="51301" name="五月雨之击" events="28:1,15:2">
		<action index="0" id="3" start="1" pos_type="0"></action>
		<action index="1" id="3" start="1" pos_type="0"></action>
		<action index="2" id="3" start="1" pos_type="0"></action>
		<effect index="0" id="51501" start="1" target_range="1"></effect>
		<effect index="1" id="51501" start="1" target_range="1"></effect>
		<effect index="2" id="51501" start="1" target_range="1"></effect>
	</item>
	<item id="51401" name="猩红世界" events="80:1,76:2,25:10" 
		combo="1" mask="1:25:45" shake="76:1:5:0.3"
		>
		<action index="0" id="5" start="25" pos_type="0"></action>
		<action index="1" id="5" start="25" pos_type="0"></action>
		<action index="2" id="3" start="44" pos_type="0"></action>
		<effect index="0" id="514011" start="28" target_range="1"></effect>
		<effect index="1" id="514011" start="31" target_range="1"></effect>
		<effect index="2" id="514012" start="48" target_range="1"></effect>
		<effect id="514013" start="48" target_range="40" ></effect>
	</item>
	<item id="51501" name="西尔芙的恩宠" events="20:1,10:2">
		<action index="0" id="3" start="1" pos_type="0"></action>
		<action index="1" id="3" start="1" pos_type="0"></action>
		<action index="2" id="3" start="1" pos_type="0"></action>
		<effect index="0" id="51501" start="1" target_range="1"></effect>
		<effect index="1" id="51501" start="1" target_range="1"></effect>
		<effect index="2" id="51501" start="1" target_range="1"></effect>
	</item>
	<!-- 拉莫的低鸣 -->
	<item id="51601" name="拉莫的低鸣" events="45:1,38:2,1:10" mask="1:5:45">
		<action index="0" id="0" start="1" pos_type="4"></action>
		<action index="0" id="5" start="5" pos_type="0"></action>
		<action index="0" id="3" start="25" pos_type="0"></action>
		<action index="1" id="3" start="5" pos_type="0"></action>
		<action index="2" id="3" start="5" pos_type="0"></action>
		<effect index="0" id="502012" start="8" target_range="1"></effect>
		<effect index="1" id="516011" start="8" target_range="1"></effect>
		<effect index="2" id="516011" start="8" target_range="1"></effect>
		<effect index="0" id="516012" start="35" target_range="1"></effect>
		<effect id="516013" start="35" target_range="30"></effect>
	</item>
</skill>