<items>
	<item id="141" fight_capacity="10000" gift_id="82147"/>
	<item id="142" fight_capacity="25000" gift_id="82148"/>
	<item id="143" fight_capacity="50000" gift_id="82149"/>
	<item id="144" fight_capacity="100000" gift_id="82150"/>
	<item id="145" fight_capacity="200000" gift_id="82151"/>
	<item id="146" fight_capacity="300000" gift_id="82152"/>
	<item id="147" fight_capacity="350000" gift_id="82153"/>
	<item id="148" fight_capacity="400000" gift_id="82154"/>
	<item id="149" fight_capacity="450000" gift_id="82155"/>
</items>