<?xml version="1.0" encoding="UTF-8"?>
<data>
	<!-- fund_type:500基金2000基金 -->
	<!-- bonus_type:奖励等级 -->
	<!-- need_level:玩家等级要求 -->
	<!-- money_type:奖励类型 -->
	<!-- money_value:奖励值 -->
	<item fund_type="880" bonus_type="1" need_level="30" money_type="3" money_value="98" />
	<item fund_type="880" bonus_type="2" need_level="40" money_type="3" money_value="198" />
	<item fund_type="880" bonus_type="3" need_level="45" money_type="3" money_value="398" />
	<item fund_type="880" bonus_type="4" need_level="50" money_type="3" money_value="498" />
	<item fund_type="880" bonus_type="5" need_level="55" money_type="3" money_value="598" />
	<item fund_type="2880" bonus_type="1" need_level="30" money_type="3" money_value="988" />
	<item fund_type="2880" bonus_type="2" need_level="40" money_type="3" money_value="1888" />
	<item fund_type="2880" bonus_type="3" need_level="45" money_type="3" money_value="2888" />
	<item fund_type="2880" bonus_type="4" need_level="50" money_type="3" money_value="3888" />
	<item fund_type="2880" bonus_type="5" need_level="55" money_type="3" money_value="4888" />
</data>