<items>
	<item itemId="70101" type="1" level="1"/>
	<item itemId="70102" type="1" level="2"/>
	<item itemId="70103" type="1" level="3"/>
	<item itemId="70104" type="1" level="4"/>
	<item itemId="70105" type="1" level="5"/>
	<item itemId="70106" type="1" level="6"/>
	<item itemId="70201" type="2" level="1"/>
	<item itemId="70202" type="2" level="2"/>
	<item itemId="70203" type="2" level="3"/>
	<item itemId="70204" type="2" level="4"/>
	<item itemId="70205" type="2" level="5"/>
	<item itemId="70206" type="2" level="6"/>
	<item itemId="70301" type="3" level="1"/>
	<item itemId="70302" type="3" level="2"/>
	<item itemId="70303" type="3" level="3"/>
	<item itemId="70304" type="3" level="4"/>
	<item itemId="70305" type="3" level="5"/>
	<item itemId="70306" type="3" level="6"/>
	<item itemId="70401" type="4" level="1"/>
	<item itemId="70402" type="4" level="2"/>
	<item itemId="70403" type="4" level="3"/>
	<item itemId="70404" type="4" level="4"/>
	<item itemId="70405" type="4" level="5"/>
	<item itemId="70406" type="4" level="6"/>
	<item itemId="70501" type="5" level="1"/>
	<item itemId="70502" type="5" level="2"/>
	<item itemId="70503" type="5" level="3"/>
	<item itemId="70504" type="5" level="4"/>
	<item itemId="70505" type="5" level="5"/>
	<item itemId="70506" type="5" level="6"/>
	<item itemId="70601" type="6" level="1"/>
	<item itemId="70602" type="6" level="2"/>
	<item itemId="70603" type="6" level="3"/>
	<item itemId="70604" type="6" level="4"/>
	<item itemId="70605" type="6" level="5"/>
	<item itemId="70606" type="6" level="6"/>
</items>