<items>
	<item itemId="70101">
		<needItems>
			<item itemId="0" number="0"/>
		</needItems>
		<attrItem equip_pos="10" attrKey="9" attrValue="25"/>
		<attrItem equip_pos="8" attrKey="9" attrValue="25"/>
		<attrItem equip_pos="9" attrKey="9" attrValue="25"/>
		<attrItem equip_pos="11" attrKey="10" attrValue="50"/>
		<attrItem equip_pos="2" attrKey="10" attrValue="50"/>
		<attrItem equip_pos="3" attrKey="10" attrValue="50"/>
		<attrItem equip_pos="4" attrKey="10" attrValue="50"/>
		<attrItem equip_pos="1" attrKey="15" attrValue="8"/>
		<attrItem equip_pos="5" attrKey="15" attrValue="8"/>
		<attrItem equip_pos="6" attrKey="15" attrValue="8"/>
		<attrItem equip_pos="7" attrKey="15" attrValue="8"/>
	</item>
	<item itemId="70102">
		<needItems>
			<item itemId="70101" number="3"/>
		</needItems>
		<attrItem equip_pos="10" attrKey="9" attrValue="65"/>
		<attrItem equip_pos="8" attrKey="9" attrValue="65"/>
		<attrItem equip_pos="9" attrKey="9" attrValue="65"/>
		<attrItem equip_pos="11" attrKey="10" attrValue="130"/>
		<attrItem equip_pos="2" attrKey="10" attrValue="130"/>
		<attrItem equip_pos="3" attrKey="10" attrValue="130"/>
		<attrItem equip_pos="4" attrKey="10" attrValue="130"/>
		<attrItem equip_pos="1" attrKey="15" attrValue="20"/>
		<attrItem equip_pos="5" attrKey="15" attrValue="20"/>
		<attrItem equip_pos="6" attrKey="15" attrValue="20"/>
		<attrItem equip_pos="7" attrKey="15" attrValue="20"/>
	</item>
	<item itemId="70103">
		<needItems>
			<item itemId="70102" number="3"/>
		</needItems>
		<attrItem equip_pos="10" attrKey="9" attrValue="120"/>
		<attrItem equip_pos="8" attrKey="9" attrValue="120"/>
		<attrItem equip_pos="9" attrKey="9" attrValue="120"/>
		<attrItem equip_pos="11" attrKey="10" attrValue="240"/>
		<attrItem equip_pos="2" attrKey="10" attrValue="240"/>
		<attrItem equip_pos="3" attrKey="10" attrValue="240"/>
		<attrItem equip_pos="4" attrKey="10" attrValue="240"/>
		<attrItem equip_pos="1" attrKey="15" attrValue="40"/>
		<attrItem equip_pos="5" attrKey="15" attrValue="40"/>
		<attrItem equip_pos="6" attrKey="15" attrValue="40"/>
		<attrItem equip_pos="7" attrKey="15" attrValue="40"/>
	</item>
	<item itemId="70104">
		<needItems>
			<item itemId="70103" number="3"/>
		</needItems>
		<attrItem equip_pos="10" attrKey="9" attrValue="190"/>
		<attrItem equip_pos="8" attrKey="9" attrValue="190"/>
		<attrItem equip_pos="9" attrKey="9" attrValue="190"/>
		<attrItem equip_pos="11" attrKey="10" attrValue="380"/>
		<attrItem equip_pos="2" attrKey="10" attrValue="380"/>
		<attrItem equip_pos="3" attrKey="10" attrValue="380"/>
		<attrItem equip_pos="4" attrKey="10" attrValue="380"/>
		<attrItem equip_pos="1" attrKey="15" attrValue="60"/>
		<attrItem equip_pos="5" attrKey="15" attrValue="60"/>
		<attrItem equip_pos="6" attrKey="15" attrValue="60"/>
		<attrItem equip_pos="7" attrKey="15" attrValue="60"/>
	</item>
	<item itemId="70105">
		<needItems>
			<item itemId="70104" number="3"/>
		</needItems>
		<attrItem equip_pos="10" attrKey="9" attrValue="280"/>
		<attrItem equip_pos="8" attrKey="9" attrValue="280"/>
		<attrItem equip_pos="9" attrKey="9" attrValue="280"/>
		<attrItem equip_pos="11" attrKey="10" attrValue="560"/>
		<attrItem equip_pos="2" attrKey="10" attrValue="560"/>
		<attrItem equip_pos="3" attrKey="10" attrValue="560"/>
		<attrItem equip_pos="4" attrKey="10" attrValue="560"/>
		<attrItem equip_pos="1" attrKey="15" attrValue="90"/>
		<attrItem equip_pos="5" attrKey="15" attrValue="90"/>
		<attrItem equip_pos="6" attrKey="15" attrValue="90"/>
		<attrItem equip_pos="7" attrKey="15" attrValue="90"/>
	</item>
	<item itemId="70106">
		<needItems>
			<item itemId="70105" number="3"/>
		</needItems>
		<attrItem equip_pos="10" attrKey="9" attrValue="365"/>
		<attrItem equip_pos="8" attrKey="9" attrValue="365"/>
		<attrItem equip_pos="9" attrKey="9" attrValue="365"/>
		<attrItem equip_pos="11" attrKey="10" attrValue="730"/>
		<attrItem equip_pos="2" attrKey="10" attrValue="730"/>
		<attrItem equip_pos="3" attrKey="10" attrValue="730"/>
		<attrItem equip_pos="4" attrKey="10" attrValue="730"/>
		<attrItem equip_pos="1" attrKey="15" attrValue="120"/>
		<attrItem equip_pos="5" attrKey="15" attrValue="120"/>
		<attrItem equip_pos="6" attrKey="15" attrValue="120"/>
		<attrItem equip_pos="7" attrKey="15" attrValue="120"/>
	</item>
	<item itemId="70201">
		<needItems>
			<item itemId="0" number="0"/>
		</needItems>
		<attrItem equip_pos="10" attrKey="11" attrValue="25"/>
		<attrItem equip_pos="8" attrKey="11" attrValue="25"/>
		<attrItem equip_pos="9" attrKey="11" attrValue="25"/>
		<attrItem equip_pos="11" attrKey="12" attrValue="50"/>
		<attrItem equip_pos="2" attrKey="12" attrValue="50"/>
		<attrItem equip_pos="3" attrKey="12" attrValue="50"/>
		<attrItem equip_pos="4" attrKey="12" attrValue="50"/>
		<attrItem equip_pos="1" attrKey="17" attrValue="8"/>
		<attrItem equip_pos="5" attrKey="17" attrValue="8"/>
		<attrItem equip_pos="6" attrKey="17" attrValue="8"/>
		<attrItem equip_pos="7" attrKey="17" attrValue="8"/>
	</item>
	<item itemId="70202">
		<needItems>
			<item itemId="70201" number="3"/>
		</needItems>
		<attrItem equip_pos="10" attrKey="11" attrValue="65"/>
		<attrItem equip_pos="8" attrKey="11" attrValue="65"/>
		<attrItem equip_pos="9" attrKey="11" attrValue="65"/>
		<attrItem equip_pos="11" attrKey="12" attrValue="130"/>
		<attrItem equip_pos="2" attrKey="12" attrValue="130"/>
		<attrItem equip_pos="3" attrKey="12" attrValue="130"/>
		<attrItem equip_pos="4" attrKey="12" attrValue="130"/>
		<attrItem equip_pos="1" attrKey="17" attrValue="20"/>
		<attrItem equip_pos="5" attrKey="17" attrValue="20"/>
		<attrItem equip_pos="6" attrKey="17" attrValue="20"/>
		<attrItem equip_pos="7" attrKey="17" attrValue="20"/>
	</item>
	<item itemId="70203">
		<needItems>
			<item itemId="70202" number="3"/>
		</needItems>
		<attrItem equip_pos="10" attrKey="11" attrValue="120"/>
		<attrItem equip_pos="8" attrKey="11" attrValue="120"/>
		<attrItem equip_pos="9" attrKey="11" attrValue="120"/>
		<attrItem equip_pos="11" attrKey="12" attrValue="240"/>
		<attrItem equip_pos="2" attrKey="12" attrValue="240"/>
		<attrItem equip_pos="3" attrKey="12" attrValue="240"/>
		<attrItem equip_pos="4" attrKey="12" attrValue="240"/>
		<attrItem equip_pos="1" attrKey="17" attrValue="40"/>
		<attrItem equip_pos="5" attrKey="17" attrValue="40"/>
		<attrItem equip_pos="6" attrKey="17" attrValue="40"/>
		<attrItem equip_pos="7" attrKey="17" attrValue="40"/>
	</item>
	<item itemId="70204">
		<needItems>
			<item itemId="70203" number="3"/>
		</needItems>
		<attrItem equip_pos="10" attrKey="11" attrValue="190"/>
		<attrItem equip_pos="8" attrKey="11" attrValue="190"/>
		<attrItem equip_pos="9" attrKey="11" attrValue="190"/>
		<attrItem equip_pos="11" attrKey="12" attrValue="380"/>
		<attrItem equip_pos="2" attrKey="12" attrValue="380"/>
		<attrItem equip_pos="3" attrKey="12" attrValue="380"/>
		<attrItem equip_pos="4" attrKey="12" attrValue="380"/>
		<attrItem equip_pos="1" attrKey="17" attrValue="60"/>
		<attrItem equip_pos="5" attrKey="17" attrValue="60"/>
		<attrItem equip_pos="6" attrKey="17" attrValue="60"/>
		<attrItem equip_pos="7" attrKey="17" attrValue="60"/>
	</item>
	<item itemId="70205">
		<needItems>
			<item itemId="70204" number="3"/>
		</needItems>
		<attrItem equip_pos="10" attrKey="11" attrValue="280"/>
		<attrItem equip_pos="8" attrKey="11" attrValue="280"/>
		<attrItem equip_pos="9" attrKey="11" attrValue="280"/>
		<attrItem equip_pos="11" attrKey="12" attrValue="560"/>
		<attrItem equip_pos="2" attrKey="12" attrValue="560"/>
		<attrItem equip_pos="3" attrKey="12" attrValue="560"/>
		<attrItem equip_pos="4" attrKey="12" attrValue="560"/>
		<attrItem equip_pos="1" attrKey="17" attrValue="90"/>
		<attrItem equip_pos="5" attrKey="17" attrValue="90"/>
		<attrItem equip_pos="6" attrKey="17" attrValue="90"/>
		<attrItem equip_pos="7" attrKey="17" attrValue="90"/>
	</item>
	<item itemId="70206">
		<needItems>
			<item itemId="70205" number="3"/>
		</needItems>
		<attrItem equip_pos="10" attrKey="11" attrValue="365"/>
		<attrItem equip_pos="8" attrKey="11" attrValue="365"/>
		<attrItem equip_pos="9" attrKey="11" attrValue="365"/>
		<attrItem equip_pos="11" attrKey="12" attrValue="730"/>
		<attrItem equip_pos="2" attrKey="12" attrValue="730"/>
		<attrItem equip_pos="3" attrKey="12" attrValue="730"/>
		<attrItem equip_pos="4" attrKey="12" attrValue="730"/>
		<attrItem equip_pos="1" attrKey="17" attrValue="120"/>
		<attrItem equip_pos="5" attrKey="17" attrValue="120"/>
		<attrItem equip_pos="6" attrKey="17" attrValue="120"/>
		<attrItem equip_pos="7" attrKey="17" attrValue="120"/>
	</item>
	<item itemId="70301">
		<needItems>
			<item itemId="0" number="0"/>
		</needItems>
		<attrItem equip_pos="10" attrKey="37" attrValue="10"/>
		<attrItem equip_pos="8" attrKey="37" attrValue="10"/>
		<attrItem equip_pos="9" attrKey="37" attrValue="10"/>
		<attrItem equip_pos="11" attrKey="16" attrValue="8"/>
		<attrItem equip_pos="2" attrKey="16" attrValue="8"/>
		<attrItem equip_pos="3" attrKey="16" attrValue="8"/>
		<attrItem equip_pos="4" attrKey="16" attrValue="8"/>
		<attrItem equip_pos="1" attrKey="29" attrValue="8"/>
		<attrItem equip_pos="5" attrKey="29" attrValue="8"/>
		<attrItem equip_pos="6" attrKey="29" attrValue="8"/>
		<attrItem equip_pos="7" attrKey="29" attrValue="8"/>
	</item>
	<item itemId="70302">
		<needItems>
			<item itemId="70301" number="3"/>
		</needItems>
		<attrItem equip_pos="10" attrKey="37" attrValue="20"/>
		<attrItem equip_pos="8" attrKey="37" attrValue="20"/>
		<attrItem equip_pos="9" attrKey="37" attrValue="20"/>
		<attrItem equip_pos="11" attrKey="16" attrValue="20"/>
		<attrItem equip_pos="2" attrKey="16" attrValue="20"/>
		<attrItem equip_pos="3" attrKey="16" attrValue="20"/>
		<attrItem equip_pos="4" attrKey="16" attrValue="20"/>
		<attrItem equip_pos="1" attrKey="29" attrValue="20"/>
		<attrItem equip_pos="5" attrKey="29" attrValue="20"/>
		<attrItem equip_pos="6" attrKey="29" attrValue="20"/>
		<attrItem equip_pos="7" attrKey="29" attrValue="20"/>
	</item>
	<item itemId="70303">
		<needItems>
			<item itemId="70302" number="3"/>
		</needItems>
		<attrItem equip_pos="10" attrKey="37" attrValue="30"/>
		<attrItem equip_pos="8" attrKey="37" attrValue="30"/>
		<attrItem equip_pos="9" attrKey="37" attrValue="30"/>
		<attrItem equip_pos="11" attrKey="16" attrValue="40"/>
		<attrItem equip_pos="2" attrKey="16" attrValue="40"/>
		<attrItem equip_pos="3" attrKey="16" attrValue="40"/>
		<attrItem equip_pos="4" attrKey="16" attrValue="40"/>
		<attrItem equip_pos="1" attrKey="29" attrValue="40"/>
		<attrItem equip_pos="5" attrKey="29" attrValue="40"/>
		<attrItem equip_pos="6" attrKey="29" attrValue="40"/>
		<attrItem equip_pos="7" attrKey="29" attrValue="40"/>
	</item>
	<item itemId="70304">
		<needItems>
			<item itemId="70303" number="3"/>
		</needItems>
		<attrItem equip_pos="10" attrKey="37" attrValue="40"/>
		<attrItem equip_pos="8" attrKey="37" attrValue="40"/>
		<attrItem equip_pos="9" attrKey="37" attrValue="40"/>
		<attrItem equip_pos="11" attrKey="16" attrValue="60"/>
		<attrItem equip_pos="2" attrKey="16" attrValue="60"/>
		<attrItem equip_pos="3" attrKey="16" attrValue="60"/>
		<attrItem equip_pos="4" attrKey="16" attrValue="60"/>
		<attrItem equip_pos="1" attrKey="29" attrValue="60"/>
		<attrItem equip_pos="5" attrKey="29" attrValue="60"/>
		<attrItem equip_pos="6" attrKey="29" attrValue="60"/>
		<attrItem equip_pos="7" attrKey="29" attrValue="60"/>
	</item>
	<item itemId="70305">
		<needItems>
			<item itemId="70304" number="3"/>
		</needItems>
		<attrItem equip_pos="10" attrKey="37" attrValue="50"/>
		<attrItem equip_pos="8" attrKey="37" attrValue="50"/>
		<attrItem equip_pos="9" attrKey="37" attrValue="50"/>
		<attrItem equip_pos="11" attrKey="16" attrValue="90"/>
		<attrItem equip_pos="2" attrKey="16" attrValue="90"/>
		<attrItem equip_pos="3" attrKey="16" attrValue="90"/>
		<attrItem equip_pos="4" attrKey="16" attrValue="90"/>
		<attrItem equip_pos="1" attrKey="29" attrValue="90"/>
		<attrItem equip_pos="5" attrKey="29" attrValue="90"/>
		<attrItem equip_pos="6" attrKey="29" attrValue="90"/>
		<attrItem equip_pos="7" attrKey="29" attrValue="90"/>
	</item>
	<item itemId="70306">
		<needItems>
			<item itemId="70305" number="3"/>
		</needItems>
		<attrItem equip_pos="10" attrKey="37" attrValue="60"/>
		<attrItem equip_pos="8" attrKey="37" attrValue="60"/>
		<attrItem equip_pos="9" attrKey="37" attrValue="60"/>
		<attrItem equip_pos="11" attrKey="16" attrValue="120"/>
		<attrItem equip_pos="2" attrKey="16" attrValue="120"/>
		<attrItem equip_pos="3" attrKey="16" attrValue="120"/>
		<attrItem equip_pos="4" attrKey="16" attrValue="120"/>
		<attrItem equip_pos="1" attrKey="29" attrValue="120"/>
		<attrItem equip_pos="5" attrKey="29" attrValue="120"/>
		<attrItem equip_pos="6" attrKey="29" attrValue="120"/>
		<attrItem equip_pos="7" attrKey="29" attrValue="120"/>
	</item>
	<item itemId="70401">
		<needItems>
			<item itemId="0" number="0"/>
		</needItems>
		<attrItem equip_pos="10" attrKey="38" attrValue="10"/>
		<attrItem equip_pos="8" attrKey="38" attrValue="10"/>
		<attrItem equip_pos="9" attrKey="38" attrValue="10"/>
		<attrItem equip_pos="11" attrKey="18" attrValue="8"/>
		<attrItem equip_pos="2" attrKey="18" attrValue="8"/>
		<attrItem equip_pos="3" attrKey="18" attrValue="8"/>
		<attrItem equip_pos="4" attrKey="18" attrValue="8"/>
		<attrItem equip_pos="1" attrKey="2" attrValue="85"/>
		<attrItem equip_pos="5" attrKey="2" attrValue="85"/>
		<attrItem equip_pos="6" attrKey="2" attrValue="85"/>
		<attrItem equip_pos="7" attrKey="2" attrValue="85"/>
	</item>
	<item itemId="70402">
		<needItems>
			<item itemId="70401" number="3"/>
		</needItems>
		<attrItem equip_pos="10" attrKey="38" attrValue="20"/>
		<attrItem equip_pos="8" attrKey="38" attrValue="20"/>
		<attrItem equip_pos="9" attrKey="38" attrValue="20"/>
		<attrItem equip_pos="11" attrKey="18" attrValue="20"/>
		<attrItem equip_pos="2" attrKey="18" attrValue="20"/>
		<attrItem equip_pos="3" attrKey="18" attrValue="20"/>
		<attrItem equip_pos="4" attrKey="18" attrValue="20"/>
		<attrItem equip_pos="1" attrKey="2" attrValue="220"/>
		<attrItem equip_pos="5" attrKey="2" attrValue="220"/>
		<attrItem equip_pos="6" attrKey="2" attrValue="220"/>
		<attrItem equip_pos="7" attrKey="2" attrValue="220"/>
	</item>
	<item itemId="70403">
		<needItems>
			<item itemId="70402" number="3"/>
		</needItems>
		<attrItem equip_pos="10" attrKey="38" attrValue="30"/>
		<attrItem equip_pos="8" attrKey="38" attrValue="30"/>
		<attrItem equip_pos="9" attrKey="38" attrValue="30"/>
		<attrItem equip_pos="11" attrKey="18" attrValue="40"/>
		<attrItem equip_pos="2" attrKey="18" attrValue="40"/>
		<attrItem equip_pos="3" attrKey="18" attrValue="40"/>
		<attrItem equip_pos="4" attrKey="18" attrValue="40"/>
		<attrItem equip_pos="1" attrKey="2" attrValue="400"/>
		<attrItem equip_pos="5" attrKey="2" attrValue="400"/>
		<attrItem equip_pos="6" attrKey="2" attrValue="400"/>
		<attrItem equip_pos="7" attrKey="2" attrValue="400"/>
	</item>
	<item itemId="70404">
		<needItems>
			<item itemId="70403" number="3"/>
		</needItems>
		<attrItem equip_pos="10" attrKey="38" attrValue="40"/>
		<attrItem equip_pos="8" attrKey="38" attrValue="40"/>
		<attrItem equip_pos="9" attrKey="38" attrValue="40"/>
		<attrItem equip_pos="11" attrKey="18" attrValue="60"/>
		<attrItem equip_pos="2" attrKey="18" attrValue="60"/>
		<attrItem equip_pos="3" attrKey="18" attrValue="60"/>
		<attrItem equip_pos="4" attrKey="18" attrValue="60"/>
		<attrItem equip_pos="1" attrKey="2" attrValue="630"/>
		<attrItem equip_pos="5" attrKey="2" attrValue="630"/>
		<attrItem equip_pos="6" attrKey="2" attrValue="630"/>
		<attrItem equip_pos="7" attrKey="2" attrValue="630"/>
	</item>
	<item itemId="70405">
		<needItems>
			<item itemId="70404" number="3"/>
		</needItems>
		<attrItem equip_pos="10" attrKey="38" attrValue="50"/>
		<attrItem equip_pos="8" attrKey="38" attrValue="50"/>
		<attrItem equip_pos="9" attrKey="38" attrValue="50"/>
		<attrItem equip_pos="11" attrKey="18" attrValue="90"/>
		<attrItem equip_pos="2" attrKey="18" attrValue="90"/>
		<attrItem equip_pos="3" attrKey="18" attrValue="90"/>
		<attrItem equip_pos="4" attrKey="18" attrValue="90"/>
		<attrItem equip_pos="1" attrKey="2" attrValue="950"/>
		<attrItem equip_pos="5" attrKey="2" attrValue="950"/>
		<attrItem equip_pos="6" attrKey="2" attrValue="950"/>
		<attrItem equip_pos="7" attrKey="2" attrValue="950"/>
	</item>
	<item itemId="70406">
		<needItems>
			<item itemId="70405" number="3"/>
		</needItems>
		<attrItem equip_pos="10" attrKey="38" attrValue="60"/>
		<attrItem equip_pos="8" attrKey="38" attrValue="60"/>
		<attrItem equip_pos="9" attrKey="38" attrValue="60"/>
		<attrItem equip_pos="11" attrKey="18" attrValue="120"/>
		<attrItem equip_pos="2" attrKey="18" attrValue="120"/>
		<attrItem equip_pos="3" attrKey="18" attrValue="120"/>
		<attrItem equip_pos="4" attrKey="18" attrValue="120"/>
		<attrItem equip_pos="1" attrKey="2" attrValue="1250"/>
		<attrItem equip_pos="5" attrKey="2" attrValue="1250"/>
		<attrItem equip_pos="6" attrKey="2" attrValue="1250"/>
		<attrItem equip_pos="7" attrKey="2" attrValue="1250"/>
	</item>

</items>