<items>
    <item id="32001">
        <way type="9" roundId="612" grade="1" dec="从【古代王国】宝物兑换获取！" />
    </item>
    <item id="12401">
        <way type="9" roundId="601" grade="1" dec="从【众神之地】宝物兑换获取！" />
    </item>
    <item id="12201">
        <way type="9" roundId="602" grade="1" dec="从【密林深处】宝物兑换获取！" />
    </item>
    <item id="31301">
        <way type="9" roundId="602" grade="1" dec="从【暗杀隐匿】宝物兑换获取！" />
    </item>
    <item id="11701">
        <way type="9" roundId="606" grade="1" dec="从【火龙宝藏】宝物兑换获取！" />
    </item>
    <item id="21001">
        <way type="9" roundId="604" grade="1" dec="可从导师或随身商店处购买" />
    </item>
    <item id="31801">
        <way type="9" roundId="605" grade="1" dec="从【魅惑之森】宝物兑换获取！" />
    </item>
    <item id="21901">
        <way type="9" roundId="603" grade="1" dec="从【古代王国】宝物兑换获取！" />
    </item>
    <item id="31101">
        <way type="9" roundId="607" grade="1" dec="可从导师或随身商店处购买" />
    </item>
    <item id="21201">
        <way type="9" roundId="607" grade="1" dec="从【密林深处】宝物兑换获取！" />
    </item>
    <item id="11201">
        <way type="9" roundId="608" grade="1" dec="从【纳斯巢穴】宝物兑换获取！" />
    </item>
    <item id="22201">
        <way type="9" roundId="602" grade="1" dec="从【上古水道】宝物兑换获取！" />
    </item>
    <item id="22101">
        <way type="9" roundId="606" grade="1" dec="从【魅惑之森】宝物兑换获取！" />
    </item>
    <item id="21701">
        <way type="9" roundId="609" grade="1" dec="从【黑暗学院】宝物兑换获取！" />
    </item>
    <item id="11901">
        <way type="9" roundId="611" grade="1" dec="从【废弃矿洞】宝物兑换获取！" />
    </item>
    <item id="31001">
        <way type="9" roundId="604" grade="1" dec="可从导师或随身商店处购买" />
    </item>
    <item id="32201">
        <way type="9" roundId="611" grade="1" dec="从【废弃矿洞】宝物兑换获取！" />
    </item>
    <item id="31901">
        <way type="9" roundId="606" grade="1" dec="从【上古水道】宝物兑换获取！" />
    </item>
    <item id="31501">
        <way type="9" roundId="612" grade="1" dec="从【密林深处】宝物兑换获取！" />
    </item>
    <item id="11001">
        <way type="9" roundId="607" grade="1" dec="可从导师或随身商店处购买" />
    </item>
    <item id="12101">
        <way type="9" roundId="601" grade="1" dec="从【古代王国】宝物兑换获取！" />
    </item>
    <item id="31201">
        <way type="9" roundId="608" grade="1" dec="从【鱼人巢穴】宝物兑换获取！" />
    </item>
    <item id="11601">
        <way type="9" roundId="605" grade="1" dec="从【黑暗学院】宝物兑换获取！" />
    </item>
    <item id="11401">
        <way type="9" roundId="612" grade="1" dec="从【密林深处】宝物兑换获取！" />
    </item>
    <item id="32101">
        <way type="9" roundId="609" grade="1" dec="从【火龙宝藏】宝物兑换获取！" />
    </item>
    <item id="31701">
        <way type="9" roundId="603" grade="1" dec="从【黑暗学院】宝物兑换获取！" />
    </item>
    <item id="12301">
        <way type="9" roundId="604" grade="1" dec="从【古代通道】宝物兑换获取！" />
    </item>
    <item id="31401">
        <way type="9" roundId="610" grade="1" dec="从【古代通道】宝物兑换获取！" />
    </item>
    <item id="21401">
        <way type="9" roundId="610" grade="1" dec="从【暗杀隐匿】宝物兑换获取！" />
    </item>
    <item id="21101">
        <way type="9" roundId="602" grade="1" dec="从【鱼人巢穴】宝物兑换获取！" />
    </item>
    <item id="11101">
        <way type="9" roundId="604" grade="1" dec="从【暗杀隐匿】宝物兑换获取！" />
    </item>
    <item id="22001">
        <way type="9" roundId="605" grade="1" dec="从【火龙宝藏】宝物兑换获取！" />
    </item>
    <item id="21601">
        <way type="9" roundId="601" grade="1" dec="从【众神之地】宝物兑换获取！" />
    </item>
    <item id="11801">
        <way type="9" roundId="609" grade="1" dec="从【上古水道】宝物兑换获取！" />
    </item>
    <item id="21301">
        <way type="9" roundId="608" grade="1" dec="可从导师或随身商店处购买" />
    </item>
    <item id="11301">
        <way type="9" roundId="610" grade="1" dec="可从导师或随身商店处购买" />
    </item>
    <item id="31601">
        <way type="9" roundId="601" grade="1" dec="从【众神之地】宝物兑换获取！" />
    </item>
    <item id="21801">
        <way type="9" roundId="611" grade="1" dec="从【废弃矿洞】宝物兑换获取！" />
    </item>
    <item id="12001">
        <way type="9" roundId="601" grade="1" dec="从【魅惑之森】宝物兑换获取！" />
    </item>
    <item id="21501">
        <way type="9" roundId="612" grade="1" dec="从【古代通道】宝物兑换获取！" />
    </item>
    <item id="11501">
        <way type="9" roundId="603" grade="1" dec="从【鱼人巢穴】宝物兑换获取！" />
    </item>
</items>