<items>
	<item online_day_num="102" pack_id="82201" remark="连续登陆1"/>
	<item online_day_num="103" pack_id="82202" remark="连续登陆2"/>
	<item online_day_num="104" pack_id="82203" remark="连续登陆3"/>
	<item online_day_num="105" pack_id="82204" remark="连续登陆4"/>
	<item online_day_num="106" pack_id="82205" remark="连续登陆5"/>
	<item online_day_num="107" pack_id="82206" remark="连续登陆6"/>
	<item online_day_num="108" pack_id="82207" remark="连续登陆7"/>
	<item online_day_num="109" pack_id="82207" remark="连续登陆8"/>
	<item online_day_num="160" pack_id="82129" remark="1个蓝色英灵"/>
	<item online_day_num="161" pack_id="82130" remark="3个蓝色英灵"/>
	<item online_day_num="162" pack_id="82131" remark="1个紫色英灵"/>
	<item online_day_num="163" pack_id="82132" remark="3个紫色英灵"/>
	<item online_day_num="164" pack_id="82133" remark="1个橙色英灵"/>
	<item online_day_num="165" pack_id="82134" remark="2个橙色英灵"/>
	<item online_day_num="166" pack_id="82135" remark="3个橙色英灵"/>
	<item online_day_num="167" pack_id="82136" remark="4个橙色英灵"/>
	<item online_day_num="168" pack_id="82137" remark="5个橙色英灵"/>
	<item online_day_num="170" pack_id="82138" remark="3星装备5件"/>
	<item online_day_num="171" pack_id="82139" remark="3星装备11件"/>
	<item online_day_num="172" pack_id="82140" remark="5星装备5件"/>
	<item online_day_num="173" pack_id="82141" remark="5星装备11件"/>
	<item online_day_num="174" pack_id="82142" remark="7星装备5件"/>
	<item online_day_num="175" pack_id="82143" remark="7星装备11件"/>
	<item online_day_num="176" pack_id="82144" remark="9星装备5件"/>
	<item online_day_num="177" pack_id="82145" remark="9星装备11件"/>
	<item online_day_num="178" pack_id="82146" remark="10星装备5件"/>
</items>