<items>
	<item crystal_tower_level="1" crystal_tower_category="1" crystal_num="330" crystal_tower_quality="3" Special_effects_id="900435"/>
	<item crystal_tower_level="2" crystal_tower_category="1" crystal_num="510" crystal_tower_quality="3" Special_effects_id="900435"/>
	<item crystal_tower_level="3" crystal_tower_category="1" crystal_num="650" crystal_tower_quality="3" Special_effects_id="900435"/>
	<item crystal_tower_level="4" crystal_tower_category="1" crystal_num="830" crystal_tower_quality="3" Special_effects_id="900435"/>
	<item crystal_tower_level="5" crystal_tower_category="1" crystal_num="980" crystal_tower_quality="3" Special_effects_id="900435"/>
	<item crystal_tower_level="1" crystal_tower_category="1" crystal_num="150" crystal_tower_quality="2" Special_effects_id="900425"/>
	<item crystal_tower_level="2" crystal_tower_category="1" crystal_num="220" crystal_tower_quality="2" Special_effects_id="900425"/>
	<item crystal_tower_level="3" crystal_tower_category="1" crystal_num="290" crystal_tower_quality="2" Special_effects_id="900425"/>
	<item crystal_tower_level="4" crystal_tower_category="1" crystal_num="360" crystal_tower_quality="2" Special_effects_id="900425"/>
	<item crystal_tower_level="5" crystal_tower_category="1" crystal_num="440" crystal_tower_quality="2" Special_effects_id="900425"/>
	<item crystal_tower_level="1" crystal_tower_category="1" crystal_num="40" crystal_tower_quality="1" Special_effects_id="900415"/>
	<item crystal_tower_level="2" crystal_tower_category="1" crystal_num="60" crystal_tower_quality="1" Special_effects_id="900415"/>
	<item crystal_tower_level="3" crystal_tower_category="1" crystal_num="80" crystal_tower_quality="1" Special_effects_id="900415"/>
	<item crystal_tower_level="4" crystal_tower_category="1" crystal_num="100" crystal_tower_quality="1" Special_effects_id="900415"/>
	<item crystal_tower_level="5" crystal_tower_category="1" crystal_num="110" crystal_tower_quality="1" Special_effects_id="900415"/>
	<item crystal_tower_level="1" crystal_tower_category="1" crystal_num="330" crystal_tower_quality="0" Special_effects_id="900415"/>
	<item crystal_tower_level="2" crystal_tower_category="1" crystal_num="510" crystal_tower_quality="0" Special_effects_id="900415"/>
	<item crystal_tower_level="3" crystal_tower_category="1" crystal_num="650" crystal_tower_quality="0" Special_effects_id="900415"/>
	<item crystal_tower_level="4" crystal_tower_category="1" crystal_num="830" crystal_tower_quality="0" Special_effects_id="900415"/>
	<item crystal_tower_level="5" crystal_tower_category="1" crystal_num="980" crystal_tower_quality="0" Special_effects_id="900415"/>
	<item crystal_tower_level="1" crystal_tower_category="2" crystal_num="150" crystal_tower_quality="3" Special_effects_id="900435"/>
	<item crystal_tower_level="2" crystal_tower_category="2" crystal_num="220" crystal_tower_quality="3" Special_effects_id="900435"/>
	<item crystal_tower_level="3" crystal_tower_category="2" crystal_num="290" crystal_tower_quality="3" Special_effects_id="900435"/>
	<item crystal_tower_level="4" crystal_tower_category="2" crystal_num="360" crystal_tower_quality="3" Special_effects_id="900435"/>
	<item crystal_tower_level="5" crystal_tower_category="2" crystal_num="440" crystal_tower_quality="3" Special_effects_id="900435"/>
	<item crystal_tower_level="1" crystal_tower_category="2" crystal_num="40" crystal_tower_quality="2" Special_effects_id="900425"/>
	<item crystal_tower_level="2" crystal_tower_category="2" crystal_num="60" crystal_tower_quality="2" Special_effects_id="900425"/>
	<item crystal_tower_level="3" crystal_tower_category="2" crystal_num="80" crystal_tower_quality="2" Special_effects_id="900425"/>
	<item crystal_tower_level="4" crystal_tower_category="2" crystal_num="100" crystal_tower_quality="2" Special_effects_id="900425"/>
	<item crystal_tower_level="5" crystal_tower_category="2" crystal_num="110" crystal_tower_quality="2" Special_effects_id="900425"/>
	<item crystal_tower_level="1" crystal_tower_category="2" crystal_num="330" crystal_tower_quality="1" Special_effects_id="900415"/>
	<item crystal_tower_level="2" crystal_tower_category="2" crystal_num="510" crystal_tower_quality="1" Special_effects_id="900415"/>
	<item crystal_tower_level="3" crystal_tower_category="2" crystal_num="650" crystal_tower_quality="1" Special_effects_id="900415"/>
	<item crystal_tower_level="4" crystal_tower_category="2" crystal_num="830" crystal_tower_quality="1" Special_effects_id="900415"/>
	<item crystal_tower_level="5" crystal_tower_category="2" crystal_num="980" crystal_tower_quality="1" Special_effects_id="900415"/>
	<item crystal_tower_level="1" crystal_tower_category="2" crystal_num="150" crystal_tower_quality="0" Special_effects_id="900415"/>
	<item crystal_tower_level="2" crystal_tower_category="2" crystal_num="220" crystal_tower_quality="0" Special_effects_id="900415"/>
	<item crystal_tower_level="3" crystal_tower_category="2" crystal_num="290" crystal_tower_quality="0" Special_effects_id="900415"/>
	<item crystal_tower_level="4" crystal_tower_category="2" crystal_num="360" crystal_tower_quality="0" Special_effects_id="900415"/>
	<item crystal_tower_level="5" crystal_tower_category="2" crystal_num="440" crystal_tower_quality="0" Special_effects_id="900415"/>
	<item crystal_tower_level="1" crystal_tower_category="3" crystal_num="40" crystal_tower_quality="3" Special_effects_id="900435"/>
	<item crystal_tower_level="2" crystal_tower_category="3" crystal_num="60" crystal_tower_quality="3" Special_effects_id="900435"/>
	<item crystal_tower_level="3" crystal_tower_category="3" crystal_num="80" crystal_tower_quality="3" Special_effects_id="900435"/>
	<item crystal_tower_level="4" crystal_tower_category="3" crystal_num="100" crystal_tower_quality="3" Special_effects_id="900435"/>
	<item crystal_tower_level="5" crystal_tower_category="3" crystal_num="110" crystal_tower_quality="3" Special_effects_id="900435"/>
	<item crystal_tower_level="1" crystal_tower_category="3" crystal_num="440" crystal_tower_quality="2" Special_effects_id="900425"/>
	<item crystal_tower_level="2" crystal_tower_category="3" crystal_num="510" crystal_tower_quality="2" Special_effects_id="900425"/>
	<item crystal_tower_level="3" crystal_tower_category="3" crystal_num="580" crystal_tower_quality="2" Special_effects_id="900425"/>
	<item crystal_tower_level="4" crystal_tower_category="3" crystal_num="650" crystal_tower_quality="2" Special_effects_id="900425"/>
	<item crystal_tower_level="5" crystal_tower_category="3" crystal_num="720" crystal_tower_quality="2" Special_effects_id="900425"/>
	<item crystal_tower_level="1" crystal_tower_category="3" crystal_num="110" crystal_tower_quality="1" Special_effects_id="900415"/>
	<item crystal_tower_level="2" crystal_tower_category="3" crystal_num="140" crystal_tower_quality="1" Special_effects_id="900415"/>
	<item crystal_tower_level="3" crystal_tower_category="3" crystal_num="150" crystal_tower_quality="1" Special_effects_id="900415"/>
	<item crystal_tower_level="4" crystal_tower_category="3" crystal_num="170" crystal_tower_quality="1" Special_effects_id="900415"/>
	<item crystal_tower_level="5" crystal_tower_category="3" crystal_num="180" crystal_tower_quality="1" Special_effects_id="900415"/>
	<item crystal_tower_level="1" crystal_tower_category="3" crystal_num="0" crystal_tower_quality="0" Special_effects_id="900415"/>
	<item crystal_tower_level="2" crystal_tower_category="3" crystal_num="0" crystal_tower_quality="0" Special_effects_id="900415"/>
	<item crystal_tower_level="3" crystal_tower_category="3" crystal_num="0" crystal_tower_quality="0" Special_effects_id="900415"/>
	<item crystal_tower_level="4" crystal_tower_category="3" crystal_num="0" crystal_tower_quality="0" Special_effects_id="900415"/>
	<item crystal_tower_level="5" crystal_tower_category="3" crystal_num="0" crystal_tower_quality="0" Special_effects_id="900415"/>
</items>