<items>
	<item guild_grade="1" item_tid="80101" devote_value="100"/>
	<item guild_grade="1" item_tid="80201" devote_value="100"/>
	<item guild_grade="1" item_tid="84001" devote_value="100"/>
	<item guild_grade="2" item_tid="80102" devote_value="400"/>
	<item guild_grade="2" item_tid="80202" devote_value="400"/>
	<item guild_grade="3" item_tid="70101" devote_value="200"/>
	<item guild_grade="3" item_tid="70201" devote_value="200"/>
	<item guild_grade="3" item_tid="70301" devote_value="200"/>
	<item guild_grade="3" item_tid="70401" devote_value="200"/>
	<item guild_grade="4" item_tid="70102" devote_value="600"/>
	<item guild_grade="4" item_tid="70202" devote_value="600"/>
	<item guild_grade="4" item_tid="70302" devote_value="600"/>
	<item guild_grade="4" item_tid="70402" devote_value="600"/>
	<item guild_grade="5" item_tid="80302" devote_value="500"/>
</items>