<items>
	<item crystal_tower_level="1" crystal_tower_category="1" cost_guild_money="1600" cost_guild_exp="1600" cost_yb="0" remark="公会空间中的能量凝聚而成的宝石塔，可获得100%奖励"/>
	<item crystal_tower_level="1" crystal_tower_category="2" cost_guild_money="2000" cost_guild_exp="2000" cost_yb="1200" remark="汇聚魔法力量融合而成的宝石塔，可获得200%奖励"/>
	<item crystal_tower_level="1" crystal_tower_category="3" cost_guild_money="2400" cost_guild_exp="2400" cost_yb="2000" remark="牵引混沌之力结晶而成的宝石塔，可获得300%奖励"/>
	<item crystal_tower_level="2" crystal_tower_category="1" cost_guild_money="2200" cost_guild_exp="2200" cost_yb="0" remark="公会空间中的能量凝聚而成的宝石塔，可获得100%奖励"/>
	<item crystal_tower_level="2" crystal_tower_category="2" cost_guild_money="2600" cost_guild_exp="2600" cost_yb="1400" remark="汇聚魔法力量融合而成的宝石塔，可获得200%奖励"/>
	<item crystal_tower_level="2" crystal_tower_category="3" cost_guild_money="3000" cost_guild_exp="3000" cost_yb="2200" remark="牵引混沌之力结晶而成的宝石塔，可获得300%奖励"/>
	<item crystal_tower_level="3" crystal_tower_category="1" cost_guild_money="2800" cost_guild_exp="2800" cost_yb="0" remark="公会空间中的能量凝聚而成的宝石塔，可获得100%奖励"/>
	<item crystal_tower_level="3" crystal_tower_category="2" cost_guild_money="3200" cost_guild_exp="3200" cost_yb="1600" remark="汇聚魔法力量融合而成的宝石塔，可获得200%奖励"/>
	<item crystal_tower_level="3" crystal_tower_category="3" cost_guild_money="3600" cost_guild_exp="3600" cost_yb="2400" remark="牵引混沌之力结晶而成的宝石塔，可获得300%奖励"/>
	<item crystal_tower_level="4" crystal_tower_category="1" cost_guild_money="3400" cost_guild_exp="3400" cost_yb="0" remark="公会空间中的能量凝聚而成的宝石塔，可获得100%奖励"/>
	<item crystal_tower_level="4" crystal_tower_category="2" cost_guild_money="3800" cost_guild_exp="3800" cost_yb="1800" remark="汇聚魔法力量融合而成的宝石塔，可获得200%奖励"/>
	<item crystal_tower_level="4" crystal_tower_category="3" cost_guild_money="4200" cost_guild_exp="4200" cost_yb="2600" remark="牵引混沌之力结晶而成的宝石塔，可获得300%奖励"/>
	<item crystal_tower_level="5" crystal_tower_category="1" cost_guild_money="4000" cost_guild_exp="4000" cost_yb="0" remark="公会空间中的能量凝聚而成的宝石塔，可获得100%奖励"/>
	<item crystal_tower_level="5" crystal_tower_category="2" cost_guild_money="4400" cost_guild_exp="4400" cost_yb="2000" remark="汇聚魔法力量融合而成的宝石塔，可获得200%奖励"/>
	<item crystal_tower_level="5" crystal_tower_category="3" cost_guild_money="4800" cost_guild_exp="4800" cost_yb="2800" remark="牵引混沌之力结晶而成的宝石塔，可获得300%奖励"/>
</items>