<items>
	<item upgrade_type="0" grade="1" upgrade_exp="600" upgrade_money="600" building_description="0" upgrade_description="0" small_picture="0" big_picture="0"/>
	<item upgrade_type="0" grade="2" upgrade_exp="5400" upgrade_money="5400" building_description="0" upgrade_description="0" small_picture="0" big_picture="0"/>
	<item upgrade_type="0" grade="3" upgrade_exp="21600" upgrade_money="21600" building_description="0" upgrade_description="0" small_picture="0" big_picture="0"/>
	<item upgrade_type="0" grade="4" upgrade_exp="54000" upgrade_money="54000" building_description="0" upgrade_description="0" small_picture="0" big_picture="0"/>
	<item upgrade_type="0" grade="5" upgrade_exp="324000" upgrade_money="324000" building_description="0" upgrade_description="0" small_picture="0" big_picture="0"/>
	<item upgrade_type="1" grade="1" upgrade_exp="2000" upgrade_money="2000" building_description="公会宝石塔，拥有生产宝石的能力，利用位面破碎时产生的能量。通过填充入相应的宝石碎片，宝石塔可以利用自有的能量生产出宝石。填充入的碎片越多，产出的宝石越多，级别也会增高。" upgrade_description="产出宝石的数量和品质会得到提高。" small_picture="900405" big_picture="900405"/>
	<item upgrade_type="1" grade="2" upgrade_exp="16000" upgrade_money="16000" building_description="公会宝石塔，拥有生产宝石的能力，利用位面破碎时产生的能量。通过填充入相应的宝石碎片，宝石塔可以利用自有的能量生产出宝石。填充入的碎片越多，产出的宝石越多，级别也会增高。" upgrade_description="产出宝石的数量和品质会得到提高。" small_picture="900405" big_picture="900405"/>
	<item upgrade_type="1" grade="3" upgrade_exp="58000" upgrade_money="58000" building_description="公会宝石塔，拥有生产宝石的能力，利用位面破碎时产生的能量。通过填充入相应的宝石碎片，宝石塔可以利用自有的能量生产出宝石。填充入的碎片越多，产出的宝石越多，级别也会增高。" upgrade_description="产出宝石的数量和品质会得到提高。" small_picture="900405" big_picture="900405"/>
	<item upgrade_type="1" grade="4" upgrade_exp="160000" upgrade_money="160000" building_description="公会宝石塔，拥有生产宝石的能力，利用位面破碎时产生的能量。通过填充入相应的宝石碎片，宝石塔可以利用自有的能量生产出宝石。填充入的碎片越多，产出的宝石越多，级别也会增高。" upgrade_description="产出宝石的数量和品质会得到提高。" small_picture="900405" big_picture="900405"/>
	<item upgrade_type="1" grade="5" upgrade_exp="800000" upgrade_money="800000" building_description="公会宝石塔，拥有生产宝石的能力，利用位面破碎时产生的能量。通过填充入相应的宝石碎片，宝石塔可以利用自有的能量生产出宝石。填充入的碎片越多，产出的宝石越多，级别也会增高。" upgrade_description="产出宝石的数量和品质会得到提高。" small_picture="900405" big_picture="900405"/>
	<item upgrade_type="2" grade="1" upgrade_exp="900" upgrade_money="900" building_description="公会古老的学院，利用公会的空间能量，给予公会成员强大的能力提升。" upgrade_description="学习更多高级技能。" small_picture="900105" big_picture="900105"/>
	<item upgrade_type="2" grade="2" upgrade_exp="8100" upgrade_money="8100" building_description="公会古老的学院，利用公会的空间能量，给予公会成员强大的能力提升。" upgrade_description="学习更多高级技能。" small_picture="900105" big_picture="900105"/>
	<item upgrade_type="2" grade="3" upgrade_exp="32400" upgrade_money="32400" building_description="公会古老的学院，利用公会的空间能量，给予公会成员强大的能力提升。" upgrade_description="学习更多高级技能。" small_picture="900105" big_picture="900105"/>
	<item upgrade_type="2" grade="4" upgrade_exp="81000" upgrade_money="81000" building_description="公会古老的学院，利用公会的空间能量，给予公会成员强大的能力提升。" upgrade_description="学习更多高级技能。" small_picture="900105" big_picture="900105"/>
	<item upgrade_type="2" grade="5" upgrade_exp="486000" upgrade_money="486000" building_description="公会古老的学院，利用公会的空间能量，给予公会成员强大的能力提升。" upgrade_description="学习更多高级技能。" small_picture="900105" big_picture="900105"/>
	<item upgrade_type="3" grade="1" upgrade_exp="900" upgrade_money="900" building_description="神秘的空间商人，在公会商店内，出售稀有的道具！" upgrade_description="可兑换更高级的道具" small_picture="900205" big_picture="900205"/>
	<item upgrade_type="3" grade="2" upgrade_exp="8100" upgrade_money="8100" building_description="神秘的空间商人，在公会商店内，出售稀有的道具！" upgrade_description="可兑换更高级的道具" small_picture="900205" big_picture="900205"/>
	<item upgrade_type="3" grade="3" upgrade_exp="32400" upgrade_money="32400" building_description="神秘的空间商人，在公会商店内，出售稀有的道具！" upgrade_description="可兑换更高级的道具" small_picture="900205" big_picture="900205"/>
	<item upgrade_type="3" grade="4" upgrade_exp="81000" upgrade_money="81000" building_description="神秘的空间商人，在公会商店内，出售稀有的道具！" upgrade_description="可兑换更高级的道具" small_picture="900205" big_picture="900205"/>
	<item upgrade_type="3" grade="5" upgrade_exp="486000" upgrade_money="486000" building_description="神秘的空间商人，在公会商店内，出售稀有的道具！" upgrade_description="可兑换更高级的道具" small_picture="900205" big_picture="900205"/>
	<item upgrade_type="4" grade="1" upgrade_exp="2000" upgrade_money="2000" building_description="公会利用位面能量，开辟的异界召唤门。使用空间力量，将其他位面的强大怪兽召唤到公会空间！公会日常训练会员磨练战斗配合的重要渠道。" upgrade_description="召唤出更强大的异界BOSS！" small_picture="900305" big_picture="900305"/>
	<item upgrade_type="4" grade="2" upgrade_exp="16000" upgrade_money="16000" building_description="公会利用位面能量，开辟的异界召唤门。使用空间力量，将其他位面的强大怪兽召唤到公会空间！公会日常训练会员磨练战斗配合的重要渠道。" upgrade_description="召唤出更强大的异界BOSS！" small_picture="900305" big_picture="900305"/>
	<item upgrade_type="4" grade="3" upgrade_exp="58000" upgrade_money="58000" building_description="公会利用位面能量，开辟的异界召唤门。使用空间力量，将其他位面的强大怪兽召唤到公会空间！公会日常训练会员磨练战斗配合的重要渠道。" upgrade_description="召唤出更强大的异界BOSS！" small_picture="900305" big_picture="900305"/>
	<item upgrade_type="4" grade="4" upgrade_exp="160000" upgrade_money="160000" building_description="公会利用位面能量，开辟的异界召唤门。使用空间力量，将其他位面的强大怪兽召唤到公会空间！公会日常训练会员磨练战斗配合的重要渠道。" upgrade_description="召唤出更强大的异界BOSS！" small_picture="900305" big_picture="900305"/>
	<item upgrade_type="4" grade="5" upgrade_exp="800000" upgrade_money="800000" building_description="公会利用位面能量，开辟的异界召唤门。使用空间力量，将其他位面的强大怪兽召唤到公会空间！公会日常训练会员磨练战斗配合的重要渠道。" upgrade_description="召唤出更强大的异界BOSS！" small_picture="900305" big_picture="900305"/>
</items>