<items>
	<!--我要升级  类型0:我要升级 1我要金币 2我要装备 3我要战法 4我要英灵 act_type:1打开面板 2:去某地-->
<!-- 			//关卡通缉
		        public static const FUNC_ROUND_ARREST: int = 1;
		        //活跃度
		        public static const FUNC_OPEN_ACTIVITY:int = 2;
		        //英灵招募
		        public static const FUNC_RECRUIT:int = 3;
		        //竞技场
		        public static const FUNC_ARENA:int = 4;
		        //关卡兑换
		        public static const FUNC_ROUND_EXCHANGE:int = 5;
		        //关卡查找
		        public static const FUNC_ROUND_FIND:int = 6;
		        //悬赏任务
		        public static const FUNC_DAILY_TASK:int = 7;
		        //挂机
		        public static const FUNC_HANG_ON:int = 8;
		        //位面
		        public static const FUNC_BIT_PLANE:int = 9;
				//游历
		        public static const FUNC_TRAVEL:int = 10;
				need 类型 1体力  2剩余次数
				-->


	<item type="0" todo="关卡" star="5" act_type="1" param="6" need="1"/>
	<item type="0" todo="悬赏任务" star="4" act_type="1" param="7" need="2"/>
	<item type="0" todo="巡逻任务" star="4" act_type="2" param="3021" need="2"/>
	<item type="0" todo="竞技场" star="3" act_type="1" param="4" need="2"/>
	<item type="0" todo="狩猎许可" star="2" act_type="2" param="3023" need=""/>
	<item type="0" todo="公会循环任务"star="2" act_type="2" param="3006" need=""/>
	<item type="1" todo="关卡通缉" star="5" act_type="1" param="1" need="2"/>
	<item type="1" todo="关卡" star="5" act_type="1" param="6" need="1"/>
	<item type="1" todo="竞技场" star="5" act_type="1" param="4" need="2"/>
	<item type="1" todo="巡逻任务" star="3" act_type="2" param="3021" need="2"/>
	<item type="1" todo="悬赏任务" star="3" act_type="1" param="7" need="2"/>
	<item type="2" todo="关卡" star="5" act_type="1" param="6" need="1"/>
	<item type="2" todo="关卡兑换" star="5" act_type="1" param="5" need=""/>
	<item type="3" todo="英灵招募" star="5" act_type="1" param="3" need=""/>
	<item type="3" todo="强化" star="5" act_type="1" param="6" need=""/>
	<item type="3" todo="训练" star="5" act_type="1" param="100" need=""/>
	<item type="3" todo="宝石镶嵌" star="5" act_type="1" param="100" need=""/>
	<item type="3" todo="战法技能" star="5" act_type="1" param="100" need=""/>
	<item type="3" todo="技能训练" star="5" act_type="1" param="100" need=""/>
</items>