<items>
	<item id="82102" item_0_tid="80101" item_0_count="20" item_1_tid="142200" item_1_count="1" item_2_tid="112200" item_2_count="1" item_3_tid="84001" item_3_count="10" item_4_tid="0" item_4_count="0" item_5_tid="0" item_5_count="0"/>
	<item id="82103" item_0_tid="80101" item_0_count="20" item_1_tid="192200" item_1_count="1" item_2_tid="89106" item_2_count="1" item_3_tid="84001" item_3_count="10" item_4_tid="0" item_4_count="0" item_5_tid="0" item_5_count="0"/>
	<item id="82104" item_0_tid="80101" item_0_count="20" item_1_tid="80201" item_1_count="20" item_2_tid="80302" item_2_count="5" item_3_tid="825002" item_3_count="1" item_4_tid="0" item_4_count="0" item_5_tid="0" item_5_count="0"/>
	<item id="82105" item_0_tid="80101" item_0_count="20" item_1_tid="80201" item_1_count="20" item_2_tid="193300" item_2_count="1" item_3_tid="825002" item_3_count="2" item_4_tid="0" item_4_count="0" item_5_tid="0" item_5_count="0"/>
	<item id="82106" item_0_tid="80101" item_0_count="20" item_1_tid="80201" item_1_count="20" item_2_tid="89304" item_2_count="2" item_3_tid="825002" item_3_count="3" item_4_tid="0" item_4_count="0" item_5_tid="0" item_5_count="0"/>
	<item id="82107" item_0_tid="80101" item_0_count="20" item_1_tid="80201" item_1_count="20" item_2_tid="80302" item_2_count="10" item_3_tid="825002" item_3_count="4" item_4_tid="0" item_4_count="0" item_5_tid="0" item_5_count="0"/>
	<item id="82108" item_0_tid="80102" item_0_count="20" item_1_tid="80202" item_1_count="20" item_2_tid="89304" item_2_count="4" item_3_tid="825002" item_3_count="5" item_4_tid="0" item_4_count="0" item_5_tid="0" item_5_count="0"/>
	<item id="82109" item_0_tid="80102" item_0_count="20" item_1_tid="80202" item_1_count="20" item_2_tid="80302" item_2_count="15" item_3_tid="825002" item_3_count="6" item_4_tid="0" item_4_count="0" item_5_tid="0" item_5_count="0"/>
	<item id="82110" item_0_tid="0" item_0_count="0" item_1_tid="0" item_1_count="0" item_2_tid="0" item_2_count="0" item_3_tid="0" item_3_count="0" item_4_tid="0" item_4_count="0" item_5_tid="0" item_5_count="0"/>
	<item id="82111" item_0_tid="203011" item_0_count="1" item_1_tid="89106" item_1_count="5" item_2_tid="84001" item_2_count="10" item_3_tid="89304" item_3_count="2" item_4_tid="91305" item_4_count="1" item_5_tid="0" item_5_count="0"/>
	<item id="82112" item_0_tid="203012" item_0_count="1" item_1_tid="89106" item_1_count="5" item_2_tid="84001" item_2_count="10" item_3_tid="89304" item_3_count="2" item_4_tid="91305" item_4_count="1" item_5_tid="0" item_5_count="0"/>
	<item id="82113" item_0_tid="203013" item_0_count="1" item_1_tid="89106" item_1_count="5" item_2_tid="84001" item_2_count="10" item_3_tid="89304" item_3_count="2" item_4_tid="91305" item_4_count="1" item_5_tid="0" item_5_count="0"/>
	<item id="82114" item_0_tid="89106" item_0_count="3" item_1_tid="89601" item_1_count="1" item_2_tid="89501" item_2_count="1" item_3_tid="89801" item_3_count="1" item_4_tid="0" item_4_count="0" item_5_tid="0" item_5_count="0"/>
	<item id="82115" item_0_tid="0" item_0_count="0" item_1_tid="0" item_1_count="0" item_2_tid="0" item_2_count="0" item_3_tid="0" item_3_count="0" item_4_tid="0" item_4_count="0" item_5_tid="0" item_5_count="0"/>
	<item id="82116" item_0_tid="0" item_0_count="0" item_1_tid="0" item_1_count="0" item_2_tid="0" item_2_count="0" item_3_tid="0" item_3_count="0" item_4_tid="0" item_4_count="0" item_5_tid="0" item_5_count="0"/>
	<item id="82117" item_0_tid="0" item_0_count="0" item_1_tid="0" item_1_count="0" item_2_tid="0" item_2_count="0" item_3_tid="0" item_3_count="0" item_4_tid="0" item_4_count="0" item_5_tid="0" item_5_count="0"/>
	<item id="82118" item_0_tid="0" item_0_count="0" item_1_tid="0" item_1_count="0" item_2_tid="0" item_2_count="0" item_3_tid="0" item_3_count="0" item_4_tid="0" item_4_count="0" item_5_tid="0" item_5_count="0"/>
	<item id="82119" item_0_tid="0" item_0_count="0" item_1_tid="0" item_1_count="0" item_2_tid="0" item_2_count="0" item_3_tid="0" item_3_count="0" item_4_tid="0" item_4_count="0" item_5_tid="0" item_5_count="0"/>
	<item id="82120" item_0_tid="0" item_0_count="0" item_1_tid="0" item_1_count="0" item_2_tid="0" item_2_count="0" item_3_tid="0" item_3_count="0" item_4_tid="0" item_4_count="0" item_5_tid="0" item_5_count="0"/>
	<item id="82121" item_0_tid="89102" item_0_count="10" item_1_tid="0" item_1_count="0" item_2_tid="0" item_2_count="0" item_3_tid="0" item_3_count="0" item_4_tid="0" item_4_count="0" item_5_tid="0" item_5_count="0"/>
	<item id="82122" item_0_tid="80101" item_0_count="30" item_1_tid="0" item_1_count="0" item_2_tid="0" item_2_count="0" item_3_tid="0" item_3_count="0" item_4_tid="0" item_4_count="0" item_5_tid="0" item_5_count="0"/>
	<item id="82123" item_0_tid="89106" item_0_count="5" item_1_tid="0" item_1_count="0" item_2_tid="0" item_2_count="0" item_3_tid="0" item_3_count="0" item_4_tid="0" item_4_count="0" item_5_tid="0" item_5_count="0"/>
	<item id="82124" item_0_tid="80302" item_0_count="20" item_1_tid="0" item_1_count="0" item_2_tid="0" item_2_count="0" item_3_tid="0" item_3_count="0" item_4_tid="0" item_4_count="0" item_5_tid="0" item_5_count="0"/>
	<item id="82125" item_0_tid="80201" item_0_count="30" item_1_tid="0" item_1_count="0" item_2_tid="0" item_2_count="0" item_3_tid="0" item_3_count="0" item_4_tid="0" item_4_count="0" item_5_tid="0" item_5_count="0"/>
	<item id="82126" item_0_tid="89304" item_0_count="10" item_1_tid="0" item_1_count="0" item_2_tid="0" item_2_count="0" item_3_tid="0" item_3_count="0" item_4_tid="0" item_4_count="0" item_5_tid="0" item_5_count="0"/>
	<item id="82127" item_0_tid="93402" item_0_count="1" item_1_tid="0" item_1_count="0" item_2_tid="0" item_2_count="0" item_3_tid="0" item_3_count="0" item_4_tid="0" item_4_count="0" item_5_tid="0" item_5_count="0"/>
	<item id="82128" item_0_tid="89102" item_0_count="10" item_1_tid="89303" item_1_count="5" item_2_tid="80302" item_2_count="5" item_3_tid="0" item_3_count="0" item_4_tid="0" item_4_count="0" item_5_tid="0" item_5_count="0"/>
	<item id="82129" item_0_tid="80302" item_0_count="2" item_1_tid="0" item_1_count="0" item_2_tid="0" item_2_count="0" item_3_tid="0" item_3_count="0" item_4_tid="0" item_4_count="0" item_5_tid="0" item_5_count="0"/>
	<item id="82130" item_0_tid="80302" item_0_count="5" item_1_tid="0" item_1_count="0" item_2_tid="0" item_2_count="0" item_3_tid="0" item_3_count="0" item_4_tid="0" item_4_count="0" item_5_tid="0" item_5_count="0"/>
	<item id="82131" item_0_tid="80302" item_0_count="16" item_1_tid="0" item_1_count="0" item_2_tid="0" item_2_count="0" item_3_tid="0" item_3_count="0" item_4_tid="0" item_4_count="0" item_5_tid="0" item_5_count="0"/>
	<item id="82132" item_0_tid="80302" item_0_count="32" item_1_tid="0" item_1_count="0" item_2_tid="0" item_2_count="0" item_3_tid="0" item_3_count="0" item_4_tid="0" item_4_count="0" item_5_tid="0" item_5_count="0"/>
	<item id="82133" item_0_tid="80302" item_0_count="100" item_1_tid="0" item_1_count="0" item_2_tid="0" item_2_count="0" item_3_tid="0" item_3_count="0" item_4_tid="0" item_4_count="0" item_5_tid="0" item_5_count="0"/>
	<item id="82134" item_0_tid="80302" item_0_count="200" item_1_tid="0" item_1_count="0" item_2_tid="0" item_2_count="0" item_3_tid="0" item_3_count="0" item_4_tid="0" item_4_count="0" item_5_tid="0" item_5_count="0"/>
	<item id="82135" item_0_tid="80302" item_0_count="300" item_1_tid="0" item_1_count="0" item_2_tid="0" item_2_count="0" item_3_tid="0" item_3_count="0" item_4_tid="0" item_4_count="0" item_5_tid="0" item_5_count="0"/>
	<item id="82136" item_0_tid="80302" item_0_count="400" item_1_tid="0" item_1_count="0" item_2_tid="0" item_2_count="0" item_3_tid="0" item_3_count="0" item_4_tid="0" item_4_count="0" item_5_tid="0" item_5_count="0"/>
	<item id="82137" item_0_tid="80302" item_0_count="500" item_1_tid="0" item_1_count="0" item_2_tid="0" item_2_count="0" item_3_tid="0" item_3_count="0" item_4_tid="0" item_4_count="0" item_5_tid="0" item_5_count="0"/>
	<item id="82138" item_0_tid="80101" item_0_count="20" item_1_tid="0" item_1_count="0" item_2_tid="0" item_2_count="0" item_3_tid="0" item_3_count="0" item_4_tid="0" item_4_count="0" item_5_tid="0" item_5_count="0"/>
	<item id="82139" item_0_tid="80101" item_0_count="30" item_1_tid="0" item_1_count="0" item_2_tid="0" item_2_count="0" item_3_tid="0" item_3_count="0" item_4_tid="0" item_4_count="0" item_5_tid="0" item_5_count="0"/>
	<item id="82140" item_0_tid="80101" item_0_count="20" item_1_tid="0" item_1_count="0" item_2_tid="0" item_2_count="0" item_3_tid="0" item_3_count="0" item_4_tid="0" item_4_count="0" item_5_tid="0" item_5_count="0"/>
	<item id="82141" item_0_tid="80101" item_0_count="25" item_1_tid="0" item_1_count="0" item_2_tid="0" item_2_count="0" item_3_tid="0" item_3_count="0" item_4_tid="0" item_4_count="0" item_5_tid="0" item_5_count="0"/>
	<item id="82142" item_0_tid="80102" item_0_count="20" item_1_tid="0" item_1_count="0" item_2_tid="0" item_2_count="0" item_3_tid="0" item_3_count="0" item_4_tid="0" item_4_count="0" item_5_tid="0" item_5_count="0"/>
	<item id="82143" item_0_tid="80102" item_0_count="30" item_1_tid="0" item_1_count="0" item_2_tid="0" item_2_count="0" item_3_tid="0" item_3_count="0" item_4_tid="0" item_4_count="0" item_5_tid="0" item_5_count="0"/>
	<item id="82144" item_0_tid="80102" item_0_count="50" item_1_tid="80202" item_1_count="50" item_2_tid="0" item_2_count="0" item_3_tid="0" item_3_count="0" item_4_tid="0" item_4_count="0" item_5_tid="0" item_5_count="0"/>
	<item id="82145" item_0_tid="80102" item_0_count="70" item_1_tid="80202" item_1_count="70" item_2_tid="0" item_2_count="0" item_3_tid="0" item_3_count="0" item_4_tid="0" item_4_count="0" item_5_tid="0" item_5_count="0"/>
	<item id="82146" item_0_tid="80102" item_0_count="90" item_1_tid="80202" item_1_count="90" item_2_tid="0" item_2_count="0" item_3_tid="0" item_3_count="0" item_4_tid="0" item_4_count="0" item_5_tid="0" item_5_count="0"/>
	<item id="82147" item_0_tid="89102" item_0_count="10" item_1_tid="89303" item_1_count="10" item_2_tid="0" item_2_count="0" item_3_tid="0" item_3_count="0" item_4_tid="0" item_4_count="0" item_5_tid="0" item_5_count="0"/>
	<item id="82148" item_0_tid="89102" item_0_count="15" item_1_tid="80302" item_1_count="20" item_2_tid="0" item_2_count="0" item_3_tid="0" item_3_count="0" item_4_tid="0" item_4_count="0" item_5_tid="0" item_5_count="0"/>
	<item id="82149" item_0_tid="89103" item_0_count="2" item_1_tid="80302" item_1_count="20" item_2_tid="0" item_2_count="0" item_3_tid="0" item_3_count="0" item_4_tid="0" item_4_count="0" item_5_tid="0" item_5_count="0"/>
	<item id="82150" item_0_tid="80101" item_0_count="30" item_1_tid="80201" item_1_count="30" item_2_tid="89303" item_2_count="15" item_3_tid="0" item_3_count="0" item_4_tid="0" item_4_count="0" item_5_tid="0" item_5_count="0"/>
	<item id="82151" item_0_tid="70102" item_0_count="5" item_1_tid="70202" item_1_count="5" item_2_tid="70302" item_2_count="5" item_3_tid="70402" item_3_count="5" item_4_tid="0" item_4_count="0" item_5_tid="0" item_5_count="0"/>
	<item id="82152" item_0_tid="80102" item_0_count="20" item_1_tid="80202" item_1_count="20" item_2_tid="80302" item_2_count="20" item_3_tid="0" item_3_count="0" item_4_tid="0" item_4_count="0" item_5_tid="0" item_5_count="0"/>
	<item id="82153" item_0_tid="80102" item_0_count="25" item_1_tid="80202" item_1_count="25" item_2_tid="80302" item_2_count="40" item_3_tid="0" item_3_count="0" item_4_tid="0" item_4_count="0" item_5_tid="0" item_5_count="0"/>
	<item id="82154" item_0_tid="80102" item_0_count="30" item_1_tid="80202" item_1_count="30" item_2_tid="80302" item_2_count="60" item_3_tid="0" item_3_count="0" item_4_tid="0" item_4_count="0" item_5_tid="0" item_5_count="0"/>
	<item id="82155" item_0_tid="80102" item_0_count="50" item_1_tid="80202" item_1_count="50" item_2_tid="80302" item_2_count="110" item_3_tid="0" item_3_count="0" item_4_tid="0" item_4_count="0" item_5_tid="0" item_5_count="0"/>
	<item id="82156" item_0_tid="80302" item_0_count="1" item_1_tid="89106" item_1_count="1" item_2_tid="0" item_2_count="0" item_3_tid="0" item_3_count="0" item_4_tid="0" item_4_count="0" item_5_tid="0" item_5_count="0"/>
	<item id="82157" item_0_tid="80302" item_0_count="10" item_1_tid="89106" item_1_count="1" item_2_tid="0" item_2_count="0" item_3_tid="0" item_3_count="0" item_4_tid="0" item_4_count="0" item_5_tid="0" item_5_count="0"/>
	<item id="82158" item_0_tid="80302" item_0_count="25" item_1_tid="89106" item_1_count="2" item_2_tid="0" item_2_count="0" item_3_tid="0" item_3_count="0" item_4_tid="0" item_4_count="0" item_5_tid="0" item_5_count="0"/>
	<item id="82159" item_0_tid="80302" item_0_count="35" item_1_tid="89106" item_1_count="6" item_2_tid="0" item_2_count="0" item_3_tid="0" item_3_count="0" item_4_tid="0" item_4_count="0" item_5_tid="0" item_5_count="0"/>
	<item id="82160" item_0_tid="80302" item_0_count="60" item_1_tid="89106" item_1_count="10" item_2_tid="0" item_2_count="0" item_3_tid="0" item_3_count="0" item_4_tid="0" item_4_count="0" item_5_tid="0" item_5_count="0"/>
	<item id="82161" item_0_tid="80302" item_0_count="270" item_1_tid="89106" item_1_count="40" item_2_tid="0" item_2_count="0" item_3_tid="0" item_3_count="0" item_4_tid="0" item_4_count="0" item_5_tid="0" item_5_count="0"/>
	<item id="82162" item_0_tid="80302" item_0_count="420" item_1_tid="89106" item_1_count="60" item_2_tid="0" item_2_count="0" item_3_tid="0" item_3_count="0" item_4_tid="0" item_4_count="0" item_5_tid="0" item_5_count="0"/>
	<item id="82163" item_0_tid="80302" item_0_count="750" item_1_tid="89106" item_1_count="100" item_2_tid="0" item_2_count="0" item_3_tid="0" item_3_count="0" item_4_tid="0" item_4_count="0" item_5_tid="0" item_5_count="0"/>
	<item id="82171" item_0_tid="89106" item_0_count="5" item_1_tid="80101" item_1_count="20" item_2_tid="80201" item_2_count="20" item_3_tid="0" item_3_count="0" item_4_tid="0" item_4_count="0" item_5_tid="0" item_5_count="0"/>
	<item id="82172" item_0_tid="89106" item_0_count="5" item_1_tid="80102" item_1_count="15" item_2_tid="80202" item_2_count="15" item_3_tid="0" item_3_count="0" item_4_tid="0" item_4_count="0" item_5_tid="0" item_5_count="0"/>
	<item id="82173" item_0_tid="89106" item_0_count="5" item_1_tid="80102" item_1_count="10" item_2_tid="80102" item_2_count="10" item_3_tid="0" item_3_count="0" item_4_tid="0" item_4_count="0" item_5_tid="0" item_5_count="0"/>
	<item id="82174" item_0_tid="89501" item_0_count="5" item_1_tid="90101" item_1_count="5" item_2_tid="90201" item_2_count="5" item_3_tid="0" item_3_count="0" item_4_tid="0" item_4_count="0" item_5_tid="0" item_5_count="0"/>
	<item id="82175" item_0_tid="80302" item_0_count="10" item_1_tid="89801" item_1_count="5" item_2_tid="89601" item_2_count="5" item_3_tid="0" item_3_count="0" item_4_tid="0" item_4_count="0" item_5_tid="0" item_5_count="0"/>
	<item id="82176" item_0_tid="0" item_0_count="0" item_1_tid="0" item_1_count="0" item_2_tid="0" item_2_count="0" item_3_tid="0" item_3_count="0" item_4_tid="0" item_4_count="0" item_5_tid="0" item_5_count="0"/>
	<item id="82177" item_0_tid="89106" item_0_count="10" item_1_tid="84001" item_1_count="20" item_2_tid="89303" item_2_count="5" item_3_tid="0" item_3_count="0" item_4_tid="0" item_4_count="0" item_5_tid="0" item_5_count="0"/>
	<item id="82178" item_0_tid="89103" item_0_count="1" item_1_tid="80101" item_1_count="30" item_2_tid="80201" item_2_count="20" item_3_tid="80302" item_3_count="20" item_4_tid="89302" item_4_count="50" item_5_tid="0" item_5_count="0"/>
	<item id="82179" item_0_tid="0" item_0_count="0" item_1_tid="0" item_1_count="0" item_2_tid="0" item_2_count="0" item_3_tid="0" item_3_count="0" item_4_tid="0" item_4_count="0" item_5_tid="0" item_5_count="0"/>
	<item id="82180" item_0_tid="89102" item_0_count="15" item_1_tid="80101" item_1_count="20" item_2_tid="80201" item_2_count="20" item_3_tid="84002" item_3_count="5" item_4_tid="89303" item_4_count="10" item_5_tid="0" item_5_count="0"/>
	<item id="82181" item_0_tid="70102" item_0_count="5" item_1_tid="70202" item_1_count="5" item_2_tid="70302" item_2_count="5" item_3_tid="70402" item_3_count="5" item_4_tid="89303" item_4_count="10" item_5_tid="0" item_5_count="0"/>
	<item id="82182" item_0_tid="89102" item_0_count="15" item_1_tid="80102" item_1_count="20" item_2_tid="80202" item_2_count="20" item_3_tid="82401" item_3_count="1" item_4_tid="89303" item_4_count="10" item_5_tid="0" item_5_count="0"/>
	<item id="82183" item_0_tid="89103" item_0_count="1" item_1_tid="80101" item_1_count="20" item_2_tid="80201" item_2_count="20" item_3_tid="89303" item_3_count="10" item_4_tid="0" item_4_count="0" item_5_tid="0" item_5_count="0"/>
	<item id="82184" item_0_tid="89103" item_0_count="1" item_1_tid="84002" item_1_count="10" item_2_tid="84001" item_2_count="20" item_3_tid="89303" item_3_count="10" item_4_tid="0" item_4_count="0" item_5_tid="0" item_5_count="0"/>
	<item id="82185" item_0_tid="89103" item_0_count="1" item_1_tid="80302" item_1_count="10" item_2_tid="89503" item_2_count="2" item_3_tid="89303" item_3_count="10" item_4_tid="0" item_4_count="0" item_5_tid="0" item_5_count="0"/>
	<item id="82186" item_0_tid="80302" item_0_count="20" item_1_tid="89501" item_1_count="5" item_2_tid="89303" item_2_count="10" item_3_tid="0" item_3_count="0" item_4_tid="0" item_4_count="0" item_5_tid="0" item_5_count="0"/>
	<item id="82187" item_0_tid="80101" item_0_count="35" item_1_tid="80201" item_1_count="35" item_2_tid="89303" item_2_count="10" item_3_tid="0" item_3_count="0" item_4_tid="0" item_4_count="0" item_5_tid="0" item_5_count="0"/>
	<item id="82188" item_0_tid="80102" item_0_count="20" item_1_tid="80202" item_1_count="20" item_2_tid="89303" item_2_count="10" item_3_tid="0" item_3_count="0" item_4_tid="0" item_4_count="0" item_5_tid="0" item_5_count="0"/>
	<item id="82189" item_0_tid="70102" item_0_count="5" item_1_tid="70202" item_1_count="5" item_2_tid="70302" item_2_count="5" item_3_tid="70402" item_3_count="5" item_4_tid="0" item_4_count="0" item_5_tid="0" item_5_count="0"/>
	<item id="82190" item_0_tid="80101" item_0_count="30" item_1_tid="70102" item_1_count="5" item_2_tid="89303" item_2_count="10" item_3_tid="0" item_3_count="0" item_4_tid="0" item_4_count="0" item_5_tid="0" item_5_count="0"/>
	<item id="82191" item_0_tid="80201" item_0_count="30" item_1_tid="70202" item_1_count="5" item_2_tid="89303" item_2_count="10" item_3_tid="0" item_3_count="0" item_4_tid="0" item_4_count="0" item_5_tid="0" item_5_count="0"/>
	<item id="82192" item_0_tid="80102" item_0_count="20" item_1_tid="70302" item_1_count="5" item_2_tid="89303" item_2_count="10" item_3_tid="0" item_3_count="0" item_4_tid="0" item_4_count="0" item_5_tid="0" item_5_count="0"/>
	<item id="82193" item_0_tid="80202" item_0_count="20" item_1_tid="70402" item_1_count="5" item_2_tid="89303" item_2_count="10" item_3_tid="0" item_3_count="0" item_4_tid="0" item_4_count="0" item_5_tid="0" item_5_count="0"/>
	<item id="82194" item_0_tid="80302" item_0_count="20" item_1_tid="89502" item_1_count="2" item_2_tid="80101" item_2_count="20" item_3_tid="80201" item_3_count="10" item_4_tid="0" item_4_count="0" item_5_tid="0" item_5_count="0"/>
	<item id="82195" item_0_tid="89102" item_0_count="3" item_1_tid="89303" item_1_count="1" item_2_tid="80302" item_2_count="1" item_3_tid="0" item_3_count="0" item_4_tid="0" item_4_count="0" item_5_tid="0" item_5_count="0"/>
	<item id="82196" item_0_tid="89102" item_0_count="4" item_1_tid="89303" item_1_count="2" item_2_tid="80302" item_2_count="2" item_3_tid="0" item_3_count="0" item_4_tid="0" item_4_count="0" item_5_tid="0" item_5_count="0"/>
	<item id="82197" item_0_tid="89102" item_0_count="5" item_1_tid="89303" item_1_count="3" item_2_tid="80302" item_2_count="3" item_3_tid="0" item_3_count="0" item_4_tid="0" item_4_count="0" item_5_tid="0" item_5_count="0"/>
	<item id="82198" item_0_tid="89702" item_0_count="1" item_1_tid="89103" item_1_count="3" item_2_tid="89503" item_2_count="2" item_3_tid="0" item_3_count="0" item_4_tid="0" item_4_count="0" item_5_tid="0" item_5_count="0"/>
	<item id="82201" item_0_tid="89103" item_0_count="1" item_1_tid="0" item_1_count="0" item_2_tid="0" item_2_count="0" item_3_tid="0" item_3_count="0" item_4_tid="0" item_4_count="0" item_5_tid="0" item_5_count="0"/>
	<item id="82202" item_0_tid="80101" item_0_count="10" item_1_tid="0" item_1_count="0" item_2_tid="0" item_2_count="0" item_3_tid="0" item_3_count="0" item_4_tid="0" item_4_count="0" item_5_tid="0" item_5_count="0"/>
	<item id="82203" item_0_tid="80201" item_0_count="10" item_1_tid="0" item_1_count="0" item_2_tid="0" item_2_count="0" item_3_tid="0" item_3_count="0" item_4_tid="0" item_4_count="0" item_5_tid="0" item_5_count="0"/>
	<item id="82204" item_0_tid="80101" item_0_count="15" item_1_tid="0" item_1_count="0" item_2_tid="0" item_2_count="0" item_3_tid="0" item_3_count="0" item_4_tid="0" item_4_count="0" item_5_tid="0" item_5_count="0"/>
	<item id="82205" item_0_tid="80201" item_0_count="15" item_1_tid="0" item_1_count="0" item_2_tid="0" item_2_count="0" item_3_tid="0" item_3_count="0" item_4_tid="0" item_4_count="0" item_5_tid="0" item_5_count="0"/>
	<item id="82206" item_0_tid="80202" item_0_count="10" item_1_tid="0" item_1_count="0" item_2_tid="0" item_2_count="0" item_3_tid="0" item_3_count="0" item_4_tid="0" item_4_count="0" item_5_tid="0" item_5_count="0"/>
	<item id="82207" item_0_tid="89304" item_0_count="5" item_1_tid="0" item_1_count="0" item_2_tid="0" item_2_count="0" item_3_tid="0" item_3_count="0" item_4_tid="0" item_4_count="0" item_5_tid="0" item_5_count="0"/>
	<item id="82208" item_0_tid="89102" item_0_count="1" item_1_tid="0" item_1_count="0" item_2_tid="0" item_2_count="0" item_3_tid="0" item_3_count="0" item_4_tid="0" item_4_count="0" item_5_tid="0" item_5_count="0"/>
	<item id="82209" item_0_tid="89303" item_0_count="1" item_1_tid="0" item_1_count="0" item_2_tid="0" item_2_count="0" item_3_tid="0" item_3_count="0" item_4_tid="0" item_4_count="0" item_5_tid="0" item_5_count="0"/>
	<item id="82210" item_0_tid="89601" item_0_count="1" item_1_tid="0" item_1_count="0" item_2_tid="0" item_2_count="0" item_3_tid="0" item_3_count="0" item_4_tid="0" item_4_count="0" item_5_tid="0" item_5_count="0"/>
	<item id="82211" item_0_tid="89106" item_0_count="1" item_1_tid="0" item_1_count="0" item_2_tid="0" item_2_count="0" item_3_tid="0" item_3_count="0" item_4_tid="0" item_4_count="0" item_5_tid="0" item_5_count="0"/>
	<item id="82212" item_0_tid="80302" item_0_count="1" item_1_tid="0" item_1_count="0" item_2_tid="0" item_2_count="0" item_3_tid="0" item_3_count="0" item_4_tid="0" item_4_count="0" item_5_tid="0" item_5_count="0"/>
	<item id="82213" item_0_tid="89304" item_0_count="1" item_1_tid="0" item_1_count="0" item_2_tid="0" item_2_count="0" item_3_tid="0" item_3_count="0" item_4_tid="0" item_4_count="0" item_5_tid="0" item_5_count="0"/>
	<item id="82214" item_0_tid="825002" item_0_count="1" item_1_tid="0" item_1_count="0" item_2_tid="0" item_2_count="0" item_3_tid="0" item_3_count="0" item_4_tid="0" item_4_count="0" item_5_tid="0" item_5_count="0"/>
	<item id="82215" item_0_tid="89102" item_0_count="1" item_1_tid="0" item_1_count="0" item_2_tid="0" item_2_count="0" item_3_tid="0" item_3_count="0" item_4_tid="0" item_4_count="0" item_5_tid="0" item_5_count="0"/>
	<item id="82216" item_0_tid="90201" item_0_count="1" item_1_tid="0" item_1_count="0" item_2_tid="0" item_2_count="0" item_3_tid="0" item_3_count="0" item_4_tid="0" item_4_count="0" item_5_tid="0" item_5_count="0"/>
	<item id="82217" item_0_tid="90101" item_0_count="1" item_1_tid="0" item_1_count="0" item_2_tid="0" item_2_count="0" item_3_tid="0" item_3_count="0" item_4_tid="0" item_4_count="0" item_5_tid="0" item_5_count="0"/>
	<item id="82218" item_0_tid="89801" item_0_count="1" item_1_tid="0" item_1_count="0" item_2_tid="0" item_2_count="0" item_3_tid="0" item_3_count="0" item_4_tid="0" item_4_count="0" item_5_tid="0" item_5_count="0"/>
	<item id="82219" item_0_tid="89601" item_0_count="1" item_1_tid="0" item_1_count="0" item_2_tid="0" item_2_count="0" item_3_tid="0" item_3_count="0" item_4_tid="0" item_4_count="0" item_5_tid="0" item_5_count="0"/>
	<item id="82220" item_0_tid="89304" item_0_count="1" item_1_tid="0" item_1_count="0" item_2_tid="0" item_2_count="0" item_3_tid="0" item_3_count="0" item_4_tid="0" item_4_count="0" item_5_tid="0" item_5_count="0"/>
	<item id="82221" item_0_tid="84001" item_0_count="5" item_1_tid="0" item_1_count="0" item_2_tid="0" item_2_count="0" item_3_tid="0" item_3_count="0" item_4_tid="0" item_4_count="0" item_5_tid="0" item_5_count="0"/>
	<item id="82222" item_0_tid="825002" item_0_count="1" item_1_tid="0" item_1_count="0" item_2_tid="0" item_2_count="0" item_3_tid="0" item_3_count="0" item_4_tid="0" item_4_count="0" item_5_tid="0" item_5_count="0"/>
	<item id="82223" item_0_tid="80302" item_0_count="1" item_1_tid="0" item_1_count="0" item_2_tid="0" item_2_count="0" item_3_tid="0" item_3_count="0" item_4_tid="0" item_4_count="0" item_5_tid="0" item_5_count="0"/>
	<item id="82301" item_0_tid="89105" item_0_count="10" item_1_tid="89302" item_1_count="5" item_2_tid="90101" item_2_count="1" item_3_tid="90201" item_3_count="1" item_4_tid="0" item_4_count="0" item_5_tid="0" item_5_count="0"/>
	<item id="82302" item_0_tid="89105" item_0_count="12" item_1_tid="89302" item_1_count="6" item_2_tid="90101" item_2_count="2" item_3_tid="90201" item_3_count="2" item_4_tid="0" item_4_count="0" item_5_tid="0" item_5_count="0"/>
	<item id="82303" item_0_tid="89105" item_0_count="14" item_1_tid="89302" item_1_count="7" item_2_tid="90101" item_2_count="3" item_3_tid="90201" item_3_count="3" item_4_tid="0" item_4_count="0" item_5_tid="0" item_5_count="0"/>
	<item id="82304" item_0_tid="89105" item_0_count="16" item_1_tid="89302" item_1_count="8" item_2_tid="90101" item_2_count="4" item_3_tid="90201" item_3_count="4" item_4_tid="0" item_4_count="0" item_5_tid="0" item_5_count="0"/>
	<item id="82305" item_0_tid="89105" item_0_count="20" item_1_tid="89302" item_1_count="10" item_2_tid="90101" item_2_count="5" item_3_tid="90201" item_3_count="5" item_4_tid="0" item_4_count="0" item_5_tid="0" item_5_count="0"/>
	<item id="82306" item_0_tid="80302" item_0_count="10" item_1_tid="89106" item_1_count="2" item_2_tid="84002" item_2_count="2" item_3_tid="89302" item_3_count="10" item_4_tid="0" item_4_count="0" item_5_tid="0" item_5_count="0"/>
	<item id="82307" item_0_tid="80302" item_0_count="20" item_1_tid="89106" item_1_count="4" item_2_tid="84002" item_2_count="4" item_3_tid="89302" item_3_count="20" item_4_tid="0" item_4_count="0" item_5_tid="0" item_5_count="0"/>
	<item id="82308" item_0_tid="80302" item_0_count="30" item_1_tid="89106" item_1_count="6" item_2_tid="84002" item_2_count="6" item_3_tid="89302" item_3_count="30" item_4_tid="0" item_4_count="0" item_5_tid="0" item_5_count="0"/>
	<item id="82309" item_0_tid="80302" item_0_count="40" item_1_tid="89106" item_1_count="8" item_2_tid="84002" item_2_count="8" item_3_tid="89302" item_3_count="40" item_4_tid="0" item_4_count="0" item_5_tid="0" item_5_count="0"/>
	<item id="82310" item_0_tid="80302" item_0_count="50" item_1_tid="89106" item_1_count="10" item_2_tid="84002" item_2_count="10" item_3_tid="89302" item_3_count="50" item_4_tid="0" item_4_count="0" item_5_tid="0" item_5_count="0"/>
	<item id="82401" item_0_tid="70101" item_0_count="1" item_1_tid="70201" item_1_count="1" item_2_tid="70301" item_2_count="1" item_3_tid="70401" item_3_count="1" item_4_tid="0" item_4_count="0" item_5_tid="0" item_5_count="0"/>
	<item id="82402" item_0_tid="70101" item_0_count="2" item_1_tid="70201" item_1_count="2" item_2_tid="70301" item_2_count="2" item_3_tid="70401" item_3_count="2" item_4_tid="0" item_4_count="0" item_5_tid="0" item_5_count="0"/>
	<item id="82403" item_0_tid="0" item_0_count="0" item_1_tid="0" item_1_count="0" item_2_tid="0" item_2_count="0" item_3_tid="0" item_3_count="0" item_4_tid="0" item_4_count="0" item_5_tid="0" item_5_count="0"/>
	<item id="82404" item_0_tid="70103" item_0_count="6" item_1_tid="70203" item_1_count="6" item_2_tid="70303" item_2_count="6" item_3_tid="70403" item_3_count="6" item_4_tid="0" item_4_count="0" item_5_tid="0" item_5_count="0"/>
	<item id="82405" item_0_tid="80103" item_0_count="20" item_1_tid="80203" item_1_count="20" item_2_tid="0" item_2_count="0" item_3_tid="0" item_3_count="0" item_4_tid="0" item_4_count="0" item_5_tid="0" item_5_count="0"/>
	<item id="82406" item_0_tid="90005" item_0_count="1" item_1_tid="0" item_1_count="0" item_2_tid="0" item_2_count="0" item_3_tid="0" item_3_count="0" item_4_tid="0" item_4_count="0" item_5_tid="0" item_5_count="0"/>
	<item id="82407" item_0_tid="223101" item_0_count="1" item_1_tid="0" item_1_count="0" item_2_tid="0" item_2_count="0" item_3_tid="0" item_3_count="0" item_4_tid="0" item_4_count="0" item_5_tid="0" item_5_count="0"/>
	<item id="82408" item_0_tid="80101" item_0_count="20" item_1_tid="80201" item_1_count="20" item_2_tid="0" item_2_count="0" item_3_tid="0" item_3_count="0" item_4_tid="0" item_4_count="0" item_5_tid="0" item_5_count="0"/>
	<item id="82409" item_0_tid="80101" item_0_count="100" item_1_tid="0" item_1_count="0" item_2_tid="0" item_2_count="0" item_3_tid="0" item_3_count="0" item_4_tid="0" item_4_count="0" item_5_tid="0" item_5_count="0"/>
	<item id="82410" item_0_tid="80302" item_0_count="25" item_1_tid="0" item_1_count="0" item_2_tid="0" item_2_count="0" item_3_tid="0" item_3_count="0" item_4_tid="0" item_4_count="0" item_5_tid="0" item_5_count="0"/>
	<item id="82411" item_0_tid="80102" item_0_count="100" item_1_tid="80202" item_1_count="100" item_2_tid="0" item_2_count="0" item_3_tid="0" item_3_count="0" item_4_tid="0" item_4_count="0" item_5_tid="0" item_5_count="0"/>
	<item id="82412" item_0_tid="70101" item_0_count="10" item_1_tid="70201" item_1_count="10" item_2_tid="70301" item_2_count="10" item_3_tid="70401" item_3_count="10" item_4_tid="0" item_4_count="0" item_5_tid="0" item_5_count="0"/>
	<item id="82413" item_0_tid="70102" item_0_count="10" item_1_tid="70202" item_1_count="10" item_2_tid="70302" item_2_count="10" item_3_tid="70402" item_3_count="10" item_4_tid="0" item_4_count="0" item_5_tid="0" item_5_count="0"/>
	<item id="82414" item_0_tid="70103" item_0_count="10" item_1_tid="70203" item_1_count="10" item_2_tid="70303" item_2_count="10" item_3_tid="70403" item_3_count="10" item_4_tid="0" item_4_count="0" item_5_tid="0" item_5_count="0"/>
	<item id="82415" item_0_tid="80101" item_0_count="100" item_1_tid="80201" item_1_count="100" item_2_tid="0" item_2_count="0" item_3_tid="0" item_3_count="0" item_4_tid="0" item_4_count="0" item_5_tid="0" item_5_count="0"/>
	<item id="82416" item_0_tid="80102" item_0_count="100" item_1_tid="80202" item_1_count="100" item_2_tid="0" item_2_count="0" item_3_tid="0" item_3_count="0" item_4_tid="0" item_4_count="0" item_5_tid="0" item_5_count="0"/>
	<item id="82417" item_0_tid="80103" item_0_count="50" item_1_tid="80203" item_1_count="50" item_2_tid="0" item_2_count="0" item_3_tid="0" item_3_count="0" item_4_tid="0" item_4_count="0" item_5_tid="0" item_5_count="0"/>
	<item id="82501" item_0_tid="80302" item_0_count="3" item_1_tid="89302" item_1_count="1" item_2_tid="0" item_2_count="0" item_3_tid="0" item_3_count="0" item_4_tid="0" item_4_count="0" item_5_tid="0" item_5_count="0"/>
	<item id="82502" item_0_tid="70101" item_0_count="1" item_1_tid="0" item_1_count="0" item_2_tid="0" item_2_count="0" item_3_tid="0" item_3_count="0" item_4_tid="0" item_4_count="0" item_5_tid="0" item_5_count="0"/>
	<item id="82503" item_0_tid="70201" item_0_count="1" item_1_tid="0" item_1_count="0" item_2_tid="0" item_2_count="0" item_3_tid="0" item_3_count="0" item_4_tid="0" item_4_count="0" item_5_tid="0" item_5_count="0"/>
	<item id="82504" item_0_tid="70301" item_0_count="1" item_1_tid="0" item_1_count="0" item_2_tid="0" item_2_count="0" item_3_tid="0" item_3_count="0" item_4_tid="0" item_4_count="0" item_5_tid="0" item_5_count="0"/>
	<item id="82505" item_0_tid="70401" item_0_count="1" item_1_tid="0" item_1_count="0" item_2_tid="0" item_2_count="0" item_3_tid="0" item_3_count="0" item_4_tid="0" item_4_count="0" item_5_tid="0" item_5_count="0"/>
	<item id="82506" item_0_tid="70102" item_0_count="1" item_1_tid="0" item_1_count="0" item_2_tid="0" item_2_count="0" item_3_tid="0" item_3_count="0" item_4_tid="0" item_4_count="0" item_5_tid="0" item_5_count="0"/>
	<item id="82507" item_0_tid="70202" item_0_count="1" item_1_tid="0" item_1_count="0" item_2_tid="0" item_2_count="0" item_3_tid="0" item_3_count="0" item_4_tid="0" item_4_count="0" item_5_tid="0" item_5_count="0"/>
	<item id="82508" item_0_tid="70302" item_0_count="1" item_1_tid="0" item_1_count="0" item_2_tid="0" item_2_count="0" item_3_tid="0" item_3_count="0" item_4_tid="0" item_4_count="0" item_5_tid="0" item_5_count="0"/>
	<item id="82509" item_0_tid="70402" item_0_count="1" item_1_tid="0" item_1_count="0" item_2_tid="0" item_2_count="0" item_3_tid="0" item_3_count="0" item_4_tid="0" item_4_count="0" item_5_tid="0" item_5_count="0"/>
	<item id="82510" item_0_tid="89106" item_0_count="1" item_1_tid="80102" item_1_count="3" item_2_tid="89601" item_2_count="1" item_3_tid="0" item_3_count="0" item_4_tid="0" item_4_count="0" item_5_tid="0" item_5_count="0"/>
	<item id="82511" item_0_tid="89106" item_0_count="2" item_1_tid="80202" item_1_count="3" item_2_tid="89801" item_2_count="1" item_3_tid="0" item_3_count="0" item_4_tid="0" item_4_count="0" item_5_tid="0" item_5_count="0"/>
	<item id="82512" item_0_tid="89106" item_0_count="3" item_1_tid="80302" item_1_count="2" item_2_tid="90101" item_2_count="1" item_3_tid="0" item_3_count="0" item_4_tid="0" item_4_count="0" item_5_tid="0" item_5_count="0"/>
	<item id="82513" item_0_tid="89106" item_0_count="4" item_1_tid="80302" item_1_count="5" item_2_tid="90201" item_2_count="1" item_3_tid="0" item_3_count="0" item_4_tid="0" item_4_count="0" item_5_tid="0" item_5_count="0"/>
	<item id="82514" item_0_tid="89106" item_0_count="25" item_1_tid="80302" item_1_count="15" item_2_tid="89302" item_2_count="10" item_3_tid="80102" item_3_count="20" item_4_tid="80202" item_4_count="20" item_5_tid="825002" item_5_count="5"/>
	<item id="82515" item_0_tid="89106" item_0_count="20" item_1_tid="80302" item_1_count="12" item_2_tid="89302" item_2_count="8" item_3_tid="80102" item_3_count="15" item_4_tid="80202" item_4_count="15" item_5_tid="825002" item_5_count="4"/>
	<item id="82516" item_0_tid="89106" item_0_count="15" item_1_tid="80302" item_1_count="9" item_2_tid="89302" item_2_count="6" item_3_tid="80102" item_3_count="10" item_4_tid="80202" item_4_count="10" item_5_tid="825002" item_5_count="3"/>
	<item id="82517" item_0_tid="89106" item_0_count="10" item_1_tid="80302" item_1_count="6" item_2_tid="89302" item_2_count="4" item_3_tid="80102" item_3_count="5" item_4_tid="80202" item_4_count="5" item_5_tid="825002" item_5_count="2"/>
	<item id="82518" item_0_tid="89106" item_0_count="5" item_1_tid="80302" item_1_count="3" item_2_tid="89302" item_2_count="2" item_3_tid="80102" item_3_count="2" item_4_tid="80202" item_4_count="2" item_5_tid="825002" item_5_count="1"/>
	<item id="82519" item_0_tid="89304" item_0_count="2" item_1_tid="89604" item_1_count="1" item_2_tid="89804" item_2_count="1" item_3_tid="80102" item_3_count="5" item_4_tid="80202" item_4_count="5" item_5_tid="0" item_5_count="0"/>
	<item id="82520" item_0_tid="80102" item_0_count="20" item_1_tid="80202" item_1_count="20" item_2_tid="89501" item_2_count="10" item_3_tid="89601" item_3_count="10" item_4_tid="89801" item_4_count="10" item_5_tid="0" item_5_count="0"/>
	<item id="82521" item_0_tid="80102" item_0_count="15" item_1_tid="80202" item_1_count="15" item_2_tid="89501" item_2_count="8" item_3_tid="89601" item_3_count="8" item_4_tid="89801" item_4_count="8" item_5_tid="0" item_5_count="0"/>
	<item id="82522" item_0_tid="80102" item_0_count="10" item_1_tid="80202" item_1_count="10" item_2_tid="89501" item_2_count="6" item_3_tid="89601" item_3_count="6" item_4_tid="89801" item_4_count="6" item_5_tid="0" item_5_count="0"/>
	<item id="82523" item_0_tid="80102" item_0_count="8" item_1_tid="80202" item_1_count="8" item_2_tid="89501" item_2_count="5" item_3_tid="89601" item_3_count="5" item_4_tid="89801" item_4_count="5" item_5_tid="0" item_5_count="0"/>
	<item id="82524" item_0_tid="80102" item_0_count="6" item_1_tid="80202" item_1_count="6" item_2_tid="89501" item_2_count="4" item_3_tid="89601" item_3_count="4" item_4_tid="89801" item_4_count="4" item_5_tid="0" item_5_count="0"/>
	<item id="82525" item_0_tid="80102" item_0_count="4" item_1_tid="80202" item_1_count="4" item_2_tid="89501" item_2_count="3" item_3_tid="89601" item_3_count="3" item_4_tid="89801" item_4_count="3" item_5_tid="0" item_5_count="0"/>
	<item id="82526" item_0_tid="80102" item_0_count="2" item_1_tid="80202" item_1_count="2" item_2_tid="89501" item_2_count="2" item_3_tid="89601" item_3_count="2" item_4_tid="89801" item_4_count="2" item_5_tid="0" item_5_count="0"/>
	<item id="82527" item_0_tid="80102" item_0_count="1" item_1_tid="80202" item_1_count="1" item_2_tid="89501" item_2_count="1" item_3_tid="89601" item_3_count="1" item_4_tid="89801" item_4_count="1" item_5_tid="0" item_5_count="0"/>
	<item id="82901" item_0_tid="85011" item_0_count="20" item_1_tid="85012" item_1_count="20" item_2_tid="85013" item_2_count="20" item_3_tid="85014" item_3_count="20" item_4_tid="85015" item_4_count="20" item_5_tid="0" item_5_count="0"/>
	<item id="82902" item_0_tid="85021" item_0_count="20" item_1_tid="85022" item_1_count="20" item_2_tid="85023" item_2_count="20" item_3_tid="85024" item_3_count="20" item_4_tid="85025" item_4_count="20" item_5_tid="0" item_5_count="0"/>
	<item id="82903" item_0_tid="85031" item_0_count="20" item_1_tid="85032" item_1_count="20" item_2_tid="85033" item_2_count="20" item_3_tid="85034" item_3_count="20" item_4_tid="85035" item_4_count="20" item_5_tid="0" item_5_count="0"/>
	<item id="82904" item_0_tid="85041" item_0_count="20" item_1_tid="85042" item_1_count="20" item_2_tid="85043" item_2_count="20" item_3_tid="85044" item_3_count="20" item_4_tid="85045" item_4_count="20" item_5_tid="0" item_5_count="0"/>
	<item id="82905" item_0_tid="85051" item_0_count="20" item_1_tid="85052" item_1_count="20" item_2_tid="85053" item_2_count="20" item_3_tid="85054" item_3_count="20" item_4_tid="85055" item_4_count="20" item_5_tid="0" item_5_count="0"/>
	<item id="82906" item_0_tid="85061" item_0_count="20" item_1_tid="85062" item_1_count="20" item_2_tid="85063" item_2_count="20" item_3_tid="85064" item_3_count="20" item_4_tid="85065" item_4_count="20" item_5_tid="0" item_5_count="0"/>
	<item id="82907" item_0_tid="85071" item_0_count="20" item_1_tid="85072" item_1_count="20" item_2_tid="85073" item_2_count="20" item_3_tid="85074" item_3_count="20" item_4_tid="85075" item_4_count="20" item_5_tid="0" item_5_count="0"/>
	<item id="82908" item_0_tid="85081" item_0_count="20" item_1_tid="85082" item_1_count="20" item_2_tid="85083" item_2_count="20" item_3_tid="85084" item_3_count="20" item_4_tid="85085" item_4_count="20" item_5_tid="0" item_5_count="0"/>
	<item id="82909" item_0_tid="85091" item_0_count="20" item_1_tid="85092" item_1_count="20" item_2_tid="85093" item_2_count="20" item_3_tid="85094" item_3_count="20" item_4_tid="85095" item_4_count="20" item_5_tid="0" item_5_count="0"/>
	<item id="82910" item_0_tid="85101" item_0_count="20" item_1_tid="85102" item_1_count="20" item_2_tid="85103" item_2_count="20" item_3_tid="85104" item_3_count="20" item_4_tid="85105" item_4_count="20" item_5_tid="0" item_5_count="0"/>
	<item id="82911" item_0_tid="85111" item_0_count="20" item_1_tid="85112" item_1_count="20" item_2_tid="85113" item_2_count="20" item_3_tid="85114" item_3_count="20" item_4_tid="85115" item_4_count="20" item_5_tid="0" item_5_count="0"/>
	<item id="82912" item_0_tid="85121" item_0_count="20" item_1_tid="85122" item_1_count="20" item_2_tid="85123" item_2_count="20" item_3_tid="85124" item_3_count="20" item_4_tid="85125" item_4_count="20" item_5_tid="0" item_5_count="0"/>
	<item id="82930" item_0_tid="141010" item_0_count="1" item_1_tid="111010" item_1_count="1" item_2_tid="181010" item_2_count="1" item_3_tid="201011" item_3_count="1" item_4_tid="201012" item_4_count="1" item_5_tid="201013" item_5_count="1"/>
	<item id="82931" item_0_tid="203011" item_0_count="1" item_1_tid="203012" item_1_count="1" item_2_tid="203013" item_2_count="1" item_3_tid="0" item_3_count="0" item_4_tid="0" item_4_count="0" item_5_tid="0" item_5_count="0"/>
	<item id="82932" item_0_tid="141100" item_0_count="1" item_1_tid="111100" item_1_count="1" item_2_tid="181100" item_2_count="1" item_3_tid="0" item_3_count="0" item_4_tid="0" item_4_count="0" item_5_tid="0" item_5_count="0"/>
	<item id="82933" item_0_tid="142100" item_0_count="1" item_1_tid="112100" item_1_count="1" item_2_tid="182100" item_2_count="1" item_3_tid="202101" item_3_count="1" item_4_tid="202102" item_4_count="1" item_5_tid="202103" item_5_count="1"/>
	<item id="82934" item_0_tid="141150" item_0_count="1" item_1_tid="111150" item_1_count="1" item_2_tid="181150" item_2_count="1" item_3_tid="201151" item_3_count="1" item_4_tid="201152" item_4_count="1" item_5_tid="201153" item_5_count="1"/>
	<item id="82935" item_0_tid="142150" item_0_count="1" item_1_tid="112150" item_1_count="1" item_2_tid="182150" item_2_count="1" item_3_tid="202151" item_3_count="1" item_4_tid="202152" item_4_count="1" item_5_tid="202153" item_5_count="1"/>
	<item id="82936" item_0_tid="141200" item_0_count="1" item_1_tid="111200" item_1_count="1" item_2_tid="181200" item_2_count="1" item_3_tid="201201" item_3_count="1" item_4_tid="201202" item_4_count="1" item_5_tid="201203" item_5_count="1"/>
	<item id="82937" item_0_tid="142200" item_0_count="1" item_1_tid="112200" item_1_count="1" item_2_tid="182200" item_2_count="1" item_3_tid="202201" item_3_count="1" item_4_tid="202202" item_4_count="1" item_5_tid="202203" item_5_count="1"/>
	<item id="82938" item_0_tid="171200" item_0_count="1" item_1_tid="191200" item_1_count="1" item_2_tid="161200" item_2_count="1" item_3_tid="191200" item_3_count="1" item_4_tid="0" item_4_count="0" item_5_tid="0" item_5_count="0"/>
	<item id="82939" item_0_tid="172200" item_0_count="1" item_1_tid="192200" item_1_count="1" item_2_tid="162200" item_2_count="1" item_3_tid="192200" item_3_count="1" item_4_tid="0" item_4_count="0" item_5_tid="0" item_5_count="0"/>
	<item id="82940" item_0_tid="173200" item_0_count="1" item_1_tid="193200" item_1_count="1" item_2_tid="163200" item_2_count="1" item_3_tid="193200" item_3_count="1" item_4_tid="0" item_4_count="0" item_5_tid="0" item_5_count="0"/>
	<item id="82941" item_0_tid="143201" item_0_count="1" item_1_tid="143202" item_1_count="1" item_2_tid="143203" item_2_count="1" item_3_tid="113201" item_3_count="1" item_4_tid="113202" item_4_count="1" item_5_tid="113203" item_5_count="1"/>
	<item id="82942" item_0_tid="121300" item_0_count="1" item_1_tid="151300" item_1_count="1" item_2_tid="141300" item_2_count="1" item_3_tid="111300" item_3_count="1" item_4_tid="181300" item_4_count="1" item_5_tid="201301" item_5_count="1"/>
	<item id="82943" item_0_tid="122300" item_0_count="1" item_1_tid="152300" item_1_count="1" item_2_tid="142300" item_2_count="1" item_3_tid="112300" item_3_count="1" item_4_tid="182300" item_4_count="1" item_5_tid="202301" item_5_count="1"/>
	<item id="82944" item_0_tid="123300" item_0_count="1" item_1_tid="153300" item_1_count="1" item_2_tid="143300" item_2_count="1" item_3_tid="113300" item_3_count="1" item_4_tid="183300" item_4_count="1" item_5_tid="203301" item_5_count="1"/>
	<item id="82945" item_0_tid="211301" item_0_count="1" item_1_tid="211302" item_1_count="1" item_2_tid="211303" item_2_count="1" item_3_tid="131300" item_3_count="1" item_4_tid="171300" item_4_count="1" item_5_tid="191300" item_5_count="1"/>
	<item id="82946" item_0_tid="212301" item_0_count="1" item_1_tid="212302" item_1_count="1" item_2_tid="212303" item_2_count="1" item_3_tid="132300" item_3_count="1" item_4_tid="172300" item_4_count="1" item_5_tid="192300" item_5_count="1"/>
	<item id="82947" item_0_tid="213301" item_0_count="1" item_1_tid="213302" item_1_count="1" item_2_tid="213303" item_2_count="1" item_3_tid="133300" item_3_count="1" item_4_tid="173300" item_4_count="1" item_5_tid="193300" item_5_count="1"/>
	<item id="82948" item_0_tid="153330" item_0_count="1" item_1_tid="123370" item_1_count="1" item_2_tid="133390" item_2_count="1" item_3_tid="113450" item_3_count="1" item_4_tid="0" item_4_count="0" item_5_tid="0" item_5_count="0"/>
	<item id="82949" item_0_tid="201401" item_0_count="1" item_1_tid="211401" item_1_count="1" item_2_tid="131401" item_2_count="1" item_3_tid="171401" item_3_count="1" item_4_tid="191401" item_4_count="1" item_5_tid="191401" item_5_count="1"/>
	<item id="82950" item_0_tid="161401" item_0_count="1" item_1_tid="121401" item_1_count="1" item_2_tid="151401" item_2_count="1" item_3_tid="141401" item_3_count="1" item_4_tid="111401" item_4_count="1" item_5_tid="181401" item_5_count="1"/>
	<item id="82951" item_0_tid="201402" item_0_count="1" item_1_tid="211402" item_1_count="1" item_2_tid="131402" item_2_count="1" item_3_tid="171402" item_3_count="1" item_4_tid="191402" item_4_count="1" item_5_tid="191402" item_5_count="1"/>
	<item id="82952" item_0_tid="161402" item_0_count="1" item_1_tid="121402" item_1_count="1" item_2_tid="151402" item_2_count="1" item_3_tid="141402" item_3_count="1" item_4_tid="111402" item_4_count="1" item_5_tid="181402" item_5_count="1"/>
	<item id="82953" item_0_tid="201403" item_0_count="1" item_1_tid="211403" item_1_count="1" item_2_tid="131403" item_2_count="1" item_3_tid="171403" item_3_count="1" item_4_tid="191403" item_4_count="1" item_5_tid="191403" item_5_count="1"/>
	<item id="82954" item_0_tid="161403" item_0_count="1" item_1_tid="121403" item_1_count="1" item_2_tid="151403" item_2_count="1" item_3_tid="141403" item_3_count="1" item_4_tid="111403" item_4_count="1" item_5_tid="181403" item_5_count="1"/>
	<item id="82955" item_0_tid="202401" item_0_count="1" item_1_tid="212401" item_1_count="1" item_2_tid="132401" item_2_count="1" item_3_tid="172401" item_3_count="1" item_4_tid="192401" item_4_count="1" item_5_tid="192401" item_5_count="1"/>
	<item id="82956" item_0_tid="162401" item_0_count="1" item_1_tid="122401" item_1_count="1" item_2_tid="152401" item_2_count="1" item_3_tid="142401" item_3_count="1" item_4_tid="112401" item_4_count="1" item_5_tid="182401" item_5_count="1"/>
	<item id="82957" item_0_tid="202402" item_0_count="1" item_1_tid="212402" item_1_count="1" item_2_tid="132402" item_2_count="1" item_3_tid="172402" item_3_count="1" item_4_tid="192402" item_4_count="1" item_5_tid="192402" item_5_count="1"/>
	<item id="82958" item_0_tid="162402" item_0_count="1" item_1_tid="122402" item_1_count="1" item_2_tid="152402" item_2_count="1" item_3_tid="142402" item_3_count="1" item_4_tid="112402" item_4_count="1" item_5_tid="182402" item_5_count="1"/>
	<item id="82959" item_0_tid="202403" item_0_count="1" item_1_tid="212403" item_1_count="1" item_2_tid="132403" item_2_count="1" item_3_tid="172403" item_3_count="1" item_4_tid="192403" item_4_count="1" item_5_tid="192403" item_5_count="1"/>
	<item id="82960" item_0_tid="162403" item_0_count="1" item_1_tid="122403" item_1_count="1" item_2_tid="152403" item_2_count="1" item_3_tid="142403" item_3_count="1" item_4_tid="112403" item_4_count="1" item_5_tid="182403" item_5_count="1"/>
	<item id="82961" item_0_tid="203401" item_0_count="1" item_1_tid="213401" item_1_count="1" item_2_tid="133401" item_2_count="1" item_3_tid="173401" item_3_count="1" item_4_tid="193401" item_4_count="1" item_5_tid="193401" item_5_count="1"/>
	<item id="82962" item_0_tid="163401" item_0_count="1" item_1_tid="123401" item_1_count="1" item_2_tid="153401" item_2_count="1" item_3_tid="143401" item_3_count="1" item_4_tid="113401" item_4_count="1" item_5_tid="183401" item_5_count="1"/>
	<item id="82963" item_0_tid="203402" item_0_count="1" item_1_tid="213402" item_1_count="1" item_2_tid="133402" item_2_count="1" item_3_tid="173402" item_3_count="1" item_4_tid="193402" item_4_count="1" item_5_tid="193402" item_5_count="1"/>
	<item id="82964" item_0_tid="163402" item_0_count="1" item_1_tid="123402" item_1_count="1" item_2_tid="153402" item_2_count="1" item_3_tid="143402" item_3_count="1" item_4_tid="113402" item_4_count="1" item_5_tid="183402" item_5_count="1"/>
	<item id="82965" item_0_tid="203403" item_0_count="1" item_1_tid="213403" item_1_count="1" item_2_tid="133403" item_2_count="1" item_3_tid="173403" item_3_count="1" item_4_tid="193403" item_4_count="1" item_5_tid="193403" item_5_count="1"/>
	<item id="82966" item_0_tid="163403" item_0_count="1" item_1_tid="123403" item_1_count="1" item_2_tid="153403" item_2_count="1" item_3_tid="143403" item_3_count="1" item_4_tid="113403" item_4_count="1" item_5_tid="183403" item_5_count="1"/>
	<item id="82967" item_0_tid="202501" item_0_count="1" item_1_tid="212501" item_1_count="1" item_2_tid="132501" item_2_count="1" item_3_tid="172501" item_3_count="1" item_4_tid="192501" item_4_count="1" item_5_tid="192501" item_5_count="1"/>
	<item id="82968" item_0_tid="162501" item_0_count="1" item_1_tid="122501" item_1_count="1" item_2_tid="152501" item_2_count="1" item_3_tid="142501" item_3_count="1" item_4_tid="112501" item_4_count="1" item_5_tid="182501" item_5_count="1"/>
	<item id="82969" item_0_tid="202502" item_0_count="1" item_1_tid="212502" item_1_count="1" item_2_tid="132502" item_2_count="1" item_3_tid="172502" item_3_count="1" item_4_tid="192502" item_4_count="1" item_5_tid="192502" item_5_count="1"/>
	<item id="82970" item_0_tid="162502" item_0_count="1" item_1_tid="122502" item_1_count="1" item_2_tid="152502" item_2_count="1" item_3_tid="142502" item_3_count="1" item_4_tid="112502" item_4_count="1" item_5_tid="182502" item_5_count="1"/>
	<item id="82971" item_0_tid="202503" item_0_count="1" item_1_tid="212503" item_1_count="1" item_2_tid="132503" item_2_count="1" item_3_tid="172503" item_3_count="1" item_4_tid="192503" item_4_count="1" item_5_tid="192503" item_5_count="1"/>
	<item id="82972" item_0_tid="162503" item_0_count="1" item_1_tid="122503" item_1_count="1" item_2_tid="152503" item_2_count="1" item_3_tid="142503" item_3_count="1" item_4_tid="112503" item_4_count="1" item_5_tid="182503" item_5_count="1"/>
	<item id="82973" item_0_tid="203501" item_0_count="1" item_1_tid="213501" item_1_count="1" item_2_tid="133501" item_2_count="1" item_3_tid="173501" item_3_count="1" item_4_tid="193501" item_4_count="1" item_5_tid="193501" item_5_count="1"/>
	<item id="82974" item_0_tid="163501" item_0_count="1" item_1_tid="123501" item_1_count="1" item_2_tid="153501" item_2_count="1" item_3_tid="143501" item_3_count="1" item_4_tid="113501" item_4_count="1" item_5_tid="183501" item_5_count="1"/>
	<item id="82975" item_0_tid="203502" item_0_count="1" item_1_tid="213502" item_1_count="1" item_2_tid="133502" item_2_count="1" item_3_tid="173502" item_3_count="1" item_4_tid="193502" item_4_count="1" item_5_tid="193502" item_5_count="1"/>
	<item id="82976" item_0_tid="163502" item_0_count="1" item_1_tid="123502" item_1_count="1" item_2_tid="153502" item_2_count="1" item_3_tid="143502" item_3_count="1" item_4_tid="113502" item_4_count="1" item_5_tid="183502" item_5_count="1"/>
	<item id="82977" item_0_tid="203503" item_0_count="1" item_1_tid="213503" item_1_count="1" item_2_tid="133503" item_2_count="1" item_3_tid="173503" item_3_count="1" item_4_tid="193503" item_4_count="1" item_5_tid="193503" item_5_count="1"/>
	<item id="82978" item_0_tid="163503" item_0_count="1" item_1_tid="123503" item_1_count="1" item_2_tid="153503" item_2_count="1" item_3_tid="143503" item_3_count="1" item_4_tid="113503" item_4_count="1" item_5_tid="183503" item_5_count="1"/>
</items>