<items>
	<item id="1" type="3" prop_id="0" max_count="1" weight="20"/>
	<item id="2" type="2" prop_id="0" max_count="1" weight="20"/>
	<item id="3" type="1" prop_id="80301" max_count="1" weight="10"/>
	<item id="4" type="1" prop_id="84001" max_count="4" weight="10"/>
	<item id="5" type="1" prop_id="80201" max_count="2" weight="10"/>
	<item id="6" type="1" prop_id="80202" max_count="1" weight="10"/>
	<item id="7" type="1" prop_id="80101" max_count="4" weight="10"/>
	<item id="8" type="1" prop_id="80102" max_count="1" weight="10"/>
</items>