<items>
	<shop id="1001">
		<item id="90001" currencyType="3" prime_price="35" sell_label="3" buy_limit="0" left="0" start_time="0" end_time="0" buy_price="28"/>
		<item id="90002" currencyType="3" prime_price="90" sell_label="3" buy_limit="0" left="0" start_time="0" end_time="0" buy_price="78"/>
		<item id="90003" currencyType="3" prime_price="400" sell_label="3" buy_limit="0" left="0" start_time="0" end_time="0" buy_price="338"/>
		<item id="90004" currencyType="3" prime_price="1100" sell_label="3" buy_limit="0" left="0" start_time="0" end_time="0" buy_price="918"/>
		<item id="90005" currencyType="3" prime_price="2300" sell_label="3" buy_limit="0" left="0" start_time="0" end_time="0" buy_price="1888"/>
		<item id="223103" currencyType="3" prime_price="5600" sell_label="2" buy_limit="0" left="0" start_time="0" end_time="0" buy_price="4988"/>
		<item id="223102" currencyType="3" prime_price="2200" sell_label="2" buy_limit="0" left="0" start_time="0" end_time="0" buy_price="1988"/>
		<item id="80101" currencyType="3" prime_price="10" sell_label="2" buy_limit="0" left="0" start_time="0" end_time="0" buy_price="10"/>
		<item id="80102" currencyType="3" prime_price="40" sell_label="2" buy_limit="0" left="0" start_time="0" end_time="0" buy_price="40"/>
		<item id="80201" currencyType="3" prime_price="20" sell_label="2" buy_limit="0" left="0" start_time="0" end_time="0" buy_price="20"/>
		<item id="80202" currencyType="3" prime_price="40" sell_label="2" buy_limit="0" left="0" start_time="0" end_time="0" buy_price="40"/>
		<item id="84001" currencyType="3" prime_price="10" sell_label="2" buy_limit="0" left="0" start_time="0" end_time="0" buy_price="10"/>
		<item id="84002" currencyType="3" prime_price="30" sell_label="2" buy_limit="0" left="0" start_time="0" end_time="0" buy_price="30"/>
	</shop>
	<shop id="1002">
		<item id="80101" currencyType="3" prime_price="10" sell_label="2" buy_limit="0" left="0" start_time="0" end_time="0" buy_price="10"/>
		<item id="80102" currencyType="3" prime_price="40" sell_label="2" buy_limit="0" left="0" start_time="0" end_time="0" buy_price="40"/>
		<item id="80201" currencyType="3" prime_price="20" sell_label="2" buy_limit="0" left="0" start_time="0" end_time="0" buy_price="20"/>
		<item id="80202" currencyType="3" prime_price="40" sell_label="2" buy_limit="0" left="0" start_time="0" end_time="0" buy_price="40"/>
	</shop>
	<shop id="1003">
		<item id="84001" currencyType="3" prime_price="10" sell_label="2" buy_limit="0" left="0" start_time="0" end_time="0" buy_price="10"/>
		<item id="84002" currencyType="3" prime_price="30" sell_label="2" buy_limit="0" left="0" start_time="0" end_time="0" buy_price="30"/>
	</shop>
	<shop id="1004">
		<item id="80101" currencyType="2" prime_price="10" sell_label="2" buy_limit="0" left="0" start_time="0" end_time="0" buy_price="10"/>
		<item id="80102" currencyType="2" prime_price="40" sell_label="2" buy_limit="0" left="0" start_time="0" end_time="0" buy_price="40"/>
		<item id="80201" currencyType="2" prime_price="20" sell_label="2" buy_limit="0" left="0" start_time="0" end_time="0" buy_price="20"/>
		<item id="80202" currencyType="2" prime_price="40" sell_label="2" buy_limit="0" left="0" start_time="0" end_time="0" buy_price="40"/>
	</shop>
	<shop id="1005">
		<item id="70101" currencyType="3" prime_price="20" sell_label="1" buy_limit="0" left="0" start_time="0" end_time="0" buy_price="20"/>
		<item id="70102" currencyType="3" prime_price="60" sell_label="1" buy_limit="0" left="0" start_time="0" end_time="0" buy_price="60"/>
		<item id="70103" currencyType="3" prime_price="180" sell_label="1" buy_limit="0" left="0" start_time="0" end_time="0" buy_price="180"/>
		<item id="70104" currencyType="3" prime_price="540" sell_label="1" buy_limit="0" left="0" start_time="0" end_time="0" buy_price="540"/>
		<item id="70105" currencyType="3" prime_price="1620" sell_label="1" buy_limit="0" left="0" start_time="0" end_time="0" buy_price="1620"/>
		<item id="70201" currencyType="3" prime_price="20" sell_label="1" buy_limit="0" left="0" start_time="0" end_time="0" buy_price="20"/>
		<item id="70202" currencyType="3" prime_price="60" sell_label="1" buy_limit="0" left="0" start_time="0" end_time="0" buy_price="60"/>
		<item id="70203" currencyType="3" prime_price="180" sell_label="1" buy_limit="0" left="0" start_time="0" end_time="0" buy_price="180"/>
		<item id="70204" currencyType="3" prime_price="540" sell_label="1" buy_limit="0" left="0" start_time="0" end_time="0" buy_price="540"/>
		<item id="70205" currencyType="3" prime_price="1620" sell_label="1" buy_limit="0" left="0" start_time="0" end_time="0" buy_price="1620"/>
		<item id="70301" currencyType="3" prime_price="20" sell_label="1" buy_limit="0" left="0" start_time="0" end_time="0" buy_price="20"/>
		<item id="70302" currencyType="3" prime_price="60" sell_label="1" buy_limit="0" left="0" start_time="0" end_time="0" buy_price="60"/>
		<item id="70303" currencyType="3" prime_price="180" sell_label="1" buy_limit="0" left="0" start_time="0" end_time="0" buy_price="180"/>
		<item id="70304" currencyType="3" prime_price="540" sell_label="1" buy_limit="0" left="0" start_time="0" end_time="0" buy_price="540"/>
		<item id="70305" currencyType="3" prime_price="1620" sell_label="1" buy_limit="0" left="0" start_time="0" end_time="0" buy_price="1620"/>
		<item id="70401" currencyType="3" prime_price="20" sell_label="1" buy_limit="0" left="0" start_time="0" end_time="0" buy_price="20"/>
		<item id="70402" currencyType="3" prime_price="60" sell_label="1" buy_limit="0" left="0" start_time="0" end_time="0" buy_price="60"/>
		<item id="70403" currencyType="3" prime_price="180" sell_label="1" buy_limit="0" left="0" start_time="0" end_time="0" buy_price="180"/>
		<item id="70404" currencyType="3" prime_price="540" sell_label="1" buy_limit="0" left="0" start_time="0" end_time="0" buy_price="540"/>
		<item id="70405" currencyType="3" prime_price="1620" sell_label="1" buy_limit="0" left="0" start_time="0" end_time="0" buy_price="1620"/>
	</shop>
	<shop id="1006">
		<item id="223103" currencyType="3" prime_price="5600" sell_label="1" buy_limit="0" left="0" start_time="0" end_time="0" buy_price="4988"/>
		<item id="223102" currencyType="3" prime_price="2200" sell_label="1" buy_limit="0" left="0" start_time="0" end_time="0" buy_price="1988"/>
		<item id="233100" currencyType="3" prime_price="1250" sell_label="1" buy_limit="0" left="0" start_time="0" end_time="0" buy_price="998"/>
		<item id="233101" currencyType="3" prime_price="1250" sell_label="1" buy_limit="0" left="0" start_time="0" end_time="0" buy_price="998"/>
		<item id="233102" currencyType="3" prime_price="1250" sell_label="1" buy_limit="0" left="0" start_time="0" end_time="0" buy_price="998"/>
		<item id="233103" currencyType="3" prime_price="1250" sell_label="1" buy_limit="0" left="0" start_time="0" end_time="0" buy_price="998"/>
		<item id="233104" currencyType="3" prime_price="1250" sell_label="1" buy_limit="0" left="0" start_time="0" end_time="0" buy_price="998"/>
		<item id="233105" currencyType="3" prime_price="1250" sell_label="1" buy_limit="0" left="0" start_time="0" end_time="0" buy_price="998"/>
	</shop>
	<shop id="2001">
		<item id="82415" currencyType="3" prime_price="3000" sell_label="3" buy_limit="5" left="300" start_time="0" end_time="5" buy_price="2400"/>
		<item id="223101" currencyType="3" prime_price="1000" sell_label="3" buy_limit="5" left="300" start_time="0" end_time="5" buy_price="298"/>
		<item id="90005" currencyType="3" prime_price="2300" sell_label="3" buy_limit="5" left="300" start_time="0" end_time="5" buy_price="1888"/>
	</shop>
	<shop id="2002">
		<item id="82416" currencyType="3" prime_price="8000" sell_label="3" buy_limit="5" left="300" start_time="0" end_time="10" buy_price="6400"/>
		<item id="82413" currencyType="3" prime_price="2400" sell_label="3" buy_limit="5" left="300" start_time="0" end_time="10" buy_price="1920"/>
		<item id="223101" currencyType="3" prime_price="1000" sell_label="3" buy_limit="5" left="300" start_time="0" end_time="10" buy_price="298"/>
	</shop>
	<shop id="2003">
		<item id="82412" currencyType="3" prime_price="800" sell_label="3" buy_limit="5" left="300" start_time="0" end_time="20" buy_price="640"/>
		<item id="82413" currencyType="3" prime_price="2400" sell_label="3" buy_limit="5" left="300" start_time="0" end_time="20" buy_price="1920"/>
		<item id="82416" currencyType="3" prime_price="8000" sell_label="3" buy_limit="5" left="300" start_time="0" end_time="20" buy_price="6400"/>
	</shop>
	<shop id="2004">
		<item id="82413" currencyType="3" prime_price="2400" sell_label="3" buy_limit="5" left="300" start_time="0" end_time="30" buy_price="1920"/>
		<item id="82414" currencyType="3" prime_price="7200" sell_label="3" buy_limit="5" left="300" start_time="0" end_time="30" buy_price="5760"/>
		<item id="223101" currencyType="3" prime_price="1000" sell_label="3" buy_limit="5" left="300" start_time="0" end_time="30" buy_price="298"/>
	</shop>
	<shop id="2005">
		<item id="82416" currencyType="3" prime_price="8000" sell_label="3" buy_limit="5" left="300" start_time="0" end_time="40" buy_price="6400"/>
		<item id="82414" currencyType="3" prime_price="7200" sell_label="3" buy_limit="5" left="300" start_time="0" end_time="40" buy_price="5760"/>
		<item id="90005" currencyType="3" prime_price="2300" sell_label="3" buy_limit="5" left="300" start_time="0" end_time="40" buy_price="1888"/>
	</shop>
	<shop id="2006">
		<item id="82413" currencyType="3" prime_price="2400" sell_label="3" buy_limit="5" left="300" start_time="0" end_time="50" buy_price="1920"/>
		<item id="82414" currencyType="3" prime_price="7200" sell_label="3" buy_limit="5" left="300" start_time="0" end_time="50" buy_price="5760"/>
		<item id="223101" currencyType="3" prime_price="1000" sell_label="3" buy_limit="5" left="300" start_time="0" end_time="50" buy_price="298"/>
	</shop>
	<shop id="2007">
		<item id="82416" currencyType="3" prime_price="8000" sell_label="3" buy_limit="5" left="300" start_time="0" end_time="60" buy_price="6400"/>
		<item id="82414" currencyType="3" prime_price="7200" sell_label="3" buy_limit="5" left="300" start_time="0" end_time="60" buy_price="5760"/>
		<item id="90005" currencyType="3" prime_price="2300" sell_label="3" buy_limit="5" left="300" start_time="0" end_time="60" buy_price="1888"/>
	</shop>
</items>