<data>
	<item id="102" name="最大生命+100" desc="最大生命+100" attr_name="2" attr_value="100" duration="20" iconId="102"/>
	<item id="103" name="体质+10" desc="体质+10" attr_name="3" attr_value="10" duration="20" iconId="102"/>
	<item id="104" name="力量+10" desc="力量+10" attr_name="4" attr_value="10" duration="20" iconId="130"/>
	<item id="105" name="技巧+10" desc="技巧+10" attr_name="5" attr_value="10" duration="20" iconId="123"/>
	<item id="106" name="智力+10" desc="智力+10" attr_name="6" attr_value="10" duration="20" iconId="137"/>
	<item id="107" name="精神+10" desc="精神+10" attr_name="7" attr_value="10" duration="20" iconId="140"/>
	<item id="108" name="敏捷+10" desc="敏捷+10" attr_name="8" attr_value="10" duration="20" iconId="127"/>
	<item id="109" name="物理攻击力+100" desc="物理攻击力+100" attr_name="9" attr_value="100" duration="20" iconId="109"/>
	<item id="110" name="物理防御力+100" desc="物理防御力+100" attr_name="10" attr_value="100" duration="20" iconId="110"/>
	<item id="111" name="法术攻击力+100" desc="法术攻击力+100" attr_name="11" attr_value="100" duration="20" iconId="111"/>
	<item id="112" name="法术防御力+100" desc="法术防御力+100" attr_name="12" attr_value="100" duration="20" iconId="112"/>
	<item id="121" name="物理命中率+5%" desc="物理命中率+5%" attr_name="21" attr_value="50" duration="20" iconId="121"/>
	<item id="122" name="法术命中率+5%" desc="法术命中率+5%" attr_name="22" attr_value="50" duration="20" iconId="122"/>
	<item id="123" name="物理暴击率+5%" desc="物理暴击率+5%" attr_name="23" attr_value="50" duration="20" iconId="123"/>
	<item id="124" name="物理暴击抵抗率+5%" desc="物理暴击抵抗率+5%" attr_name="24" attr_value="50" duration="20" iconId="124"/>
	<item id="125" name="法攻暴击率+5%" desc="法攻暴击率+5%" attr_name="25" attr_value="50" duration="20" iconId="125"/>
	<item id="126" name="法攻暴击抵抗率+5%" desc="法攻暴击抵抗率+5%" attr_name="26" attr_value="50" duration="20" iconId="126"/>
	<item id="127" name="物理闪避率+5%" desc="物理闪避率+5%" attr_name="27" attr_value="50" duration="20" iconId="127"/>
	<item id="128" name="法术闪避率+5%" desc="法术闪避率+5%" attr_name="28" attr_value="50" duration="20" iconId="128"/>
	<item id="129" name="速度+100" desc="速度+100" attr_name="29" attr_value="100" duration="20" iconId="129"/>
	<item id="130" name="火焰抗性+5%" desc="火焰抗性+5%" attr_name="30" attr_value="50" duration="20" iconId="130"/>
	<item id="131" name="冰冻抗性+5%" desc="冰冻抗性+5%" attr_name="31" attr_value="50" duration="20" iconId="131"/>
	<item id="132" name="闪电抗性+5%" desc="闪电抗性+5%" attr_name="32" attr_value="50" duration="20" iconId="132"/>
	<item id="133" name="火焰法术伤害提升+5%" desc="火焰法术伤害提升+5%" attr_name="33" attr_value="50" duration="20" iconId="133"/>
	<item id="134" name="冰冻法术伤害提升+5%" desc="冰冻法术伤害提升+5%" attr_name="34" attr_value="50" duration="20" iconId="134"/>
	<item id="135" name="闪电法术伤害提升+5%" desc="闪电法术伤害提升+5%" attr_name="35" attr_value="50" duration="20" iconId="135"/>
	<item id="136" name="物理伤害减免率+5%" desc="物理伤害减免率+5%" attr_name="36" attr_value="50" duration="20" iconId="136"/>
	<item id="137" name="物理暴击倍率+5%" desc="物理暴击倍率+5%" attr_name="37" attr_value="50" duration="20" iconId="137"/>
	<item id="138" name="法术暴击倍率+5%" desc="法术暴击倍率+5%" attr_name="38" attr_value="50" duration="20" iconId="138"/>
	<item id="140" name="反击率+5%" desc="反击率+5%" attr_name="40" attr_value="50" duration="20" iconId="140"/>
	<item id="141" name="伤害反弹率+5%" desc="伤害反弹率+5%" attr_name="41" attr_value="50" duration="20" iconId="141"/>
	<item id="142" name="吸血率+5%" desc="吸血率+5%" attr_name="42" attr_value="50" duration="20" iconId="142"/>
	<item id="156" name="最大生命百分比+5%" desc="最大生命百分比+5%" attr_name="56" attr_value="50" duration="20" iconId="102"/>
	<item id="157" name="物理攻击百分比+5%" desc="物理攻击百分比+5%" attr_name="57" attr_value="50" duration="20" iconId="109"/>
	<item id="158" name="法术攻击百分比+5%" desc="法术攻击百分比+5%" attr_name="58" attr_value="50" duration="20" iconId="133"/>
	<item id="159" name="物理防御百分比+5%" desc="物理防御百分比+5%" attr_name="59" attr_value="50" duration="20" iconId="136"/>
	<item id="160" name="法术防御百分比+5%" desc="法术防御百分比+5%" attr_name="60" attr_value="50" duration="20" iconId="142"/>
</data>