<npcs>
	<npc id="30000" type="2" sid="30003" name="阿胡拉·马兹达" title="院长" dialog="骄傲和盲从是魔法和文明最大的敌人！" level="1" speed="100" scale="1" wing_id="0" function_attr="6||"/>
	<npc id="30001" type="2" sid="1006" name="阿尔托莉雅" title="剑之英灵" dialog="强者在比其更高的强者面前总是显得一无是处。" level="1" speed="100" scale="1" wing_id="0" function_attr="6||"/>
	<npc id="30002" type="2" sid="2003" name="莉娜·因巴斯" title="魔之英灵" dialog="胜利是为我而存在的！" level="1" speed="100" scale="1" wing_id="0" function_attr="6||"/>
	<npc id="30003" type="2" sid="3006" name="桔梗" title="弓之英灵" dialog="爱也好，恨也罢……比起当时，现在我的灵魂更加地随心所欲了。" level="1" speed="100" scale="1" wing_id="0" function_attr="6||"/>
	<npc id="30004" type="2" sid="1003" name="犬夜叉" title="" dialog="这里不是一个有趣的地方，但至少是一个安全的地方。" level="1" speed="100" scale="1" wing_id="0" function_attr="6||"/>
	<npc id="30005" type="2" sid="30001" name="胡尔克" title="公会管理员" dialog="当我问你对什么感兴趣的时候，你最好回答“冒险”！" level="1" speed="100" scale="1" wing_id="0" function_attr="11||"/>
	<npc id="30006" type="2" sid="2002" name="伯克曼" title="历史学者" dialog="历史最大的作用不是了解过去而是以过去来让自己明白“现在”该怎么做！" level="1" speed="100" scale="1" wing_id="0" function_attr="6||"/>
	<npc id="30007" type="2" sid="30005" name="泰瑞斯" title="泰伦比尔商会会长" dialog="唉……" level="1" speed="100" scale="1" wing_id="0" function_attr="6||"/>
	<npc id="10000" type="2" sid="6001" name="传送阵" title="传送" dialog="" level="1" speed="100" scale="1" wing_id="0" function_attr="5|0|"/>
	<npc id="10001" type="2" sid="5001" name="传送点" title="传送" dialog="" level="1" speed="100" scale="1" wing_id="0" function_attr="5|1|"/>
	<npc id="10002" type="2" sid="5001" name="传送门" title="传送" dialog="" level="1" speed="100" scale="1" wing_id="0" function_attr="5|0|"/>
	<npc id="10003" type="2" sid="5000" name="传送阵" title="传送" dialog="" level="1" speed="100" scale="1" wing_id="0" function_attr="5|0|"/>
	<npc id="10101" type="2" sid="5010" name="元素之门" title="传送" dialog="" level="1" speed="100" scale="1" wing_id="0" function_attr="5|2|"/>
	<npc id="10102" type="2" sid="5012" name="魔力海潮" title="传送" dialog="" level="1" speed="100" scale="1" wing_id="0" function_attr="5|2|"/>
	<npc id="10103" type="2" sid="5011" name="灾难之心" title="传送" dialog="" level="1" speed="100" scale="1" wing_id="0" function_attr="5|2|"/>
	<npc id="30008" type="2" sid="30006" name="费滋" title="镇长" dialog="平平安安几十年，没想到快退休却来了灾祸……" level="1" speed="100" scale="1" wing_id="0" function_attr="4|3|购买防具"/>
	<npc id="30009" type="2" sid="26008" name="狄拉克" title="大骑士长" dialog="我们要靠自己的双手来保卫我们的家园。" level="1" speed="100" scale="1" wing_id="0" function_attr="6||"/>
	<npc id="30010" type="2" sid="30008" name="帕恩" title="国王" dialog="或许有更好的办法让这个国度变的富裕而和平，那就是我所追求的道路！" level="1" speed="100" scale="1" wing_id="0" function_attr="6||"/>
	<npc id="30011" type="2" sid="30009" name="弗雷姆" title="将军" dialog="安全第一，谨慎第一！每个人在我眼里都是潜在的敌人！" level="1" speed="100" scale="1" wing_id="0" function_attr="6||"/>
	<npc id="30012" type="2" sid="2002" name="欧德曼" title="时计塔学士" dialog="倾尽一生，才发觉时间才是世界上最强的魔法……" level="1" speed="100" scale="1" wing_id="0" function_attr="6||"/>
	<npc id="30013" type="2" sid="2011" name="卢茜" title="巫女" dialog="既然你看出来我是一个女巫，那么为什么不小心点你的眼睛！" level="1" speed="100" scale="1" wing_id="0" function_attr="6||"/>
	<npc id="30014" type="2" sid="30000" name="卫兵" title="王城卫士" dialog="亚兰的光辉足以驱逐所有的邪恶和敌人！" level="1" speed="100" scale="1" wing_id="0" function_attr="6||"/>
	<npc id="30015" type="2" sid="2011" name="尤加利" title="黑魔术师" dialog="光辉的脚下总会有黑暗存在。" level="1" speed="100" scale="1" wing_id="0" function_attr="6||"/>
	<npc id="30016" type="2" sid="30002" name="巴古纳德" title="时之魔术师" dialog="是你啊，传说中的勇士！" level="1" speed="100" scale="1" wing_id="0" function_attr="8||招募英灵"/>
	<npc id="30017" type="2" sid="30000" name="帕尔萨" title="时计塔卫队长" dialog="曾经我也是一个皇家骑士，直到我的膝盖中了一箭！" level="1" speed="100" scale="1" wing_id="0" function_attr="6||"/>
	<npc id="30018" type="2" sid="30004" name="技能书商人" title="商人" dialog="拥有很多技能书却一样技能都不会的人，全维斯帕拉特只有我一个！" level="1" speed="100" scale="1" wing_id="0" function_attr="4|1|打开商店"/>
	<npc id="30019" type="2" sid="30007" name="铁匠" title="" dialog="杂货商人貌似也开始出售武器和盔甲了，我或许也该弄点其他东西来卖。" level="1" speed="100" scale="1" wing_id="0" function_attr="4|2|打开商店"/>
	<npc id="30020" type="2" sid="21004" name="吉普赛" title="巡逻任务" dialog="命运女神在微笑" level="1" speed="100" scale="0.95" wing_id="0" function_attr="12||领取巡逻任务"/>
	<npc id="30021" type="2" sid="26004" name="鱼人大龙" title="" dialog="其实如果可以，我宁愿做那个让人厌恶的船长！" level="1" speed="100" scale="1" wing_id="0" function_attr="6||"/>
	<npc id="30022" type="2" sid="23012" name="阿巴" title="" dialog="不知道他们为什么叫大龙为船长，他明明连船都没坐过！" level="1" speed="100" scale="1" wing_id="0" function_attr="6||"/>
	<npc id="30023" type="2" sid="30000" name="角斗场管理员" title="" dialog="由于过于刺激和血腥，这里已经被封禁了好久了！" level="1" speed="100" scale="1" wing_id="0" function_attr="6||"/>
	<npc id="30024" type="2" sid="30001" name="仓库保管员" title="" dialog="为什么我的眼中常含泪水，因为我的背包越来越沉……" level="1" speed="100" scale="1" wing_id="0" function_attr="3||打开仓库"/>
	<npc id="30025" type="2" sid="30005" name="富商" title="" dialog="一出情况就让我们出钱赈灾，富翁家也没余粮啊！" level="1" speed="100" scale="1" wing_id="0" function_attr="6||"/>
	<npc id="30026" type="2" sid="30004" name="凯莉" title="" dialog="我在这里出生长大，比起其他人我更爱我的国家！" level="1" speed="100" scale="1" wing_id="0" function_attr="6||"/>
	<npc id="30027" type="2" sid="30001" name="赫尔德" title="" dialog="王城面积越来越大，我却感觉我的房子越来越小。" level="1" speed="100" scale="1" wing_id="0" function_attr="6||"/>
	<npc id="30028" type="2" sid="30007" name="工匠恩格特" title="" dialog="我在这里出生长大，比起其他人我更爱我的国家！" level="1" speed="100" scale="1" wing_id="0" function_attr="6||"/>
	<npc id="30029" type="2" sid="30006" name="老约得" title="学者" dialog="王城面积越来越大，我却感觉我的房子越来越小。" level="1" speed="100" scale="1" wing_id="0" function_attr="6||"/>
	<npc id="30030" type="2" sid="30004" name="贝卡" title="守林员" dialog="我喜欢热闹，但这里热闹了却表示着麻烦要来了。" level="1" speed="100" scale="1" wing_id="0" function_attr="6||"/>
	<npc id="30031" type="2" sid="6000" name="众神之地" title="关卡" dialog="" level="1" speed="100" scale="1" wing_id="0" function_attr="9|608|"/>
	<npc id="30032" type="2" sid="6000" name="哥布林矿洞" title="关卡" dialog="" level="1" speed="100" scale="1" wing_id="0" function_attr="9|601|"/>
	<npc id="30033" type="2" sid="6000" name="鱼人巢穴" title="关卡" dialog="" level="1" speed="100" scale="1" wing_id="0" function_attr="9|602|"/>
	<npc id="30034" type="2" sid="6000" name="古代下水道" title="关卡" dialog="" level="1" speed="100" scale="1" wing_id="0" function_attr="9|606|"/>
	<npc id="30035" type="2" sid="6000" name="远古通道" title="关卡" dialog="" level="1" speed="100" scale="1" wing_id="0" function_attr="9|604|"/>
	<npc id="30036" type="2" sid="6000" name="密林深处" title="关卡" dialog="" level="1" speed="100" scale="1" wing_id="0" function_attr="9|607|"/>
	<npc id="30037" type="2" sid="30007" name="霍华德" title="后勤" dialog="前进的人生永远不会有尽头。" level="1" speed="100" scale="1" wing_id="0" function_attr="6|1|"/>
	<npc id="30038" type="2" sid="2006" name="茵蒂克丝" title="" dialog="先知?我可不是什么先知！！！" level="1" speed="100" scale="1" wing_id="0" function_attr="6||"/>
	<npc id="30039" type="2" sid="30000" name="赫尔" title="典狱官" dialog="如果有人去亚兰的话记得帮我带一副耳塞，我再也不想听到那些该死的野兽的嚎叫了！" level="1" speed="100" scale="1" wing_id="0" function_attr="6||"/>
	<npc id="30040" type="2" sid="23005" name="哈比" title="哥布林" dialog="哈比是主人的朋友，也是你的朋友！" level="1" speed="100" scale="1" wing_id="0" function_attr="6||"/>
	<npc id="30041" type="2" sid="30007" name="图杨" title="小镇青年" dialog="我认识一个时之魔术师，是他把我从那些哥布林中救回来的！" level="1" speed="100" scale="1" wing_id="0" function_attr="4|2|购买武器"/>
	<npc id="30042" type="2" sid="2004" name="尤拉" title="镇长女儿" dialog="（她故意昂起头不去看你。）" level="1" speed="100" scale="1" wing_id="0" function_attr="6||"/>
	<npc id="30043" type="2" sid="30007" name="图杨" title="小镇青年" dialog="如果有人能把我从这个该死的地方带出去，我就教他我强化武器的办法！" level="1" speed="100" scale="1" wing_id="0" function_attr="6||"/>
	<npc id="30044" type="2" sid="6000" name="暗杀者营地" title="关卡" dialog="" level="1" speed="100" scale="1" wing_id="0" function_attr="9|605|"/>
	<npc id="30045" type="2" sid="1234" name="蛋" title="" dialog="" level="1" speed="100" scale="1" wing_id="0" function_attr="10||"/>
	<npc id="30046" type="2" sid="23038" name="皇家骑士" title="皇家骑士" dialog="守护是一种信仰，冲锋是一种追求！" level="1" speed="100" scale="1" wing_id="0" function_attr="6||"/>
	<npc id="30047" type="2" sid="21003" name="萨尔辛" title="隐者" dialog="知天命，无所求。" level="1" speed="100" scale="1" wing_id="0" function_attr="6||"/>
	<npc id="30048" type="2" sid="3003" name="游侠瓦纳斯" title="赏金猎人" dialog="世事无常，昨天的朋友也许就是下一刻的猎物！" level="1" speed="100" scale="1" wing_id="0" function_attr="6||"/>
	<npc id="30049" type="2" sid="2002" name="马尔辛" title="时计塔学士" dialog="倾尽一生，才发觉时间才是世界上最强的魔法……" level="1" speed="100" scale="1" wing_id="0" function_attr="6||"/>
	<npc id="30050" type="2" sid="3010" name="游侠希尔" title="赏金猎人" dialog="世事无常，昨天的朋友也许就是下一刻的猎物！" level="1" speed="100" scale="1" wing_id="0" function_attr="6||"/>
	<npc id="30051" type="2" sid="1009" name="剑客Gin" title="赏金猎人" dialog="世事无常，昨天的朋友也许就是下一刻的猎物！" level="1" speed="100" scale="1" wing_id="0" function_attr="6||"/>
	<npc id="30052" type="2" sid="6000" name="魅惑之森" title="关卡" dialog="" level="1" speed="100" scale="1" wing_id="0" function_attr="9|603|"/>
	<npc id="30053" type="2" sid="1000" name="多雷" title="冬木镇居民" dialog="那些怪物太恐怖了，我这辈子恐怕都要活在他们的阴影中。" level="1" speed="100" scale="1" wing_id="0" function_attr="6||"/>
	<npc id="30054" type="2" sid="30007" name="希尔特" title="冬木镇居民" dialog="那些怪物太恐怖了，我这辈子恐怕都要活在他们的阴影中。" level="1" speed="100" scale="1" wing_id="0" function_attr="6||"/>
	<npc id="30056" type="2" sid="2003" name="凯伦" title="冬木镇居民" dialog="那些怪物太恐怖了，我这辈子恐怕都要活在他们的阴影中。" level="1" speed="100" scale="1" wing_id="0" function_attr="6||"/>
	<npc id="30057" type="2" sid="30007" name="韦伯" title="狼人" dialog="讨厌月亮，讨厌一切打破常规的东西。" level="1" speed="100" scale="1" wing_id="0" function_attr="6||"/>
	<npc id="30058" type="2" sid="30008" name="詹姆斯·瑞恩" title="" dialog="有时候我们要做正确的事，而不只是简单的执行命令。" level="1" speed="100" scale="1" wing_id="0" function_attr="6||"/>
	<npc id="30059" type="2" sid="21003" name="海德" title="巫师" dialog="魔法是信仰，预言术则是信仰中无上的追求。" level="1" speed="100" scale="1" wing_id="0" function_attr="6||"/>
	<npc id="30060" type="2" sid="1007" name="受伤的卫兵" title="" dialog="正确的事？大多时候我们只是在执行该死的命令。" level="1" speed="100" scale="1" wing_id="0" function_attr="6||"/>
	<npc id="30061" type="2" sid="1235" name="厚重的石块" title="" dialog="" level="1" speed="100" scale="1" wing_id="0" function_attr="10||"/>
	<npc id="30062" type="2" sid="23023" name="韦伯" title="狼人" dialog="嗷~~~呜~~~~~~" level="1" speed="100" scale="1" wing_id="0" function_attr="6||"/>
	<npc id="30063" type="2" sid="30000" name="凯因斯" title="地牢卫士" dialog="嗷~~~呜~~~~~~" level="1" speed="100" scale="1" wing_id="0" function_attr="6||"/>
	<npc id="30064" type="2" sid="32004" name="魔能水晶" title="" dialog="" level="1" speed="100" scale="1" wing_id="0" function_attr="10||"/>
	<npc id="30065" type="2" sid="1007" name="走失的卫兵" title="狄拉克的亲卫" dialog="哎，疼死我了……" level="1" speed="100" scale="1" wing_id="0" function_attr="6||"/>
	<npc id="30066" type="2" sid="32005" name="巨石" title="" dialog="" level="1" speed="100" scale="1" wing_id="0" function_attr="10||"/>
	<npc id="30067" type="2" sid="32006" name="干枯的树枝" title="" dialog="" level="1" speed="100" scale="1" wing_id="0" function_attr="10||"/>
	<npc id="30068" type="2" sid="30002" name="杰克" title="历史学徒" dialog="(他在看书，完全没有察觉到你。)" level="1" speed="100" scale="1" wing_id="0" function_attr="6||"/>
	<npc id="30069" type="2" sid="23047" name="阿里啪啪" title="罗亚瑟原住民" dialog="我一直以为住在维斯帕拉特的家伙都是些猴子！呃……除了你！" level="1" speed="100" scale="1" wing_id="0" function_attr="6||"/>
	<npc id="30070" type="2" sid="1000" name="保罗" title="冒险家公会" dialog="为冒险而生！" level="1" speed="100" scale="1" wing_id="0" function_attr="6||"/>
	<npc id="30071" type="2" sid="2000" name="哈恩" title="冒险家公会" dialog="为冒险而生！" level="1" speed="100" scale="1" wing_id="0" function_attr="6||"/>
	<npc id="30072" type="2" sid="23020" name="托特科普" title="野蛮人" dialog="看什么看，矮子！" level="1" speed="100" scale="1" wing_id="0" function_attr="6||"/>
	<npc id="30073" type="2" sid="30009" name="达克伦尼" title="远征军指挥官" dialog="安全第一，谨慎第一！每个人在我眼里都是潜在的敌人！" level="1" speed="100" scale="1" wing_id="0" function_attr="6||"/>
	<npc id="30074" type="2" sid="1013" name="弗兰克.德波尔" title="一级士官" dialog="阴暗、潮湿、邪恶、恐怖，我想我一辈子也不会适应这里的环境！" level="1" speed="100" scale="1" wing_id="0" function_attr="6||"/>
	<npc id="30075" type="2" sid="30001" name="霍金恩" title="后勤官" dialog="别把后勤官不当干部！少了我整个团队都得完蛋！" level="1" speed="100" scale="1" wing_id="0" function_attr="6||"/>
	<npc id="30076" type="2" sid="23005" name="达尔" title="哥布林工人" dialog="别吵了，我会去工作的！" level="1" speed="100" scale="1" wing_id="0" function_attr="6||"/>
	<npc id="30077" type="2" sid="23005" name="米克尔" title="哥布林工人" dialog="别吵了，我会去工作的！" level="1" speed="100" scale="1" wing_id="0" function_attr="6||"/>
	<npc id="30078" type="2" sid="23007" name="迪加尔" title="哥布林工头" dialog="我的工人是所有哥布林里最有力气的工人。" level="1" speed="100" scale="1" wing_id="0" function_attr="6||"/>
	<npc id="30079" type="2" sid="30000" name="执勤的卫兵" title="远征军" dialog="请不要在营地外乱走，谢谢！" level="1" speed="100" scale="1" wing_id="0" function_attr="6||"/>
	<npc id="30080" type="2" sid="3012" name="亚利桑" title="怪物猎人" dialog="这里的怪物实力有些强横，也许我应该选择一个性价比高一些的任务来做！" level="1" speed="100" scale="1" wing_id="0" function_attr="6||"/>
	<npc id="30081" type="2" sid="23040" name="蛛女" title="黑暗原居民" dialog="我不喜欢外来人，他们的长相让我觉得奇怪。" level="1" speed="100" scale="1" wing_id="0" function_attr="6||"/>
	<npc id="30082" type="2" sid="32003" name="黑齿蘑菇" title="" dialog="" level="1" speed="100" scale="1" wing_id="0" function_attr="10||"/>
	<npc id="30083" type="2" sid="2010" name="帕希菲卡" title="" dialog="你见到我哥哥姐姐了么？" level="1" speed="100" scale="1" wing_id="0" function_attr="6||"/>
	<npc id="30084" type="2" sid="1000" name="夏侬" title="" dialog="如果你一定要问，我和拉克维尔比是比较年长的一位！" level="1" speed="100" scale="1" wing_id="0" function_attr="6||"/>
	<npc id="30085" type="2" sid="3001" name="拉克维尔" title="" dialog="守护帕希菲卡的决心不会在任何情况下动摇！" level="1" speed="100" scale="1" wing_id="0" function_attr="6||"/>
	<npc id="30086" type="2" sid="1011" name="可可多亚" title="" dialog="我不是为悬赏来的，缉拿海贼不过是我修行的一个手段！" level="1" speed="100" scale="1" wing_id="0" function_attr="6||"/>
	<npc id="30087" type="2" sid="2002" name="老爷爷" title="" dialog="明明是穿山甲惹的祸却让我给他擦屁股！" level="1" speed="100" scale="1" wing_id="0" function_attr="6||"/>
	<npc id="30088" type="2" sid="6000" name="古代王国" title="关卡" dialog="" level="1" speed="100" scale="1" wing_id="0" function_attr="9|609|"/>
	<npc id="30089" type="2" sid="6000" name="火龙王的宝藏" title="关卡" dialog="" level="1" speed="100" scale="1" wing_id="0" function_attr="9|610|"/>
	<npc id="30090" type="2" sid="6000" name="黑暗魔导士学院" title="关卡" dialog="" level="1" speed="100" scale="1" wing_id="0" function_attr="9|611|"/>
	<npc id="30091" type="2" sid="6000" name="邪龙巢穴" title="关卡" dialog="" level="1" speed="100" scale="1" wing_id="0" function_attr="9|612|"/>
	<npc id="30092" type="2" sid="32008" name="水源" title="" dialog="" level="1" speed="100" scale="1" wing_id="0" function_attr="10||"/>
	<npc id="30093" type="2" sid="3004" name="众神代言人" title="众神之地" dialog="看什么看，凡人！" level="1" speed="100" scale="1" wing_id="0" function_attr="6||"/>
	<npc id="30094" type="2" sid="50042" name="灼热的岩浆" title="" dialog="" level="1" speed="100" scale="1" wing_id="0" function_attr="10||"/>
	<npc id="30095" type="2" sid="2006" name="失去意识的少女" title="" dialog="……" level="1" speed="100" scale="1" wing_id="0" function_attr="6||"/>
	<npc id="30096" type="2" sid="2006" name="米修斯" title="" dialog="圣女的使命是什么？" level="1" speed="100" scale="1" wing_id="0" function_attr="6||"/>
	<npc id="30097" type="2" sid="32005" name="刻满文字的石柱" title="" dialog="" level="1" speed="100" scale="1" wing_id="0" function_attr="10||"/>
	<npc id="30098" type="2" sid="32007" name="蓬松的土堆" title="" dialog="" level="1" speed="100" scale="1" wing_id="0" function_attr="10||"/>
	<npc id="30099" type="2" sid="50042" name="瑞恩的上衣" title="" dialog="从这件上衣我们可以看出有人脱掉了他的上衣。" level="1" speed="100" scale="1" wing_id="0" function_attr="6||"/>
	<npc id="30100" type="2" sid="50042" name="瑞恩的裤子" title="" dialog="从这件裤子我们可以看出有人脱掉了他的裤子。" level="1" speed="100" scale="1" wing_id="0" function_attr="6||"/>
	<npc id="30101" type="2" sid="50042" name="瑞恩的内衣" title="" dialog="先不管为什么，从这件内衣我们可以看出有人脱掉了他的内衣。" level="1" speed="100" scale="1" wing_id="0" function_attr="6||"/>
	<npc id="30102" type="2" sid="30008" name="卫宫士郎" title="" dialog="我的目的是不让无意义的牺牲出现，我要阻止远坂，而不是打倒她！" level="1" speed="100" scale="1" wing_id="0" function_attr="6||"/>
	<npc id="30103" type="2" sid="2011" name="远坂凛" title="" dialog="为了家族的荣誉，我不可以退却！" level="1" speed="100" scale="1" wing_id="0" function_attr="6||"/>
	<npc id="30104" type="2" sid="2004" name="露易丝" title="零之魔法师" dialog="（少女吃惊地看着你。）" level="1" speed="100" scale="1" wing_id="0" function_attr="6||"/>
	<npc id="30105" type="2" sid="1006" name="阿尔托莉雅" title="" dialog="懈怠是敌人，任何时候都要保持警惕！" level="1" speed="100" scale="1" wing_id="0" function_attr="6||"/>
	<npc id="30106" type="2" sid="30008" name="卫宫士郎" title="" dialog="我一定要成为像父亲一样的“正义之友”，拯救那些受到苦难的人们。" level="1" speed="100" scale="1" wing_id="0" function_attr="6||"/>
	<npc id="30107" type="2" sid="1000" name="瓦瑞安" title="" dialog="你们都该知道那些野兽的战吼‘洛克塔若塔！’，那是‘不胜利毋宁死’的意思。" level="1" speed="100" scale="1" wing_id="0" function_attr="6||"/>
	<npc id="30108" type="2" sid="2012" name="索克尔" title="" dialog="事情不应该是这样……" level="1" speed="100" scale="1" wing_id="0" function_attr="6||"/>
	<npc id="30109" type="2" sid="23025" name="无畏远征军" title="" dialog="为了联盟！" level="1" speed="100" scale="1" wing_id="0" function_attr="6||"/>
	<npc id="30110" type="2" sid="30008" name="卫宫士郎" title="" dialog="我一定要成为像父亲一样的“正义之友”，拯救那些受到苦难的人们。" level="1" speed="100" scale="1" wing_id="0" function_attr="6||"/>
	<npc id="30111" type="2" sid="2010" name="珍安娜" title="" dialog="我一定要阻止这场无意义的战争！" level="1" speed="100" scale="1" wing_id="0" function_attr="6||"/>
	<npc id="30112" type="2" sid="3003" name="黑暗女王" title="" dialog="无尽的背叛……" level="1" speed="100" scale="1" wing_id="0" function_attr="6||"/>
	<npc id="30113" type="2" sid="23000" name="匹诺曹" title="" dialog="是白雪公主发掘了我人生的意义！" level="1" speed="100" scale="1" wing_id="0" function_attr="6||"/>
	<npc id="30114" type="2" sid="3001" name="萝茜" title="" dialog="合格的冒险者小队太难组了！！" level="1" speed="100" scale="1" wing_id="0" function_attr="6||"/>
	<npc id="30115" type="2" sid="23015" name="小狗托托" title="" dialog="汪汪汪" level="1" speed="100" scale="0.5" wing_id="0" function_attr="6||"/>
	<npc id="30116" type="2" sid="1009" name="草丛伦" title="" dialog="德玛东亚万岁！" level="1" speed="100" scale="1" wing_id="0" function_attr="6||"/>
	<npc id="30117" type="2" sid="30009" name="大东木四世" title="" dialog="德玛东亚，永世长存！" level="1" speed="100" scale="1" wing_id="0" function_attr="6||"/>
	<npc id="30118" type="2" sid="30007" name="雷神托尔" title="" dialog="不要怀疑，我这是在伪装！" level="1" speed="100" scale="1" wing_id="0" function_attr="6||"/>
	<npc id="30119" type="2" sid="3004" name="洛基" title="" dialog="哥哥救我!" level="1" speed="100" scale="1" wing_id="0" function_attr="6||"/>
	<npc id="30120" type="2" sid="24001" name="莱纳龙特" title="" dialog="勇者……只是一群喜欢给世界找麻烦的家伙罢了。" level="1" speed="100" scale="1" wing_id="0" function_attr="6||"/>
	<npc id="30121" type="2" sid="1001" name="菲利斯" title="" dialog="再过几百年，不知道丸子会不会也变成勇者遗物！" level="1" speed="100" scale="1" wing_id="0" function_attr="6||"/>
	<npc id="30122" type="2" sid="2002" name="甘道夫" title="" dialog="欲望是世间最大的敌人！" level="1" speed="100" scale="1" wing_id="0" function_attr="6||"/>
	<npc id="30123" type="2" sid="2000" name="哈利波特" title="" dialog="麻瓜世界中有一个词语叫做挂科，在霍格沃兹这个词也很常用！" level="1" speed="100" scale="1" wing_id="0" function_attr="6||"/>
	<npc id="30124" type="2" sid="2011" name="赫敏" title="" dialog="希望有一种魔法可以让自己变聪明，这样我的日子会好过很多！" level="1" speed="100" scale="1" wing_id="0" function_attr="6||"/>
	<npc id="30125" type="2" sid="3006" name="桔梗" title="" dialog="爱也好，恨也罢……比起当时，现在我的灵魂更加地随心所欲了。" level="1" speed="100" scale="1" wing_id="0" function_attr="6||"/>
	<npc id="30126" type="2" sid="30008" name="上条当麻" title="" dialog="出门捡到东西不一定是好事，尤其在捡到奇怪的东西的时候！" level="1" speed="100" scale="1" wing_id="0" function_attr="6||"/>
	<npc id="30127" type="2" sid="2006" name="茵蒂克丝" title="" dialog="四顾一~当麻当麻!" level="1" speed="100" scale="1" wing_id="0" function_attr="6||"/>
	<npc id="30128" type="2" sid="2001" name="西方女巫" title="" dialog="永远不要相信你的眼睛，这是来自于一个幻象师的忠告！" level="1" speed="100" scale="1" wing_id="0" function_attr="6||"/>
	<npc id="31029" type="2" sid="32002" name="迷风草" title="" dialog="" level="1" speed="100" scale="0.6" wing_id="0" function_attr="10||"/>
	<npc id="31030" type="2" sid="1007" name="卫兵" title="狄拉克的亲卫" dialog="为荣誉而战！" level="1" speed="100" scale="1" wing_id="0" function_attr="6||"/>
	<npc id="31031" type="2" sid="23049" name="泰伦骑士" title="狩猎许可" dialog="没有经历过战斗的战士不是真正的战士！" level="1" speed="100" scale="1" wing_id="0" function_attr="100||领取狩猎许可证,101||查看狩猎说明"/>
	<npc id="31032" type="2" sid="2013" name="米修斯" title="" dialog="圣女什么的最讨厌了！" level="1" speed="100" scale="1" wing_id="0" function_attr="6||"/>
	<npc id="31033" type="2" sid="32001" name="陈旧的宝箱" title="" dialog="" level="1" speed="100" scale="0.7" wing_id="0" function_attr="10||"/>
	<npc id="31034" type="2" sid="1007" name="侦察兵" title="" dialog="嘘——别出声。" level="1" speed="100" scale="1" wing_id="0" function_attr="6||"/>
	<npc id="31040" type="2" sid="30009" name="昏迷的弗雷姆" title="将军" dialog="…………" level="1" speed="100" scale="1" wing_id="0" function_attr="6||"/>
	<npc id="31041" type="2" sid="23009" name="沉睡的黑海螃蟹" title="" dialog="zzZ~~~" level="1" speed="100" scale="0.85" wing_id="0" function_attr="10||"/>
	<npc id="31042" type="2" sid="32000" name="私人储物箱" title="" dialog="" level="1" speed="100" scale="0.5" wing_id="0" function_attr="10||"/>
	<npc id="31043" type="2" sid="30002" name="巴古纳德" title="时之魔术师" dialog="是你啊，传说中的勇士！" level="1" speed="100" scale="1" wing_id="0" function_attr="6||"/>
	<npc id="31044" type="2" sid="26009" name="晨曦之星" title="" dialog="是时候让你们见识一下真正的魔法了！" level="1" speed="100" scale="1" wing_id="0" function_attr="10||"/>
	<npc id="31045" type="2" sid="32004" name="奇怪的碎片" title="" dialog="" level="1" speed="100" scale="1.3" wing_id="0" function_attr="10||"/>
	<npc id="31046" type="2" sid="30006" name="维诺" title="魔能修理师" dialog="我早就说过，圣杯的承受力也是有极限的。" level="1" speed="100" scale="1" wing_id="0" function_attr="6||"/>
	<npc id="31047" type="2" sid="30007" name="索尔尼斯" title="建筑大师" dialog="亚兰不是一天建成的，持之以恒才是发展的根本原则！" level="1" speed="100" scale="1" wing_id="0" function_attr="13|0|建筑管理"/>
	<npc id="31048" type="2" sid="30006" name="切尔诺·贝利" title="公会科技" dialog="你见过索尔尼斯么？那家伙还欠我一座实验室！" level="1" speed="100" scale="1" wing_id="0" function_attr="13|2|公会科技"/>
	<npc id="31049" type="2" sid="2004" name="弗雷德蕾丝" title="公会商人" dialog="随便看，不打折！" level="1" speed="100" scale="1" wing_id="0" function_attr="13|3|查看商品"/>
	<npc id="31050" type="2" sid="3004" name="塔里克" title="宝石塔" dialog="这块石头不能卖给你，弗雷德蕾丝才是商人！" level="1" speed="100" scale="1" wing_id="0" function_attr="13|1|宝石迷阵"/>
	<npc id="31051" type="2" sid="2002" name="卡尔" title="召唤阵" dialog="召唤是一门艺术，爆炸和危险与生俱来！" level="1" speed="100" scale="1" wing_id="0" function_attr="13|4|召唤门"/>
	<npc id="31052" type="2" sid="1010" name="洛克萨" title="公会日常" dialog="公会安全容不得一丝马虎，把它当儿戏的人最好还是掂量一下自己的份量！" level="1" speed="100" scale="1" wing_id="0" function_attr="13|5|领取日常"/>
	<npc id="31053" type="2" sid="6000" name="时空裂隙" title="关卡" dialog="" level="1" speed="100" scale="1" wing_id="0" function_attr="9|613|"/>
	<npc id="31054" type="2" sid="32000" name="小木箱" title="" dialog="" level="1" speed="100" scale="0.5" wing_id="0" function_attr="10||"/>
	<npc id="31055" type="2" sid="30004" name="贝瑞" title="守林员" dialog="我热爱这片丛林，我喜欢待在这里，可贝卡总说我不务正业。" level="1" speed="100" scale="1" wing_id="0" function_attr="6||"/>
	<npc id="31056" type="2" sid="30001" name="约夏" title="旅行者" dialog="我要在80天内环游亚特兰蒂斯！" level="1" speed="100" scale="1" wing_id="0" function_attr="6||"/>
	<npc id="31057" type="2" sid="1007" name="卫兵" title="" dialog="被派到这种偏僻的地方来执勤真是倒霉！" level="1" speed="100" scale="1" wing_id="0" function_attr="6||"/>
	<npc id="31058" type="2" sid="99999" name="" title="" dialog="" level="1" speed="100" scale="1" wing_id="0" function_attr="10||"/>
	<npc id="31059" type="2" sid="22003" name="琳娜" title="异域使者" dialog="盟友的力量，并不像你想象中那么的牢不可破！" level="1" speed="100" scale="0.8" wing_id="0" function_attr="6||"/>
	<npc id="31060" type="2" sid="32009" name="混沌之石" title="" dialog="" level="1" speed="100" scale="1" wing_id="0" function_attr="10||"/>
	<npc id="31061" type="2" sid="32001" name="中级宝箱" title="" dialog="" level="1" speed="100" scale="0.7" wing_id="0" function_attr="10||"/>
	<npc id="31062" type="2" sid="32010" name="超级宝箱" title="" dialog="" level="1" speed="100" scale="0.8" wing_id="0" function_attr="10||"/>
	<npc id="31063" type="2" sid="30001" name="胡尔克" title="公会管理员" dialog="当我问你对什么感兴趣的时候，你最好回答“冒险”！" level="1" speed="100" scale="1" wing_id="0" function_attr="6||"/>
	<npc id="31064" type="2" sid="32010" name="战利品" title="" dialog="" level="1" speed="100" scale="0.8" wing_id="0" function_attr="6||"/>
	<npc id="31065" type="2" sid="32005" name="" title="" dialog="" level="1" speed="100" scale="1" wing_id="0" function_attr="10||"/>
	<npc id="31066" type="2" sid="5001" name="时空裂隙" title="" dialog="" level="1" speed="100" scale="1" wing_id="0" function_attr="10|0|"/>
	<npc id="31067" type="2" sid="1" name="" title="" dialog="" level="1" speed="100" scale="1" wing_id="223105" function_attr="10||"/>
	<npc id="31068" type="2" sid="2" name="" title="" dialog="" level="1" speed="100" scale="1" wing_id="223104" function_attr="10||"/>
	<npc id="31069" type="2" sid="3" name="" title="" dialog="" level="1" speed="100" scale="1" wing_id="223105" function_attr="10||"/>
	<npc id="31070" type="2" sid="4" name="" title="" dialog="" level="1" speed="100" scale="1" wing_id="223104" function_attr="10||"/>
	<npc id="31071" type="2" sid="5" name="" title="" dialog="" level="1" speed="100" scale="1" wing_id="223105" function_attr="10||"/>
	<npc id="31072" type="2" sid="6" name="" title="" dialog="" level="1" speed="100" scale="1" wing_id="223104" function_attr="10||"/>
	<npc id="31073" type="2" sid="32010" name="宝箱" title="" dialog="" level="1" speed="100" scale="0.8" wing_id="0" function_attr="10||"/>
	<npc id="31074" type="2" sid="30002" name="切克" title="公会战管理员" dialog="当我问你对什么感兴趣的时候，你最好回答“冒险”！" level="1" speed="100" scale="1" wing_id="0" function_attr="14||进入公会战"/>
</npcs>