<items>
	<item id="12000">
		<panel rect="10, 35, 100, 500" title="标题" content="内容"></panel>
		<panel rect="125, 45, 300, 100" title="标题2" content="内容2"></panel>
		<panel rect="120, 175,310,340" title="标题3" content="内容3"></panel>
	</item>
	<item id="12001">
		<panel rect="10, 35, 100, 500" title="标题" content="内容"></panel>
		<panel rect="125, 45, 300, 100" title="标题2" content="内容2"></panel>
		<panel rect="120, 175,310,340" title="标题3" content="内容3"></panel>
	</item>
	<item id="12002">
		<panel rect="10, 35, 100, 500" title="标题" content="内容"></panel>
		<panel rect="125, 45, 300, 100" title="标题2" content="内容2"></panel>
		<panel rect="120, 175,310,340" title="标题3" content="内容3"></panel>
	</item>
	<item id="12003">
		<panel rect="10, 35, 100, 500" title="标题" content="内容"></panel>
		<panel rect="125, 45, 300, 100" title="标题2" content="内容2"></panel>
		<panel rect="120, 175,310,340" title="标题3" content="内容3"></panel>
	</item>
	<item id="12004">
		<panel rect="10, 35, 100, 500" title="标题" content="内容"></panel>
		<panel rect="125, 45, 300, 100" title="标题2" content="内容2"></panel>
		<panel rect="120, 175,310,340" title="标题3" content="内容3"></panel>
	</item>
	<item id="12005">
		<panel rect="10, 35, 100, 500" title="标题" content="内容"></panel>
		<panel rect="125, 45, 300, 100" title="标题2" content="内容2"></panel>
		<panel rect="120, 175,310,340" title="标题3" content="内容3"></panel>
	</item>
	<item id="12006">
		<panel rect="10, 35, 100, 500" title="标题" content="内容"></panel>
		<panel rect="125, 45, 300, 100" title="标题2" content="内容2"></panel>
		<panel rect="120, 175,310,340" title="标题3" content="内容3"></panel>
	</item>
</items>