<items>
	<item player_level="25" VIP0="12" VIP1="13" VIP2="15" VIP3="18" VIP4="21" VIP5="24"/>
	<item player_level="26" VIP0="12" VIP1="14" VIP2="16" VIP3="19" VIP4="22" VIP5="25"/>
	<item player_level="27" VIP0="13" VIP1="15" VIP2="17" VIP3="20" VIP4="23" VIP5="27"/>
	<item player_level="28" VIP0="14" VIP1="16" VIP2="18" VIP3="21" VIP4="25" VIP5="28"/>
	<item player_level="29" VIP0="15" VIP1="17" VIP2="19" VIP3="22" VIP4="26" VIP5="30"/>
	<item player_level="30" VIP0="16" VIP1="18" VIP2="21" VIP3="24" VIP4="28" VIP5="32"/>
	<item player_level="31" VIP0="17" VIP1="19" VIP2="22" VIP3="25" VIP4="29" VIP5="34"/>
	<item player_level="32" VIP0="18" VIP1="20" VIP2="23" VIP3="27" VIP4="31" VIP5="36"/>
	<item player_level="33" VIP0="19" VIP1="22" VIP2="24" VIP3="28" VIP4="33" VIP5="38"/>
	<item player_level="34" VIP0="20" VIP1="23" VIP2="26" VIP3="30" VIP4="35" VIP5="40"/>
	<item player_level="35" VIP0="21" VIP1="24" VIP2="27" VIP3="32" VIP4="37" VIP5="42"/>
	<item player_level="36" VIP0="22" VIP1="26" VIP2="29" VIP3="34" VIP4="39" VIP5="45"/>
	<item player_level="37" VIP0="24" VIP1="27" VIP2="31" VIP3="36" VIP4="42" VIP5="48"/>
	<item player_level="38" VIP0="25" VIP1="29" VIP2="32" VIP3="38" VIP4="44" VIP5="50"/>
	<item player_level="39" VIP0="26" VIP1="30" VIP2="34" VIP3="40" VIP4="46" VIP5="53"/>
	<item player_level="40" VIP0="28" VIP1="32" VIP2="36" VIP3="42" VIP4="49" VIP5="56"/>
	<item player_level="41" VIP0="29" VIP1="34" VIP2="38" VIP3="44" VIP4="52" VIP5="59"/>
	<item player_level="42" VIP0="31" VIP1="36" VIP2="40" VIP3="47" VIP4="55" VIP5="62"/>
	<item player_level="43" VIP0="33" VIP1="38" VIP2="43" VIP3="49" VIP4="58" VIP5="66"/>
	<item player_level="44" VIP0="35" VIP1="40" VIP2="45" VIP3="52" VIP4="61" VIP5="70"/>
	<item player_level="45" VIP0="37" VIP1="42" VIP2="48" VIP3="55" VIP4="65" VIP5="74"/>
	<item player_level="46" VIP0="39" VIP1="45" VIP2="51" VIP3="59" VIP4="68" VIP5="78"/>
	<item player_level="47" VIP0="41" VIP1="47" VIP2="54" VIP3="62" VIP4="72" VIP5="83"/>
	<item player_level="48" VIP0="43" VIP1="50" VIP2="57" VIP3="65" VIP4="76" VIP5="87"/>
	<item player_level="49" VIP0="46" VIP1="53" VIP2="60" VIP3="69" VIP4="81" VIP5="92"/>
	<item player_level="50" VIP0="49" VIP1="56" VIP2="63" VIP3="73" VIP4="85" VIP5="98"/>
	<item player_level="51" VIP0="51" VIP1="59" VIP2="67" VIP3="77" VIP4="90" VIP5="103"/>
	<item player_level="52" VIP0="54" VIP1="63" VIP2="71" VIP3="82" VIP4="95" VIP5="109"/>
	<item player_level="53" VIP0="57" VIP1="66" VIP2="75" VIP3="86" VIP4="101" VIP5="115"/>
	<item player_level="54" VIP0="61" VIP1="70" VIP2="79" VIP3="91" VIP4="107" VIP5="122"/>
	<item player_level="55" VIP0="64" VIP1="74" VIP2="84" VIP3="97" VIP4="113" VIP5="129"/>
	<item player_level="56" VIP0="68" VIP1="78" VIP2="89" VIP3="102" VIP4="120" VIP5="137"/>
	<item player_level="57" VIP0="72" VIP1="83" VIP2="94" VIP3="108" VIP4="126" VIP5="145"/>
	<item player_level="58" VIP0="76" VIP1="88" VIP2="99" VIP3="114" VIP4="134" VIP5="153"/>
	<item player_level="59" VIP0="80" VIP1="93" VIP2="105" VIP3="121" VIP4="141" VIP5="161"/>
	<item player_level="60" VIP0="85" VIP1="98" VIP2="111" VIP3="128" VIP4="149" VIP5="170"/>
	<item player_level="61" VIP0="90" VIP1="103" VIP2="117" VIP3="135" VIP4="157" VIP5="180"/>
	<item player_level="62" VIP0="95" VIP1="109" VIP2="123" VIP3="142" VIP4="166" VIP5="190"/>
	<item player_level="63" VIP0="100" VIP1="115" VIP2="130" VIP3="150" VIP4="176" VIP5="201"/>
	<item player_level="64" VIP0="106" VIP1="122" VIP2="138" VIP3="159" VIP4="185" VIP5="212"/>
	<item player_level="65" VIP0="112" VIP1="128" VIP2="145" VIP3="168" VIP4="196" VIP5="224"/>
	<item player_level="66" VIP0="118" VIP1="136" VIP2="153" VIP3="177" VIP4="207" VIP5="236"/>
	<item player_level="67" VIP0="124" VIP1="143" VIP2="162" VIP3="187" VIP4="218" VIP5="249"/>
	<item player_level="68" VIP0="131" VIP1="151" VIP2="171" VIP3="197" VIP4="230" VIP5="263"/>
	<item player_level="69" VIP0="138" VIP1="159" VIP2="180" VIP3="207" VIP4="242" VIP5="277"/>
	<item player_level="70" VIP0="145" VIP1="167" VIP2="189" VIP3="218" VIP4="255" VIP5="291"/>
	<item player_level="71" VIP0="153" VIP1="176" VIP2="199" VIP3="230" VIP4="268" VIP5="307"/>
	<item player_level="72" VIP0="161" VIP1="186" VIP2="210" VIP3="242" VIP4="283" VIP5="323"/>
	<item player_level="73" VIP0="170" VIP1="195" VIP2="221" VIP3="255" VIP4="298" VIP5="340"/>
	<item player_level="74" VIP0="179" VIP1="206" VIP2="232" VIP3="268" VIP4="313" VIP5="358"/>
	<item player_level="75" VIP0="188" VIP1="216" VIP2="245" VIP3="282" VIP4="329" VIP5="377"/>
	<item player_level="76" VIP0="198" VIP1="227" VIP2="257" VIP3="297" VIP4="346" VIP5="396"/>
	<item player_level="77" VIP0="208" VIP1="239" VIP2="270" VIP3="312" VIP4="364" VIP5="416"/>
	<item player_level="78" VIP0="218" VIP1="251" VIP2="284" VIP3="328" VIP4="383" VIP5="437"/>
	<item player_level="79" VIP0="229" VIP1="264" VIP2="298" VIP3="344" VIP4="402" VIP5="459"/>
	<item player_level="80" VIP0="241" VIP1="277" VIP2="313" VIP3="361" VIP4="421" VIP5="482"/>
	<item player_level="81" VIP0="252" VIP1="290" VIP2="328" VIP3="379" VIP4="442" VIP5="505"/>
	<item player_level="82" VIP0="265" VIP1="305" VIP2="344" VIP3="397" VIP4="464" VIP5="530"/>
	<item player_level="83" VIP0="278" VIP1="319" VIP2="361" VIP3="417" VIP4="486" VIP5="556"/>
	<item player_level="84" VIP0="291" VIP1="335" VIP2="379" VIP3="437" VIP4="510" VIP5="583"/>
	<item player_level="85" VIP0="305" VIP1="351" VIP2="397" VIP3="458" VIP4="534" VIP5="611"/>
	<item player_level="86" VIP0="320" VIP1="368" VIP2="416" VIP3="480" VIP4="560" VIP5="640"/>
	<item player_level="87" VIP0="335" VIP1="385" VIP2="435" VIP3="502" VIP4="586" VIP5="670"/>
	<item player_level="88" VIP0="350" VIP1="403" VIP2="455" VIP3="525" VIP4="613" VIP5="701"/>
	<item player_level="89" VIP0="366" VIP1="421" VIP2="476" VIP3="550" VIP4="641" VIP5="733"/>
	<item player_level="90" VIP0="383" VIP1="440" VIP2="498" VIP3="574" VIP4="670" VIP5="766"/>
	<item player_level="91" VIP0="400" VIP1="460" VIP2="520" VIP3="600" VIP4="701" VIP5="801"/>
	<item player_level="92" VIP0="418" VIP1="481" VIP2="544" VIP3="627" VIP4="732" VIP5="837"/>
	<item player_level="93" VIP0="437" VIP1="502" VIP2="568" VIP3="656" VIP4="765" VIP5="874"/>
	<item player_level="94" VIP0="456" VIP1="525" VIP2="593" VIP3="685" VIP4="799" VIP5="913"/>
	<item player_level="95" VIP0="476" VIP1="548" VIP2="619" VIP3="715" VIP4="834" VIP5="953"/>
	<item player_level="96" VIP0="497" VIP1="572" VIP2="647" VIP3="746" VIP4="870" VIP5="995"/>
	<item player_level="97" VIP0="519" VIP1="597" VIP2="674" VIP3="778" VIP4="908" VIP5="1038"/>
	<item player_level="98" VIP0="541" VIP1="622" VIP2="703" VIP3="812" VIP4="947" VIP5="1082"/>
	<item player_level="99" VIP0="564" VIP1="648" VIP2="733" VIP3="846" VIP4="987" VIP5="1128"/>
	<item player_level="100" VIP0="587" VIP1="676" VIP2="764" VIP3="881" VIP4="1028" VIP5="1175"/>
</items>