<items>
	<item recruiting_type="0" coin_cost="2000" yuanbao_cost="0" liquan_cost="0" yingling_probability="undefined" lower_limit_level="1" ref_limit_type="4" client_show_quality="3" upper_limit_level="29"/>
	<item recruiting_type="0" coin_cost="2000" yuanbao_cost="0" liquan_cost="0" yingling_probability="undefined" lower_limit_level="30" ref_limit_type="4" client_show_quality="3" upper_limit_level="39"/>
	<item recruiting_type="0" coin_cost="2000" yuanbao_cost="0" liquan_cost="0" yingling_probability="undefined" lower_limit_level="40" ref_limit_type="4" client_show_quality="3" upper_limit_level="80"/>
	<item recruiting_type="1" coin_cost="0" yuanbao_cost="0" liquan_cost="50" yingling_probability="undefined" lower_limit_level="1" ref_limit_type="5" client_show_quality="4" upper_limit_level="29"/>
	<item recruiting_type="1" coin_cost="0" yuanbao_cost="0" liquan_cost="50" yingling_probability="undefined" lower_limit_level="30" ref_limit_type="5" client_show_quality="4" upper_limit_level="39"/>
	<item recruiting_type="1" coin_cost="0" yuanbao_cost="0" liquan_cost="50" yingling_probability="undefined" lower_limit_level="40" ref_limit_type="5" client_show_quality="4" upper_limit_level="80"/>
	<item recruiting_type="2" coin_cost="0" yuanbao_cost="50" liquan_cost="0" yingling_probability="undefined" lower_limit_level="1" ref_limit_type="0" client_show_quality="4" upper_limit_level="29"/>
	<item recruiting_type="2" coin_cost="0" yuanbao_cost="50" liquan_cost="0" yingling_probability="undefined" lower_limit_level="30" ref_limit_type="0" client_show_quality="4" upper_limit_level="39"/>
	<item recruiting_type="2" coin_cost="0" yuanbao_cost="50" liquan_cost="0" yingling_probability="undefined" lower_limit_level="40" ref_limit_type="0" client_show_quality="4" upper_limit_level="80"/>
</items>