<rounds>
    <round roundId="601">
        <item id="202151">
            <needItem id="85011" number="1"/>
        </item>
        <item id="202152">
            <needItem id="85011" number="1"/>
        </item>
        <item id="202153">
            <needItem id="85011" number="1"/>
        </item>
    </round>
    <round roundId="602">
        <item id="142200">
            <needItem id="85021" number="1"/>
        </item>
        <item id="112200">
            <needItem id="85021" number="1"/>
        </item>
        <item id="182200">
            <needItem id="85021" number="1"/>
        </item>
    </round>
    <round roundId="603">
        <item id="163200">
            <needItem id="85031" number="1"/>
            <needItem id="85032" number="1"/>
        </item>
        <item id="173200">
            <needItem id="85031" number="1"/>
            <needItem id="85032" number="1"/>
        </item>
        <item id="193200">
            <needItem id="85031" number="1"/>
            <needItem id="85032" number="1"/>
        </item>
    </round>
    <round roundId="604">
        <item id="213301">
            <needItem id="85041" number="1"/>
            <needItem id="85042" number="1"/>
            <needItem id="85043" number="1"/>
        </item>
        <item id="213302">
            <needItem id="85041" number="1"/>
            <needItem id="85042" number="1"/>
            <needItem id="85043" number="1"/>
        </item>
        <item id="213303">
            <needItem id="85041" number="1"/>
            <needItem id="85042" number="1"/>
            <needItem id="85043" number="1"/>
        </item>
        <item id="133300">
            <needItem id="85041" number="1"/>
            <needItem id="85042" number="1"/>
            <needItem id="85043" number="1"/>
        </item>
        <item id="173300">
            <needItem id="85041" number="1"/>
            <needItem id="85042" number="1"/>
            <needItem id="85043" number="1"/>
        </item>
        <item id="193300">
            <needItem id="85041" number="1"/>
            <needItem id="85042" number="1"/>
            <needItem id="85043" number="1"/>
        </item>
        <item id="163300">
            <needItem id="85041" number="1"/>
            <needItem id="85042" number="1"/>
            <needItem id="85043" number="1"/>
        </item>
    </round>
    <round roundId="605">
        <item id="213401">
            <needItem id="85051" number="10"/>
            <needItem id="85052" number="10"/>
            <needItem id="85053" number="10"/>
        </item>
        <item id="213402">
            <needItem id="85051" number="10"/>
            <needItem id="85052" number="10"/>
            <needItem id="85053" number="10"/>
        </item>
        <item id="213403">
            <needItem id="85051" number="10"/>
            <needItem id="85052" number="10"/>
            <needItem id="85053" number="10"/>
        </item>
        <item id="203401">
            <needItem id="85051" number="10"/>
            <needItem id="85052" number="10"/>
            <needItem id="85053" number="10"/>
        </item>
        <item id="203402">
            <needItem id="85051" number="10"/>
            <needItem id="85052" number="10"/>
            <needItem id="85053" number="10"/>
        </item>
        <item id="203403">
            <needItem id="85051" number="10"/>
            <needItem id="85052" number="10"/>
            <needItem id="85053" number="10"/>
        </item>
        <item id="93304">
            <needItem id="85051" number="10"/>
            <needItem id="85052" number="10"/>
            <needItem id="85053" number="10"/>
        </item>
    </round>
    <round roundId="606">
        <item id="153501">
            <needItem id="85061" number="20"/>
            <needItem id="85062" number="20"/>
            <needItem id="85063" number="20"/>
            <needItem id="85064" number="20"/>
            <needItem id="85065" number="20"/>
        </item>
        <item id="153502">
            <needItem id="85061" number="20"/>
            <needItem id="85062" number="20"/>
            <needItem id="85063" number="20"/>
            <needItem id="85064" number="20"/>
            <needItem id="85065" number="20"/>
        </item>
        <item id="153503">
            <needItem id="85061" number="20"/>
            <needItem id="85062" number="20"/>
            <needItem id="85063" number="20"/>
            <needItem id="85064" number="20"/>
            <needItem id="85065" number="20"/>
        </item>
        <item id="143501">
            <needItem id="85061" number="20"/>
            <needItem id="85062" number="20"/>
            <needItem id="85063" number="20"/>
            <needItem id="85064" number="20"/>
            <needItem id="85065" number="20"/>
        </item>
        <item id="143502">
            <needItem id="85061" number="20"/>
            <needItem id="85062" number="20"/>
            <needItem id="85063" number="20"/>
            <needItem id="85064" number="20"/>
            <needItem id="85065" number="20"/>
        </item>
        <item id="143503">
            <needItem id="85061" number="20"/>
            <needItem id="85062" number="20"/>
            <needItem id="85063" number="20"/>
            <needItem id="85064" number="20"/>
            <needItem id="85065" number="20"/>
        </item>
        <item id="92304">
            <needItem id="85061" number="10"/>
            <needItem id="85062" number="10"/>
            <needItem id="85063" number="10"/>
            <needItem id="85064" number="10"/>
            <needItem id="85065" number="10"/>
        </item>
    </round>
    <round roundId="607">
        <item id="113601">
            <needItem id="85071" number="40"/>
            <needItem id="85072" number="40"/>
            <needItem id="85073" number="40"/>
            <needItem id="85074" number="40"/>
            <needItem id="85075" number="40"/>
        </item>
        <item id="113602">
            <needItem id="85071" number="40"/>
            <needItem id="85072" number="40"/>
            <needItem id="85073" number="40"/>
            <needItem id="85074" number="40"/>
            <needItem id="85075" number="40"/>
        </item>
        <item id="113603">
            <needItem id="85071" number="40"/>
            <needItem id="85072" number="40"/>
            <needItem id="85073" number="40"/>
            <needItem id="85074" number="40"/>
            <needItem id="85075" number="40"/>
        </item>
        <item id="183601">
            <needItem id="85071" number="40"/>
            <needItem id="85072" number="40"/>
            <needItem id="85073" number="40"/>
            <needItem id="85074" number="40"/>
            <needItem id="85075" number="40"/>
        </item>
        <item id="183602">
            <needItem id="85071" number="40"/>
            <needItem id="85072" number="40"/>
            <needItem id="85073" number="40"/>
            <needItem id="85074" number="40"/>
            <needItem id="85075" number="40"/>
        </item>
        <item id="183603">
            <needItem id="85071" number="40"/>
            <needItem id="85072" number="40"/>
            <needItem id="85073" number="40"/>
            <needItem id="85074" number="40"/>
            <needItem id="85075" number="40"/>
        </item>
        <item id="91303">
            <needItem id="85071" number="10"/>
            <needItem id="85072" number="10"/>
            <needItem id="85073" number="10"/>
            <needItem id="85074" number="10"/>
            <needItem id="85075" number="10"/>
        </item>
    </round>
    <round roundId="608">
        <item id="173601">
            <needItem id="85081" number="40"/>
            <needItem id="85082" number="40"/>
            <needItem id="85083" number="40"/>
            <needItem id="85084" number="40"/>
            <needItem id="85085" number="40"/>
        </item>
        <item id="173602">
            <needItem id="85081" number="40"/>
            <needItem id="85082" number="40"/>
            <needItem id="85083" number="40"/>
            <needItem id="85084" number="40"/>
            <needItem id="85085" number="40"/>
        </item>
        <item id="173603">
            <needItem id="85081" number="40"/>
            <needItem id="85082" number="40"/>
            <needItem id="85083" number="40"/>
            <needItem id="85084" number="40"/>
            <needItem id="85085" number="40"/>
        </item>
        <item id="163601">
            <needItem id="85081" number="40"/>
            <needItem id="85082" number="40"/>
            <needItem id="85083" number="40"/>
            <needItem id="85084" number="40"/>
            <needItem id="85085" number="40"/>
        </item>
        <item id="163602">
            <needItem id="85081" number="40"/>
            <needItem id="85082" number="40"/>
            <needItem id="85083" number="40"/>
            <needItem id="85084" number="40"/>
            <needItem id="85085" number="40"/>
        </item>
        <item id="163603">
            <needItem id="85081" number="40"/>
            <needItem id="85082" number="40"/>
            <needItem id="85083" number="40"/>
            <needItem id="85084" number="40"/>
            <needItem id="85085" number="40"/>
        </item>
    </round>
    <round roundId="609">
        <item id="193701">
            <needItem id="85091" number="80"/>
            <needItem id="85092" number="80"/>
            <needItem id="85093" number="80"/>
            <needItem id="85094" number="80"/>
            <needItem id="85095" number="80"/>
        </item>
        <item id="193702">
            <needItem id="85091" number="80"/>
            <needItem id="85092" number="80"/>
            <needItem id="85093" number="80"/>
            <needItem id="85094" number="80"/>
            <needItem id="85095" number="80"/>
        </item>
        <item id="193703">
            <needItem id="85091" number="80"/>
            <needItem id="85092" number="80"/>
            <needItem id="85093" number="80"/>
            <needItem id="85094" number="80"/>
            <needItem id="85095" number="80"/>
        </item>
        <item id="123701">
            <needItem id="85091" number="80"/>
            <needItem id="85092" number="80"/>
            <needItem id="85093" number="80"/>
            <needItem id="85094" number="80"/>
            <needItem id="85095" number="80"/>
        </item>
        <item id="123702">
            <needItem id="85091" number="80"/>
            <needItem id="85092" number="80"/>
            <needItem id="85093" number="80"/>
            <needItem id="85094" number="80"/>
            <needItem id="85095" number="80"/>
        </item>
        <item id="123703">
            <needItem id="85081" number="80"/>
            <needItem id="85082" number="80"/>
            <needItem id="85083" number="80"/>
            <needItem id="85084" number="80"/>
            <needItem id="85085" number="80"/>
        </item>
    </round>
    <round roundId="610">
        <item id="133701">
            <needItem id="85101" number="80"/>
            <needItem id="85102" number="80"/>
            <needItem id="85103" number="80"/>
            <needItem id="85104" number="80"/>
            <needItem id="85105" number="80"/>
        </item>
        <item id="133702">
            <needItem id="85101" number="80"/>
            <needItem id="85102" number="80"/>
            <needItem id="85103" number="80"/>
            <needItem id="85104" number="80"/>
            <needItem id="85105" number="80"/>
        </item>
        <item id="133703">
            <needItem id="85101" number="80"/>
            <needItem id="85102" number="80"/>
            <needItem id="85103" number="80"/>
            <needItem id="85104" number="80"/>
            <needItem id="85105" number="80"/>
        </item>
        <item id="113701">
            <needItem id="85101" number="80"/>
            <needItem id="85102" number="80"/>
            <needItem id="85103" number="80"/>
            <needItem id="85104" number="80"/>
            <needItem id="85105" number="80"/>
        </item>
        <item id="113701">
            <needItem id="85101" number="80"/>
            <needItem id="85102" number="80"/>
            <needItem id="85103" number="80"/>
            <needItem id="85104" number="80"/>
            <needItem id="85105" number="80"/>
        </item>
        <item id="113701">
            <needItem id="85101" number="80"/>
            <needItem id="85102" number="80"/>
            <needItem id="85103" number="80"/>
            <needItem id="85104" number="80"/>
            <needItem id="85105" number="80"/>
        </item>
    </round>
</rounds>