<items>
	<item des="废弃的矿洞，哥布林趁灾难摆脱人类奴役后的主要据点，后被入侵的水贼控制" exp="1510" grade="1" id="601" drops="89302|80101|89102|89101|89301" cost_strength="25" level="15" level2="17" man="1" money="2000" name="哥布林矿洞" npc="7003" rewards="201151|201152|201153|80101|" team="0" passNpcId="1021004" instance_icon="601" chapter="0" point="5400"/>
	<item des="废弃的矿洞，哥布林趁灾难摆脱人类奴役后的主要据点，后被入侵的水贼控制" exp="2500" grade="2" id="601" drops="89302|80101|89102|89101|89301" cost_strength="30" level="15" level2="18" man="1" money="2200" name="哥布林矿洞" npc="7003" rewards="141150|111150|181150|80101|" team="0" passNpcId="1022008" instance_icon="601" chapter="0" point="5700"/>
	<item des="废弃的矿洞，哥布林趁灾难摆脱人类奴役后的主要据点，后被入侵的水贼控制" exp="2700" grade="3" id="601" drops="89302|80101|89102|89101|89301" cost_strength="35" level="15" level2="19" man="1" money="2400" name="哥布林矿洞" npc="7003" rewards="202151|202152|202153|142150|112150|182150|80101|85011|" team="0" passNpcId="6013011" instance_icon="601" chapter="0" point="5900"/>
	<item des="因为位面脆弱而产生的时空裂隙，没人确定穿过它的另一端是什么。悬崖？深海？又或者流淌着滚热岩浆的活火山，这是只有最勇敢的战士才敢踏足的领域！" exp="12400" grade="1" id="613" drops="89302|80101|89102|89101|89301" cost_strength="30" level="28" level2="30" man="3" money="4600" name="时空裂隙" npc="4050" rewards="80101|" team="1" passNpcId="6014011" instance_icon="601" chapter="0" point="11200"/>
	<item des="海底城市被淹没后，海族奴隶逃窜后集结成海盗，四处烧杀抢掠，在港口附近的海底建立了一个临时据点，时刻准备侵袭小岛" exp="3640" grade="1" id="602" drops="89302|80101|89102|89101|89301" cost_strength="30" level="20" level2="22" man="1" money="3000" name="鱼人巢穴" npc="7004" rewards="201201|201202|201203|80101|" team="0" passNpcId="1031013" instance_icon="602" chapter="0" point="7400"/>
	<item des="海底城市被淹没后，海族奴隶逃窜后集结成海盗，四处烧杀抢掠，在港口附近的海底建立了一个临时据点，时刻准备侵袭小岛" exp="3880" grade="2" id="602" drops="89302|80101|89102|89101|89301" cost_strength="35" level="20" level2="23" man="1" money="3200" name="鱼人巢穴" npc="7004" rewards="141200|111200|181200|80101|" team="0" passNpcId="1032013" instance_icon="602" chapter="0" point="7700"/>
	<item des="海底城市被淹没后，海族奴隶逃窜后集结成海盗，四处烧杀抢掠，在港口附近的海底建立了一个临时据点，时刻准备侵袭小岛" exp="4880" grade="3" id="602" drops="89302|80101|89102|89101|89301" cost_strength="40" level="20" level2="24" man="1" money="3400" name="鱼人巢穴" npc="7004" rewards="202201|202202|202203|142200|112200|182200|80101|85021|" team="0" passNpcId="1033021" instance_icon="602" chapter="0" point="7900"/>
	<item des="因为位面脆弱而产生的时空裂隙，没人确定穿过它的另一端是什么。悬崖？深海？又或者流淌着滚热岩浆的活火山，这是只有最勇敢的战士才敢踏足的领域！" exp="14110" grade="2" id="613" drops="89302|80101|89102|89101|89301" cost_strength="90" level="28" level2="30" man="3" money="4600" name="时空裂隙" npc="4050" rewards="826003|80101|80201|" team="1" passNpcId="6024022" instance_icon="602" chapter="1" point="11900"/>
	<item des="谜一般的森林，在人类还只知道石头比坚果硬可以用来砸果壳的时候，它就已经存在了！" exp="5610" grade="1" id="603" drops="89302|80101|89102|89101|89301" cost_strength="40" level="25" level2="26" man="1" money="4600" name="魅惑之森" npc="4017" rewards="161200|171200|191200|80101|80201|" team="0" passNpcId="6031009" instance_icon="603" chapter="0" point="9300"/>
	<item des="谜一般的森林，在人类还只知道石头比坚果硬可以用来砸果壳的时候，它就已经存在了！" exp="7080" grade="2" id="603" drops="89302|80101|89102|89101|89301" cost_strength="50" level="25" level2="27" man="1" money="4000" name="魅惑之森" npc="4017" rewards="161200|171200|191200|80101|80201|" team="0" passNpcId="6032012" instance_icon="603" chapter="0" point="9700"/>
	<item des="谜一般的森林，在人类还只知道石头比坚果硬可以用来砸果壳的时候，它就已经存在了！" exp="8160" grade="3" id="603" drops="89302|80101|89102|89101|89301" cost_strength="60" level="25" level2="28" man="1" money="4200" name="魅惑之森" npc="4017" rewards="162200|172200|192200|80101|80201|85031|85032|" team="0" passNpcId="6033009" instance_icon="603" chapter="0" point="11600"/>
	<item des="谜一般的森林，在人类还只知道石头比坚果硬可以用来砸果壳的时候，它就已经存在了！" exp="11960" grade="4" id="603" drops="89302|80101|89102|89101|89301" cost_strength="80" level="25" level2="29" man="3" money="4400" name="魅惑之森" npc="4017" rewards="163200|173200|193200|80101|80201|85031|85032|" team="1" passNpcId="6034011" instance_icon="603" chapter="1" point="12500"/>
	<item des="灾难后莫名出现的巨大地窟，到处散发着神秘和恐怖的气息" exp="8890" grade="1" id="604" drops="89102|80101|80201|89105|89302" cost_strength="60" level="30" level2="32" man="1" money="5000" name="远古通道" npc="4041" rewards="826004|80101|80201|" team="0" passNpcId="6041012" instance_icon="604" chapter="0" point="11900"/>
	<item des="灾难后莫名出现的巨大地窟，到处散发着神秘和恐怖的气息" exp="10800" grade="2" id="604" drops="89102|80101|80201|89105|89302" cost_strength="70" level="30" level2="33" man="1" money="5200" name="远古通道" npc="4041" rewards="826004|80101|80201|" team="0" passNpcId="6042015" instance_icon="604" chapter="0" point="12400"/>
	<item des="灾难后莫名出现的巨大地窟，到处散发着神秘和恐怖的气息" exp="11320" grade="3" id="604" drops="89102|80101|80201|89105|89302" cost_strength="80" level="30" level2="34" man="1" money="5400" name="远古通道" npc="4041" rewards="826005|826004|80101|80201|" team="0" passNpcId="6043017" instance_icon="604" chapter="0" point="18700"/>
	<item des="灾难后莫名出现的巨大地窟，到处散发着神秘和恐怖的气息" exp="19020" grade="4" id="604" drops="89102|80101|80201|89105|89302" cost_strength="100" level="30" level2="35" man="3" money="5600" name="远古通道" npc="4041" rewards="826006|826005|80101|80201|85041|85042|85043|" team="1" passNpcId="6044014" instance_icon="604" chapter="1" point="19800"/>
	<item des="一股陌生人雇佣哥布林临时搭建的营地，出入的人不是凶狠强悍就是用黑布蒙面，" exp="14130" grade="1" id="605" drops="89102|80101|80201|89101|89301" cost_strength="80" level="40" level2="42" man="1" money="7000" name="暗杀者营地" npc="5028" rewards="826007|80101|80201|" team="0" passNpcId="6051008" instance_icon="605" chapter="0" point="14100"/>
	<item des="一股陌生人雇佣哥布林临时搭建的营地，里面的人行事诡异，没人知道他们在图谋什么" exp="16040" grade="2" id="605" drops="89102|80101|80201|89101|89301" cost_strength="90" level="40" level2="43" man="1" money="7200" name="暗杀者营地" npc="5028" rewards="826007|80101|80201|" team="0" passNpcId="6052010" instance_icon="605" chapter="0" point="14700"/>
	<item des="一股陌生人雇佣哥布林临时搭建的营地，里面的人行事诡异，没人知道他们在图谋什么" exp="18240" grade="3" id="605" drops="89102|80101|80201|89101|89301" cost_strength="100" level="40" level2="44" man="1" money="7400" name="暗杀者营地" npc="5028" rewards="826008|826007|80101|80201|" team="0" passNpcId="6053013" instance_icon="605" chapter="0" point="23200"/>
	<item des="一股陌生人雇佣哥布林临时搭建的营地，里面的人行事诡异，没人知道他们在图谋什么" exp="27950" grade="4" id="605" drops="89102|80101|80201|89101|89301" cost_strength="120" level="40" level2="45" man="3" money="7600" name="暗杀者营地" npc="5028" rewards="826009|826008|80101|80201|85051|85052|85053|" team="1" passNpcId="6054015" instance_icon="605" chapter="2" point="26600"/>
	<item des="废弃已久的下水道，脏乱不堪，除了蝙蝠和蚊子外，只有落魄的匪徒才会在这里面安家！" exp="22760" grade="1" id="606" drops="80102|80202|89102|89105|89302" cost_strength="90" level="50" level2="52" man="1" money="9000" name="古代下水道" npc="5006" rewards="826010|80102|80202|" team="0" passNpcId="6061007" instance_icon="606" chapter="0" point="19600"/>
	<item des="废弃已久的下水道，脏乱不堪，除了蝙蝠和蚊子外，只有落魄的匪徒才会在这里面安家！" exp="27240" grade="2" id="606" drops="80102|80202|89102|89105|89302" cost_strength="100" level="50" level2="53" man="1" money="9200" name="古代下水道" npc="5006" rewards="826010|80102|80202|" team="0" passNpcId="6062012" instance_icon="606" chapter="0" point="20500"/>
	<item des="废弃已久的下水道，脏乱不堪，除了蝙蝠和蚊子外，只有落魄的匪徒才会在这里面安家！" exp="29190" grade="3" id="606" drops="80102|80202|89102|89105|89302" cost_strength="110" level="50" level2="54" man="1" money="9400" name="古代下水道" npc="5006" rewards="826010|80102|80202|" team="0" passNpcId="6063013" instance_icon="606" chapter="0" point="33900"/>
	<item des="废弃已久的下水道，脏乱不堪，除了蝙蝠和蚊子外，只有落魄的匪徒才会在这里面安家！" exp="41100" grade="4" id="606" drops="80102|80202|89102|89105|89302" cost_strength="130" level="50" level2="55" man="3" money="9600" name="古代下水道" npc="5006" rewards="826011|826010|80102|80202|85061|85062|85063|85064|85065|" team="1" passNpcId="6064014" instance_icon="606" chapter="2" point="43000"/>
	<item des="历史悠久的丛林，野兽和鸟类的乐园，潮湿闷热的环境除了里面的土著人外没有人可以生活下去！" exp="37300" grade="1" id="607" drops="80102|80202|89102|89105|89302" cost_strength="90" level="55" level2="56" man="1" money="11000" name="密林深处" npc="5020" rewards="826012|80102|80202|" team="0" passNpcId="6071014" instance_icon="607" chapter="0" point="19600"/>
	<item des="历史悠久的丛林，野兽和鸟类的乐园，潮湿闷热的环境除了里面的土著人外没有人可以生活下去！" exp="43140" grade="2" id="607" drops="80102|80202|89102|89105|89302" cost_strength="100" level="55" level2="57" man="1" money="11200" name="密林深处" npc="5020" rewards="826012|80102|80202|" team="0" passNpcId="6072019" instance_icon="607" chapter="0" point="20500"/>
	<item des="历史悠久的丛林，野兽和鸟类的乐园，潮湿闷热的环境除了里面的土著人外没有人可以生活下去！" exp="43880" grade="3" id="607" drops="80102|80202|89102|89105|89302" cost_strength="110" level="55" level2="58" man="1" money="11400" name="密林深处" npc="5020" rewards="826012|80102|80202|" team="0" passNpcId="6073013" instance_icon="607" chapter="0" point="33900"/>
	<item des="历史悠久的丛林，野兽和鸟类的乐园，潮湿闷热的环境除了里面的土著人外没有人可以生活下去！" exp="60960" grade="4" id="607" drops="80102|80202|89102|89105|89302" cost_strength="140" level="60" level2="61" man="3" money="11600" name="密林深处" npc="5020" rewards="826013|826012|80102|80202|85071|85072|85073|85074|85075|" team="1" passNpcId="6074015" instance_icon="607" chapter="2" point="43000"/>
	<item des="古代王国幸存的遗民在结界封印了国土为自己建立了新的居所，华丽而宽阔的浮空城市足以让人忘记昔日帝国的繁华！" exp="37200" grade="1" id="608" drops="80102|80202|89102|89105|89303" cost_strength="90" level="58" level2="59" man="1" money="11000" name="众神之地" npc="10003" rewards="826012|80102|80202|" team="0" passNpcId="6081009" instance_icon="608" chapter="0" point="31600"/>
	<item des="古代王国幸存的遗民在结界封印了国土为自己建立了新的居所，华丽而宽阔的浮空城市足以让人忘记昔日帝国的繁华！" exp="43800" grade="2" id="608" drops="80102|80202|89102|89105|89303" cost_strength="100" level="58" level2="60" man="1" money="11200" name="众神之地" npc="10003" rewards="826012|80102|80202|" team="0" passNpcId="6082013" instance_icon="608" chapter="0" point="33200"/>
	<item des="古代王国幸存的遗民在结界封印了国土为自己建立了新的居所，华丽而宽阔的浮空城市足以让人忘记昔日帝国的繁华！" exp="44740" grade="3" id="608" drops="80102|80202|89102|89105|89303" cost_strength="110" level="58" level2="61" man="1" money="11400" name="众神之地" npc="10003" rewards="826012|80102|80202|" team="0" passNpcId="6083014" instance_icon="608" chapter="0" point="54800"/>
	<item des="古代王国幸存的遗民在结界封印了国土为自己建立了新的居所，华丽而宽阔的浮空城市足以让人忘记昔日帝国的繁华！" exp="62850" grade="4" id="608" drops="80102|80202|89102|89105|89303" cost_strength="140" level="60" level2="61" man="3" money="11600" name="众神之地" npc="10003" rewards="826013|826012|80102|80202|85081|85082|85083|85084|85085|" team="1" passNpcId="6084013" instance_icon="608" chapter="3" point="87700"/>
	<item des="火龙晨曦之星曾经的主人的帝国，后来因受到诅咒而覆灭，国王乃至平民大多都被掩埋在黄沙之下，幸存的法师为了诅咒不再扩散，用结界将古国完全笼罩，往日的辉煌尽数被尘封在地下！" exp="60850" grade="1" id="609" drops="80102|80202|89102|89105|89303" cost_strength="100" level="65" level2="66" man="1" money="13000" name="古代王国" npc="10056" rewards="826014|80102|80202|" team="0" passNpcId="6091009" instance_icon="609" chapter="0" point="31600"/>
	<item des="火龙晨曦之星曾经的主人的帝国，后来因受到诅咒而覆灭，国王乃至平民大多都被掩埋在黄沙之下，幸存的法师为了诅咒不再扩散，用结界将古国完全笼罩，往日的辉煌尽数被尘封在地下！" exp="71260" grade="2" id="609" drops="80102|80202|89102|89105|89303" cost_strength="110" level="65" level2="67" man="1" money="13200" name="古代王国" npc="10056" rewards="826014|80102|80202|" team="0" passNpcId="6092011" instance_icon="609" chapter="0" point="33200"/>
	<item des="火龙晨曦之星曾经的主人的帝国，后来因受到诅咒而覆灭，国王乃至平民大多都被掩埋在黄沙之下，幸存的法师为了诅咒不再扩散，用结界将古国完全笼罩，往日的辉煌尽数被尘封在地下！" exp="70470" grade="3" id="609" drops="80102|80202|89102|89105|89303" cost_strength="120" level="65" level2="68" man="1" money="13400" name="古代王国" npc="10056" rewards="826014|80102|80202|" team="0" passNpcId="6093014" instance_icon="609" chapter="0" point="54800"/>
	<item des="火龙晨曦之星曾经的主人的帝国，后来因受到诅咒而覆灭，国王乃至平民大多都被掩埋在黄沙之下，幸存的法师为了诅咒不再扩散，用结界将古国完全笼罩，往日的辉煌尽数被尘封在地下！" exp="92690" grade="4" id="609" drops="80102|80202|89102|89105|89303" cost_strength="150" level="70" level2="71" man="3" money="13600" name="古代王国" npc="10056" rewards="826015|826014|80102|80202|85091|85092|85093|85094|85095|" team="1" passNpcId="6094014" instance_icon="609" chapter="3" point="87700"/>
	<item des="晨曦之星是享受破坏村庄，威胁凡人的乐趣的邪恶的龙。是在古魔法王国灭亡之后剩下的最强大的龙之一。晨曦之星在罗亚瑟大陆西方的活火山中做了他的巢，并守护着无数从人类手中掠夺而来的财宝。在整个大陆历史中，他是拥有最多传说处于也最活跃的龙，所以对人的危害最大-罗亚瑟几乎被其他地方称火龙的狩猎场，那里的居民经常会被烧成一堆肉干，以至于王国对他的征途充满的艰辛！" exp="61300" grade="1" id="610" drops="80102|80202|89102|89105|89303" cost_strength="100" level="68" level2="69" man="1" money="13000" name="火龙王的宝藏" npc="10055" rewards="826014|80102|80202|" team="0" passNpcId="6101008" instance_icon="610" chapter="0" point="31600"/>
	<item des="晨曦之星是享受破坏村庄，威胁凡人的乐趣的邪恶的龙。是在古魔法王国灭亡之后剩下的最强大的龙之一。晨曦之星在罗亚瑟大陆西方的活火山中做了他的巢，并守护着无数从人类手中掠夺而来的财宝。在整个大陆历史中，他是拥有最多传说处于也最活跃的龙，所以对人的危害最大-罗亚瑟几乎被其他地方称火龙的狩猎场，那里的居民经常会被烧成一堆肉干，以至于王国对他的征途充满的艰辛！" exp="72400" grade="2" id="610" drops="80102|80202|89102|89105|89303" cost_strength="110" level="68" level2="69" man="1" money="13200" name="火龙王的宝藏" npc="10055" rewards="826014|80102|80202|" team="0" passNpcId="6102011" instance_icon="610" chapter="0" point="33200"/>
	<item des="晨曦之星是享受破坏村庄，威胁凡人的乐趣的邪恶的龙。是在古魔法王国灭亡之后剩下的最强大的龙之一。晨曦之星在罗亚瑟大陆西方的活火山中做了他的巢，并守护着无数从人类手中掠夺而来的财宝。在整个大陆历史中，他是拥有最多传说处于也最活跃的龙，所以对人的危害最大-罗亚瑟几乎被其他地方称火龙的狩猎场，那里的居民经常会被烧成一堆肉干，以至于王国对他的征途充满的艰辛！" exp="73020" grade="3" id="610" drops="80102|80202|89102|89105|89303" cost_strength="120" level="68" level2="69" man="1" money="13400" name="火龙王的宝藏" npc="10055" rewards="826014|80102|80202|" team="0" passNpcId="6103016" instance_icon="610" chapter="0" point="54800"/>
	<item des="晨曦之星是享受破坏村庄，威胁凡人的乐趣的邪恶的龙。是在古魔法王国灭亡之后剩下的最强大的龙之一。晨曦之星在罗亚瑟大陆西方的活火山中做了他的巢，并守护着无数从人类手中掠夺而来的财宝。在整个大陆历史中，他是拥有最多传说处于也最活跃的龙，所以对人的危害最大-罗亚瑟几乎被其他地方称火龙的狩猎场，那里的居民经常会被烧成一堆肉干，以至于王国对他的征途充满的艰辛！" exp="88490" grade="4" id="610" drops="80102|80202|89102|89105|89303" cost_strength="150" level="70" level2="71" man="3" money="13600" name="火龙王的宝藏" npc="10055" rewards="826015|826014|80102|80202|85101|85102|85103|85104|85105|" team="1" passNpcId="6104019" instance_icon="610" chapter="3" point="87700"/>
	<item des="黑魔法师学院是一个魔法师的圣地，区别于时计塔的对外开放，这里一直是陌生人的禁地，居住在其中的魔法师睚眦必报，如果你不小心，等待你的也许就是无尽的诅咒！" exp="0" grade="1" id="611" level="60" level2="62" man="2" money="1880" name="黑暗魔导师学院" npc="9067" rewards="" team="0" passNpcId="6111016" instance_icon="611" chapter="0" point=""/>
	<item des="黑魔法师学院是一个魔法师的圣地，区别于时计塔的对外开放，这里一直是陌生人的禁地，居住在其中的魔法师睚眦必报，如果你不小心，等待你的也许就是无尽的诅咒！" exp="0" grade="2" id="611" level="60" level2="62" man="2" money="1930" name="黑暗魔导师学院" npc="9067" rewards="" team="0" passNpcId="6112014" instance_icon="611" chapter="0" point=""/>
	<item des="黑魔法师学院是一个魔法师的圣地，区别于时计塔的对外开放，这里一直是陌生人的禁地，居住在其中的魔法师睚眦必报，如果你不小心，等待你的也许就是无尽的诅咒！" exp="0" grade="3" id="611" level="60" level2="62" man="2" money="1970" name="黑暗魔导师学院" npc="9067" rewards="" team="1" passNpcId="6113017" instance_icon="611" chapter="0" point=""/>
	<item des="黑魔法师学院是一个魔法师的圣地，区别于时计塔的对外开放，这里一直是陌生人的禁地，居住在其中的魔法师睚眦必报，如果你不小心，等待你的也许就是无尽的诅咒！" exp="0" grade="4" id="611" level="60" level2="62" man="2" money="2020" name="黑暗魔导师学院" npc="9067" rewards="" team="1" passNpcId="6114020" instance_icon="611" chapter="0" point=""/>
	<item des="沉睡在暗黑之岛的邪龙那厮，传说中远古时期其效忠的主人死亡之后，和自己秘宝一同消匿在了主人墓穴附近的地底深处。直到圣杯碎裂，才被强大的魔法涌动惊醒！ " exp="0" grade="1" id="612" level="60" level2="62" man="2" money="1930" name="邪龙巢穴" npc="9068" rewards="" team="0" passNpcId="6121012" instance_icon="612" chapter="0" point=""/>
	<item des="沉睡在暗黑之岛的邪龙那厮，传说中远古时期其效忠的主人死亡之后，和自己秘宝一同消匿在了主人墓穴附近的地底深处。直到圣杯碎裂，才被强大的魔法涌动惊醒！ " exp="0" grade="2" id="612" level="60" level2="62" man="2" money="1970" name="邪龙巢穴" npc="9068" rewards="" team="0" passNpcId="6122015" instance_icon="612" chapter="0" point=""/>
	<item des="沉睡在暗黑之岛的邪龙那厮，传说中远古时期其效忠的主人死亡之后，和自己秘宝一同消匿在了主人墓穴附近的地底深处。直到圣杯碎裂，才被强大的魔法涌动惊醒！ " exp="0" grade="3" id="612" level="60" level2="62" man="2" money="2020" name="邪龙巢穴" npc="9068" rewards="" team="1" passNpcId="6123015" instance_icon="612" chapter="0" point=""/>
	<item des="沉睡在暗黑之岛的邪龙那厮，传说中远古时期其效忠的主人死亡之后，和自己秘宝一同消匿在了主人墓穴附近的地底深处。直到圣杯碎裂，才被强大的魔法涌动惊醒！ " exp="0" grade="4" id="612" level="60" level2="62" man="2" money="2070" name="邪龙巢穴" npc="9068" rewards="" team="1" passNpcId="6124018" instance_icon="612" chapter="0" point=""/>
</items>