<?xml version="1.0" encoding="UTF-8" standalone="yes"?>
<routers>
	<router mapA="7" mapB="3" npcA="7051" npcB="3003"/>
	<router mapA="3" mapB="4" npcA="3020" npcB="4033"/>
	<router mapA="4" mapB="5" npcA="4034" npcB="5012"/>
	<router mapA="1" mapB="2" npcA="1002" npcB="2043"/>
	<router mapA="3" mapB="9" npcA="3033" npcB="9001"/>
	<router mapA="3" mapB="10" npcA="3034" npcB="10023"/>
	<router mapA="7" mapB="50" npcA="7020" npcB="50004"/>
	<router mapA="3" mapB="999" npcA="" npcB="8001"/>
</routers>