<items>
	<shop id="1">
		<item id="201011" buy_price="100"/>
		<item id="202101" buy_price="200"/>
		<item id="202151" buy_price="300"/>
		<item id="201012" buy_price="100"/>
		<item id="202102" buy_price="200"/>
		<item id="202152" buy_price="300"/>
		<item id="201013" buy_price="100"/>
		<item id="202103" buy_price="200"/>
		<item id="202153" buy_price="300"/>
		<item id="111010" buy_price="100"/>
		<item id="141010" buy_price="100"/>
		<item id="181010" buy_price="100"/>
		<item id="112100" buy_price="200"/>
		<item id="142100" buy_price="200"/>
		<item id="182100" buy_price="200"/>
		<item id="112150" buy_price="300"/>
		<item id="142150" buy_price="300"/>
		<item id="182150" buy_price="300"/>
	</shop>
	<shop id="2">
		<item id="201011" buy_price="100"/>
		<item id="202101" buy_price="200"/>
		<item id="202151" buy_price="300"/>
		<item id="201012" buy_price="100"/>
		<item id="202102" buy_price="200"/>
		<item id="202152" buy_price="300"/>
		<item id="201013" buy_price="100"/>
		<item id="202103" buy_price="200"/>
		<item id="202153" buy_price="300"/>
	</shop>
	<shop id="3">
		<item id="111010" buy_price="100"/>
		<item id="141010" buy_price="100"/>
		<item id="181010" buy_price="100"/>
		<item id="112100" buy_price="200"/>
		<item id="142100" buy_price="200"/>
		<item id="182100" buy_price="200"/>
		<item id="112150" buy_price="300"/>
		<item id="142150" buy_price="300"/>
		<item id="182150" buy_price="300"/>
	</shop>
</items>