<items>
  <item rank="30" total_soul="1" />
  <item rank="35" total_soul="1.1" />
  <item rank="40" total_soul="1.2" />
  <item rank="45" total_soul="1.3" />
  <item rank="50" total_soul="1.4" />
  <item rank="55" total_soul="1.5" />
  <item rank="60" total_soul="1.6" />
  <item rank="65" total_soul="1.7" />
  <item rank="70" total_soul="1.8" />
  <item rank="75" total_soul="1.9" />
  <item rank="80" total_soul="2" />
  <item rank="85" total_soul="2.1" />
  <item rank="90" total_soul="2.2" />
  <item rank="95" total_soul="2.3" />
  <item rank="100" total_soul="2.4" />
  <item rank="105" total_soul="2.5" />
  <item rank="110" total_soul="2.6" />
  <item rank="115" total_soul="2.7" />
  <item rank="120" total_soul="2.8" />
  <item rank="125" total_soul="2.9" />
  <item rank="130" total_soul="3" />
  <item rank="135" total_soul="3.1" />
  <item rank="140" total_soul="3.2" />
  <item rank="145" total_soul="3.3" />
  <item rank="150" total_soul="3.4" />
  <item rank="155" total_soul="3.5" />
  <item rank="160" total_soul="3.6" />
  <item rank="165" total_soul="3.7" />
  <item rank="170" total_soul="3.8" />
  <item rank="175" total_soul="3.9" />
  <item rank="180" total_soul="4" />
  <item rank="185" total_soul="4.1" />
  <item rank="190" total_soul="4.2" />
  <item rank="195" total_soul="4.3" />
  <item rank="200" total_soul="4.4" />
  <item rank="205" total_soul="4.5" />
  <item rank="210" total_soul="4.6" />
  <item rank="215" total_soul="4.7" />
  <item rank="220" total_soul="4.8" />
  <item rank="225" total_soul="4.9" />
  <item rank="230" total_soul="5" />
  <item rank="235" total_soul="5.1" />
  <item rank="240" total_soul="5.2" />
  <item rank="245" total_soul="5.3" />
  <item rank="250" total_soul="5.4" />
  <item rank="255" total_soul="5.5" />
  <item rank="260" total_soul="5.6" />
  <item rank="265" total_soul="5.7" />
  <item rank="270" total_soul="5.8" />
  <item rank="275" total_soul="5.9" />
  <item rank="280" total_soul="6" />
  <item rank="285" total_soul="6.1" />
  <item rank="290" total_soul="6.2" />
  <item rank="295" total_soul="6.3" />
  <item rank="300" total_soul="6.4" />
  <item rank="305" total_soul="6.5" />
  <item rank="310" total_soul="6.6" />
  <item rank="315" total_soul="6.7" />
  <item rank="320" total_soul="6.8" />
  <item rank="325" total_soul="6.9" />
  <item rank="330" total_soul="7" />
  <item rank="335" total_soul="7.1" />
  <item rank="340" total_soul="7.2" />
  <item rank="345" total_soul="7.3" />
  <item rank="350" total_soul="7.4" />
  <item rank="355" total_soul="7.5" />
  <item rank="360" total_soul="7.6" />
  <item rank="365" total_soul="7.7" />
  <item rank="370" total_soul="7.8" />
  <item rank="375" total_soul="7.9" />
  <item rank="380" total_soul="8" />
  <item rank="385" total_soul="8.1" />
  <item rank="390" total_soul="8.2" />
  <item rank="395" total_soul="8.3" />
  <item rank="400" total_soul="8.4" />
  <item rank="410" total_soul="8.5" />
  <item rank="420" total_soul="8.6" />
  <item rank="430" total_soul="8.7" />
  <item rank="440" total_soul="8.8" />
  <item rank="450" total_soul="8.9" />
  <item rank="460" total_soul="9" />
  <item rank="470" total_soul="9.1" />
  <item rank="480" total_soul="9.2" />
  <item rank="490" total_soul="9.3" />
  <item rank="500" total_soul="9.4" />
  <item rank="510" total_soul="9.5" />
  <item rank="520" total_soul="9.6" />
  <item rank="530" total_soul="9.7" />
  <item rank="540" total_soul="9.8" />
  <item rank="550" total_soul="9.9" />
  <item rank="560" total_soul="10" />
  <item rank="570" total_soul="10.1" />
  <item rank="580" total_soul="10.2" />
  <item rank="590" total_soul="10.3" />
  <item rank="600" total_soul="10.4" />
  <item rank="610" total_soul="10.5" />
  <item rank="620" total_soul="10.6" />
  <item rank="630" total_soul="10.7" />
  <item rank="640" total_soul="10.8" />
  <item rank="650" total_soul="10.9" />
  <item rank="660" total_soul="11" />
  <item rank="680" total_soul="11.1" />
  <item rank="700" total_soul="11.2" />
  <item rank="720" total_soul="11.3" />
  <item rank="740" total_soul="11.4" />
  <item rank="760" total_soul="11.5" />
  <item rank="780" total_soul="11.6" />
  <item rank="800" total_soul="11.7" />
  <item rank="820" total_soul="11.8" />
  <item rank="840" total_soul="11.9" />
  <item rank="860" total_soul="12" />
  <item rank="880" total_soul="12.1" />
  <item rank="910" total_soul="12.2" />
  <item rank="940" total_soul="12.3" />
  <item rank="970" total_soul="12.4" />
  <item rank="1000" total_soul="12.5" />
</items>