<items>
  <item increase_cost_item_id="80301" level="1" increase_cost_item_num="2" soul_exp="15" increase_exp_min="2" level_name="破碎" soul_calculation="100" increase_exp_max="4" stage_name="第1阶" increase_exp_outbreak="8" soul_added="100" />
  <item increase_cost_item_id="80301" level="2" increase_cost_item_num="2" soul_exp="25" increase_exp_min="2" level_name="破碎" soul_calculation="200" increase_exp_max="4" stage_name="第2阶" increase_exp_outbreak="8" soul_added="200" />
  <item increase_cost_item_id="80301" level="3" increase_cost_item_num="2" soul_exp="35" increase_exp_min="2" level_name="破碎" soul_calculation="300" increase_exp_max="4" stage_name="第3阶" increase_exp_outbreak="8" soul_added="300" />
  <item increase_cost_item_id="80301" level="4" increase_cost_item_num="2" soul_exp="45" increase_exp_min="2" level_name="破碎" soul_calculation="400" increase_exp_max="4" stage_name="第4阶" increase_exp_outbreak="8" soul_added="400" />
  <item increase_cost_item_id="80301" level="5" increase_cost_item_num="2" soul_exp="55" increase_exp_min="2" level_name="破碎" soul_calculation="500" increase_exp_max="4" stage_name="第5阶" increase_exp_outbreak="8" soul_added="500" />
  <item increase_cost_item_id="80301" level="6" increase_cost_item_num="2" soul_exp="65" increase_exp_min="2" level_name="破碎" soul_calculation="600" increase_exp_max="4" stage_name="第6阶" increase_exp_outbreak="8" soul_added="600" />
  <item increase_cost_item_id="80301" level="7" increase_cost_item_num="2" soul_exp="75" increase_exp_min="2" level_name="破碎" soul_calculation="700" increase_exp_max="4" stage_name="第7阶" increase_exp_outbreak="8" soul_added="700" />
  <item increase_cost_item_id="80301" level="8" increase_cost_item_num="2" soul_exp="85" increase_exp_min="2" level_name="破碎" soul_calculation="800" increase_exp_max="4" stage_name="第8阶" increase_exp_outbreak="8" soul_added="800" />
  <item increase_cost_item_id="80301" level="9" increase_cost_item_num="2" soul_exp="95" increase_exp_min="2" level_name="破碎" soul_calculation="900" increase_exp_max="4" stage_name="第9阶" increase_exp_outbreak="8" soul_added="900" />
  <item increase_cost_item_id="80301" level="10" increase_cost_item_num="2" soul_exp="105" increase_exp_min="2" level_name="破碎" soul_calculation="1000" increase_exp_max="4" stage_name="第10阶" increase_exp_outbreak="8" soul_added="1000" />
  <item increase_cost_item_id="80301" level="11" increase_cost_item_num="2" soul_exp="115" increase_exp_min="2" level_name="映像" soul_calculation="1100" increase_exp_max="4" stage_name="第1阶" increase_exp_outbreak="8" soul_added="1100" />
  <item increase_cost_item_id="80301" level="12" increase_cost_item_num="2" soul_exp="125" increase_exp_min="2" level_name="映像" soul_calculation="1200" increase_exp_max="4" stage_name="第2阶" increase_exp_outbreak="8" soul_added="1200" />
  <item increase_cost_item_id="80301" level="13" increase_cost_item_num="2" soul_exp="135" increase_exp_min="2" level_name="映像" soul_calculation="1300" increase_exp_max="4" stage_name="第3阶" increase_exp_outbreak="8" soul_added="1300" />
  <item increase_cost_item_id="80301" level="14" increase_cost_item_num="2" soul_exp="145" increase_exp_min="2" level_name="映像" soul_calculation="1400" increase_exp_max="4" stage_name="第4阶" increase_exp_outbreak="8" soul_added="1400" />
  <item increase_cost_item_id="80301" level="15" increase_cost_item_num="2" soul_exp="155" increase_exp_min="2" level_name="映像" soul_calculation="1500" increase_exp_max="4" stage_name="第5阶" increase_exp_outbreak="8" soul_added="1500" />
  <item increase_cost_item_id="80301" level="16" increase_cost_item_num="2" soul_exp="165" increase_exp_min="2" level_name="映像" soul_calculation="1600" increase_exp_max="4" stage_name="第6阶" increase_exp_outbreak="8" soul_added="1600" />
  <item increase_cost_item_id="80301" level="17" increase_cost_item_num="2" soul_exp="175" increase_exp_min="2" level_name="映像" soul_calculation="1700" increase_exp_max="4" stage_name="第7阶" increase_exp_outbreak="8" soul_added="1700" />
  <item increase_cost_item_id="80301" level="18" increase_cost_item_num="2" soul_exp="185" increase_exp_min="2" level_name="映像" soul_calculation="1800" increase_exp_max="4" stage_name="第8阶" increase_exp_outbreak="8" soul_added="1800" />
  <item increase_cost_item_id="80301" level="19" increase_cost_item_num="2" soul_exp="195" increase_exp_min="2" level_name="映像" soul_calculation="1900" increase_exp_max="4" stage_name="第9阶" increase_exp_outbreak="8" soul_added="1900" />
  <item increase_cost_item_id="80301" level="20" increase_cost_item_num="2" soul_exp="205" increase_exp_min="2" level_name="映像" soul_calculation="2000" increase_exp_max="4" stage_name="第10阶" increase_exp_outbreak="8" soul_added="2000" />
  <item increase_cost_item_id="80301" level="21" increase_cost_item_num="2" soul_exp="215" increase_exp_min="3" level_name="暮光" soul_calculation="2100" increase_exp_max="5" stage_name="第1阶" increase_exp_outbreak="10" soul_added="2100" />
  <item increase_cost_item_id="80301" level="22" increase_cost_item_num="2" soul_exp="225" increase_exp_min="3" level_name="暮光" soul_calculation="2200" increase_exp_max="5" stage_name="第2阶" increase_exp_outbreak="10" soul_added="2200" />
  <item increase_cost_item_id="80301" level="23" increase_cost_item_num="2" soul_exp="235" increase_exp_min="3" level_name="暮光" soul_calculation="2300" increase_exp_max="5" stage_name="第3阶" increase_exp_outbreak="10" soul_added="2300" />
  <item increase_cost_item_id="80301" level="24" increase_cost_item_num="2" soul_exp="245" increase_exp_min="3" level_name="暮光" soul_calculation="2400" increase_exp_max="5" stage_name="第4阶" increase_exp_outbreak="10" soul_added="2400" />
  <item increase_cost_item_id="80301" level="25" increase_cost_item_num="2" soul_exp="255" increase_exp_min="3" level_name="暮光" soul_calculation="2500" increase_exp_max="5" stage_name="第5阶" increase_exp_outbreak="10" soul_added="2500" />
  <item increase_cost_item_id="80301" level="26" increase_cost_item_num="2" soul_exp="265" increase_exp_min="3" level_name="暮光" soul_calculation="2600" increase_exp_max="5" stage_name="第6阶" increase_exp_outbreak="10" soul_added="2600" />
  <item increase_cost_item_id="80301" level="27" increase_cost_item_num="2" soul_exp="275" increase_exp_min="3" level_name="暮光" soul_calculation="2700" increase_exp_max="5" stage_name="第7阶" increase_exp_outbreak="10" soul_added="2700" />
  <item increase_cost_item_id="80301" level="28" increase_cost_item_num="2" soul_exp="285" increase_exp_min="3" level_name="暮光" soul_calculation="2800" increase_exp_max="5" stage_name="第8阶" increase_exp_outbreak="10" soul_added="2800" />
  <item increase_cost_item_id="80301" level="29" increase_cost_item_num="2" soul_exp="295" increase_exp_min="3" level_name="暮光" soul_calculation="2900" increase_exp_max="5" stage_name="第9阶" increase_exp_outbreak="10" soul_added="2900" />
  <item increase_cost_item_id="80301" level="30" increase_cost_item_num="2" soul_exp="305" increase_exp_min="3" level_name="暮光" soul_calculation="3000" increase_exp_max="5" stage_name="第10阶" increase_exp_outbreak="10" soul_added="3000" />
  <item increase_cost_item_id="80301" level="31" increase_cost_item_num="3" soul_exp="315" increase_exp_min="3" level_name="虚空" soul_calculation="3100" increase_exp_max="5" stage_name="第1阶" increase_exp_outbreak="10" soul_added="3100" />
  <item increase_cost_item_id="80301" level="32" increase_cost_item_num="3" soul_exp="325" increase_exp_min="3" level_name="虚空" soul_calculation="3200" increase_exp_max="5" stage_name="第2阶" increase_exp_outbreak="10" soul_added="3200" />
  <item increase_cost_item_id="80301" level="33" increase_cost_item_num="3" soul_exp="335" increase_exp_min="3" level_name="虚空" soul_calculation="3300" increase_exp_max="5" stage_name="第3阶" increase_exp_outbreak="10" soul_added="3300" />
  <item increase_cost_item_id="80301" level="34" increase_cost_item_num="3" soul_exp="345" increase_exp_min="3" level_name="虚空" soul_calculation="3400" increase_exp_max="5" stage_name="第4阶" increase_exp_outbreak="10" soul_added="3400" />
  <item increase_cost_item_id="80301" level="35" increase_cost_item_num="3" soul_exp="355" increase_exp_min="3" level_name="虚空" soul_calculation="3500" increase_exp_max="5" stage_name="第5阶" increase_exp_outbreak="10" soul_added="3500" />
  <item increase_cost_item_id="80301" level="36" increase_cost_item_num="3" soul_exp="365" increase_exp_min="3" level_name="虚空" soul_calculation="3600" increase_exp_max="5" stage_name="第6阶" increase_exp_outbreak="10" soul_added="3600" />
  <item increase_cost_item_id="80301" level="37" increase_cost_item_num="3" soul_exp="375" increase_exp_min="3" level_name="虚空" soul_calculation="3700" increase_exp_max="5" stage_name="第7阶" increase_exp_outbreak="10" soul_added="3700" />
  <item increase_cost_item_id="80301" level="38" increase_cost_item_num="3" soul_exp="385" increase_exp_min="3" level_name="虚空" soul_calculation="3800" increase_exp_max="5" stage_name="第8阶" increase_exp_outbreak="10" soul_added="3800" />
  <item increase_cost_item_id="80301" level="39" increase_cost_item_num="3" soul_exp="395" increase_exp_min="3" level_name="虚空" soul_calculation="3900" increase_exp_max="5" stage_name="第9阶" increase_exp_outbreak="10" soul_added="3900" />
  <item increase_cost_item_id="80301" level="40" increase_cost_item_num="3" soul_exp="405" increase_exp_min="3" level_name="虚空" soul_calculation="4000" increase_exp_max="5" stage_name="第10阶" increase_exp_outbreak="10" soul_added="4000" />
  <item increase_cost_item_id="80301" level="41" increase_cost_item_num="3" soul_exp="415" increase_exp_min="4" level_name="厄运" soul_calculation="4100" increase_exp_max="6" stage_name="第1阶" increase_exp_outbreak="12" soul_added="4100" />
  <item increase_cost_item_id="80301" level="42" increase_cost_item_num="3" soul_exp="425" increase_exp_min="4" level_name="厄运" soul_calculation="4200" increase_exp_max="6" stage_name="第2阶" increase_exp_outbreak="12" soul_added="4200" />
  <item increase_cost_item_id="80301" level="43" increase_cost_item_num="3" soul_exp="435" increase_exp_min="4" level_name="厄运" soul_calculation="4300" increase_exp_max="6" stage_name="第3阶" increase_exp_outbreak="12" soul_added="4300" />
  <item increase_cost_item_id="80301" level="44" increase_cost_item_num="3" soul_exp="445" increase_exp_min="4" level_name="厄运" soul_calculation="4400" increase_exp_max="6" stage_name="第4阶" increase_exp_outbreak="12" soul_added="4400" />
  <item increase_cost_item_id="80301" level="45" increase_cost_item_num="3" soul_exp="455" increase_exp_min="4" level_name="厄运" soul_calculation="4500" increase_exp_max="6" stage_name="第5阶" increase_exp_outbreak="12" soul_added="4500" />
  <item increase_cost_item_id="80301" level="46" increase_cost_item_num="3" soul_exp="465" increase_exp_min="4" level_name="厄运" soul_calculation="4600" increase_exp_max="6" stage_name="第6阶" increase_exp_outbreak="12" soul_added="4600" />
  <item increase_cost_item_id="80301" level="47" increase_cost_item_num="3" soul_exp="475" increase_exp_min="4" level_name="厄运" soul_calculation="4700" increase_exp_max="6" stage_name="第7阶" increase_exp_outbreak="12" soul_added="4700" />
  <item increase_cost_item_id="80301" level="48" increase_cost_item_num="3" soul_exp="485" increase_exp_min="4" level_name="厄运" soul_calculation="4800" increase_exp_max="6" stage_name="第8阶" increase_exp_outbreak="12" soul_added="4800" />
  <item increase_cost_item_id="80301" level="49" increase_cost_item_num="3" soul_exp="495" increase_exp_min="4" level_name="厄运" soul_calculation="4900" increase_exp_max="6" stage_name="第9阶" increase_exp_outbreak="12" soul_added="4900" />
  <item increase_cost_item_id="80301" level="50" increase_cost_item_num="3" soul_exp="505" increase_exp_min="4" level_name="厄运" soul_calculation="5000" increase_exp_max="6" stage_name="第10阶" increase_exp_outbreak="12" soul_added="5000" />
  <item increase_cost_item_id="80301" level="51" increase_cost_item_num="3" soul_exp="515" increase_exp_min="4" level_name="启源" soul_calculation="5100" increase_exp_max="6" stage_name="第1阶" increase_exp_outbreak="12" soul_added="5100" />
  <item increase_cost_item_id="80301" level="52" increase_cost_item_num="3" soul_exp="525" increase_exp_min="4" level_name="启源" soul_calculation="5200" increase_exp_max="6" stage_name="第2阶" increase_exp_outbreak="12" soul_added="5200" />
  <item increase_cost_item_id="80301" level="53" increase_cost_item_num="3" soul_exp="535" increase_exp_min="4" level_name="启源" soul_calculation="5300" increase_exp_max="6" stage_name="第3阶" increase_exp_outbreak="12" soul_added="5300" />
  <item increase_cost_item_id="80301" level="54" increase_cost_item_num="3" soul_exp="545" increase_exp_min="4" level_name="启源" soul_calculation="5400" increase_exp_max="6" stage_name="第4阶" increase_exp_outbreak="12" soul_added="5400" />
  <item increase_cost_item_id="80301" level="55" increase_cost_item_num="3" soul_exp="555" increase_exp_min="4" level_name="启源" soul_calculation="5500" increase_exp_max="6" stage_name="第5阶" increase_exp_outbreak="12" soul_added="5500" />
  <item increase_cost_item_id="80301" level="56" increase_cost_item_num="3" soul_exp="565" increase_exp_min="4" level_name="启源" soul_calculation="5600" increase_exp_max="6" stage_name="第6阶" increase_exp_outbreak="12" soul_added="5600" />
  <item increase_cost_item_id="80301" level="57" increase_cost_item_num="3" soul_exp="575" increase_exp_min="4" level_name="启源" soul_calculation="5700" increase_exp_max="6" stage_name="第7阶" increase_exp_outbreak="12" soul_added="5700" />
  <item increase_cost_item_id="80301" level="58" increase_cost_item_num="3" soul_exp="585" increase_exp_min="4" level_name="启源" soul_calculation="5800" increase_exp_max="6" stage_name="第8阶" increase_exp_outbreak="12" soul_added="5800" />
  <item increase_cost_item_id="80301" level="59" increase_cost_item_num="3" soul_exp="595" increase_exp_min="4" level_name="启源" soul_calculation="5900" increase_exp_max="6" stage_name="第9阶" increase_exp_outbreak="12" soul_added="5900" />
  <item increase_cost_item_id="80301" level="60" increase_cost_item_num="3" soul_exp="605" increase_exp_min="4" level_name="启源" soul_calculation="6000" increase_exp_max="6" stage_name="第10阶" increase_exp_outbreak="12" soul_added="6000" />
  <item increase_cost_item_id="80301" level="61" increase_cost_item_num="4" soul_exp="615" increase_exp_min="5" level_name="亵渎" soul_calculation="6100" increase_exp_max="7" stage_name="第1阶" increase_exp_outbreak="14" soul_added="6100" />
  <item increase_cost_item_id="80301" level="62" increase_cost_item_num="4" soul_exp="625" increase_exp_min="5" level_name="亵渎" soul_calculation="6200" increase_exp_max="7" stage_name="第2阶" increase_exp_outbreak="14" soul_added="6200" />
  <item increase_cost_item_id="80301" level="63" increase_cost_item_num="4" soul_exp="635" increase_exp_min="5" level_name="亵渎" soul_calculation="6300" increase_exp_max="7" stage_name="第3阶" increase_exp_outbreak="14" soul_added="6300" />
  <item increase_cost_item_id="80301" level="64" increase_cost_item_num="4" soul_exp="645" increase_exp_min="5" level_name="亵渎" soul_calculation="6400" increase_exp_max="7" stage_name="第4阶" increase_exp_outbreak="14" soul_added="6400" />
  <item increase_cost_item_id="80301" level="65" increase_cost_item_num="4" soul_exp="655" increase_exp_min="5" level_name="亵渎" soul_calculation="6500" increase_exp_max="7" stage_name="第5阶" increase_exp_outbreak="14" soul_added="6500" />
  <item increase_cost_item_id="80301" level="66" increase_cost_item_num="4" soul_exp="665" increase_exp_min="5" level_name="亵渎" soul_calculation="6600" increase_exp_max="7" stage_name="第6阶" increase_exp_outbreak="14" soul_added="6600" />
  <item increase_cost_item_id="80301" level="67" increase_cost_item_num="4" soul_exp="675" increase_exp_min="5" level_name="亵渎" soul_calculation="6700" increase_exp_max="7" stage_name="第7阶" increase_exp_outbreak="14" soul_added="6700" />
  <item increase_cost_item_id="80301" level="68" increase_cost_item_num="4" soul_exp="685" increase_exp_min="5" level_name="亵渎" soul_calculation="6800" increase_exp_max="7" stage_name="第8阶" increase_exp_outbreak="14" soul_added="6800" />
  <item increase_cost_item_id="80301" level="69" increase_cost_item_num="4" soul_exp="695" increase_exp_min="5" level_name="亵渎" soul_calculation="6900" increase_exp_max="7" stage_name="第9阶" increase_exp_outbreak="14" soul_added="6900" />
  <item increase_cost_item_id="80301" level="70" increase_cost_item_num="4" soul_exp="705" increase_exp_min="5" level_name="亵渎" soul_calculation="7000" increase_exp_max="7" stage_name="第10阶" increase_exp_outbreak="14" soul_added="7000" />
  <item increase_cost_item_id="80301" level="71" increase_cost_item_num="4" soul_exp="715" increase_exp_min="5" level_name="湮灭" soul_calculation="7100" increase_exp_max="7" stage_name="第1阶" increase_exp_outbreak="14" soul_added="7100" />
  <item increase_cost_item_id="80301" level="72" increase_cost_item_num="4" soul_exp="725" increase_exp_min="5" level_name="湮灭" soul_calculation="7200" increase_exp_max="7" stage_name="第2阶" increase_exp_outbreak="14" soul_added="7200" />
  <item increase_cost_item_id="80301" level="73" increase_cost_item_num="4" soul_exp="735" increase_exp_min="5" level_name="湮灭" soul_calculation="7300" increase_exp_max="7" stage_name="第3阶" increase_exp_outbreak="14" soul_added="7300" />
  <item increase_cost_item_id="80301" level="74" increase_cost_item_num="4" soul_exp="745" increase_exp_min="5" level_name="湮灭" soul_calculation="7400" increase_exp_max="7" stage_name="第4阶" increase_exp_outbreak="14" soul_added="7400" />
  <item increase_cost_item_id="80301" level="75" increase_cost_item_num="4" soul_exp="755" increase_exp_min="5" level_name="湮灭" soul_calculation="7500" increase_exp_max="7" stage_name="第5阶" increase_exp_outbreak="14" soul_added="7500" />
  <item increase_cost_item_id="80301" level="76" increase_cost_item_num="4" soul_exp="765" increase_exp_min="5" level_name="湮灭" soul_calculation="7600" increase_exp_max="7" stage_name="第6阶" increase_exp_outbreak="14" soul_added="7600" />
  <item increase_cost_item_id="80301" level="77" increase_cost_item_num="4" soul_exp="775" increase_exp_min="5" level_name="湮灭" soul_calculation="7700" increase_exp_max="7" stage_name="第7阶" increase_exp_outbreak="14" soul_added="7700" />
  <item increase_cost_item_id="80301" level="78" increase_cost_item_num="4" soul_exp="785" increase_exp_min="5" level_name="湮灭" soul_calculation="7800" increase_exp_max="7" stage_name="第8阶" increase_exp_outbreak="14" soul_added="7800" />
  <item increase_cost_item_id="80301" level="79" increase_cost_item_num="4" soul_exp="795" increase_exp_min="5" level_name="湮灭" soul_calculation="7900" increase_exp_max="7" stage_name="第9阶" increase_exp_outbreak="14" soul_added="7900" />
  <item increase_cost_item_id="80301" level="80" increase_cost_item_num="4" soul_exp="805" increase_exp_min="5" level_name="湮灭" soul_calculation="8000" increase_exp_max="7" stage_name="第10阶" increase_exp_outbreak="14" soul_added="8000" />
  <item increase_cost_item_id="80301" level="81" increase_cost_item_num="4" soul_exp="815" increase_exp_min="6" level_name="天际" soul_calculation="8100" increase_exp_max="8" stage_name="第1阶" increase_exp_outbreak="16" soul_added="8100" />
  <item increase_cost_item_id="80301" level="82" increase_cost_item_num="4" soul_exp="825" increase_exp_min="6" level_name="天际" soul_calculation="8200" increase_exp_max="8" stage_name="第2阶" increase_exp_outbreak="16" soul_added="8200" />
  <item increase_cost_item_id="80301" level="83" increase_cost_item_num="4" soul_exp="835" increase_exp_min="6" level_name="天际" soul_calculation="8300" increase_exp_max="8" stage_name="第3阶" increase_exp_outbreak="16" soul_added="8300" />
  <item increase_cost_item_id="80301" level="84" increase_cost_item_num="4" soul_exp="845" increase_exp_min="6" level_name="天际" soul_calculation="8400" increase_exp_max="8" stage_name="第4阶" increase_exp_outbreak="16" soul_added="8400" />
  <item increase_cost_item_id="80301" level="85" increase_cost_item_num="4" soul_exp="855" increase_exp_min="6" level_name="天际" soul_calculation="8500" increase_exp_max="8" stage_name="第5阶" increase_exp_outbreak="16" soul_added="8500" />
  <item increase_cost_item_id="80301" level="86" increase_cost_item_num="4" soul_exp="865" increase_exp_min="6" level_name="天际" soul_calculation="8600" increase_exp_max="8" stage_name="第6阶" increase_exp_outbreak="16" soul_added="8600" />
  <item increase_cost_item_id="80301" level="87" increase_cost_item_num="4" soul_exp="875" increase_exp_min="6" level_name="天际" soul_calculation="8700" increase_exp_max="8" stage_name="第7阶" increase_exp_outbreak="16" soul_added="8700" />
  <item increase_cost_item_id="80301" level="88" increase_cost_item_num="4" soul_exp="885" increase_exp_min="6" level_name="天际" soul_calculation="8800" increase_exp_max="8" stage_name="第8阶" increase_exp_outbreak="16" soul_added="8800" />
  <item increase_cost_item_id="80301" level="89" increase_cost_item_num="4" soul_exp="895" increase_exp_min="6" level_name="天际" soul_calculation="8900" increase_exp_max="8" stage_name="第9阶" increase_exp_outbreak="16" soul_added="8900" />
  <item increase_cost_item_id="80301" level="90" increase_cost_item_num="4" soul_exp="905" increase_exp_min="6" level_name="天际" soul_calculation="9000" increase_exp_max="8" stage_name="第10阶" increase_exp_outbreak="16" soul_added="9000" />
  <item increase_cost_item_id="80301" level="91" increase_cost_item_num="5" soul_exp="915" increase_exp_min="6" level_name="混沌" soul_calculation="9100" increase_exp_max="8" stage_name="第1阶" increase_exp_outbreak="16" soul_added="9100" />
  <item increase_cost_item_id="80301" level="92" increase_cost_item_num="5" soul_exp="925" increase_exp_min="6" level_name="混沌" soul_calculation="9200" increase_exp_max="8" stage_name="第2阶" increase_exp_outbreak="16" soul_added="9200" />
  <item increase_cost_item_id="80301" level="93" increase_cost_item_num="5" soul_exp="935" increase_exp_min="6" level_name="混沌" soul_calculation="9300" increase_exp_max="8" stage_name="第3阶" increase_exp_outbreak="16" soul_added="9300" />
  <item increase_cost_item_id="80301" level="94" increase_cost_item_num="5" soul_exp="945" increase_exp_min="6" level_name="混沌" soul_calculation="9400" increase_exp_max="8" stage_name="第4阶" increase_exp_outbreak="16" soul_added="9400" />
  <item increase_cost_item_id="80301" level="95" increase_cost_item_num="5" soul_exp="955" increase_exp_min="6" level_name="混沌" soul_calculation="9500" increase_exp_max="8" stage_name="第5阶" increase_exp_outbreak="16" soul_added="9500" />
  <item increase_cost_item_id="80301" level="96" increase_cost_item_num="5" soul_exp="965" increase_exp_min="6" level_name="混沌" soul_calculation="9600" increase_exp_max="8" stage_name="第6阶" increase_exp_outbreak="16" soul_added="9600" />
  <item increase_cost_item_id="80301" level="97" increase_cost_item_num="5" soul_exp="975" increase_exp_min="6" level_name="混沌" soul_calculation="9700" increase_exp_max="8" stage_name="第7阶" increase_exp_outbreak="16" soul_added="9700" />
  <item increase_cost_item_id="80301" level="98" increase_cost_item_num="5" soul_exp="985" increase_exp_min="6" level_name="混沌" soul_calculation="9800" increase_exp_max="8" stage_name="第8阶" increase_exp_outbreak="16" soul_added="9800" />
  <item increase_cost_item_id="80301" level="99" increase_cost_item_num="5" soul_exp="995" increase_exp_min="6" level_name="混沌" soul_calculation="9900" increase_exp_max="8" stage_name="第9阶" increase_exp_outbreak="16" soul_added="9900" />
  <item increase_cost_item_id="80301" level="100" increase_cost_item_num="5" soul_exp="1005" increase_exp_min="6" level_name="混沌" soul_calculation="10000" increase_exp_max="8" stage_name="第10阶" increase_exp_outbreak="16" soul_added="10000" />
</items>