<items>
	<item quality_num="800" chance="100" cost_stone_num="1" cost_feather_num="1" cost_coin="0" effect1_num="0" effect2_num="0" effect3_num="0" stone_return="1"/>
	<item quality_num="900" chance="100" cost_stone_num="1" cost_feather_num="1" cost_coin="0" effect1_num="0" effect2_num="0" effect3_num="0" stone_return="1"/>
	<item quality_num="1000" chance="100" cost_stone_num="1" cost_feather_num="1" cost_coin="0" effect1_num="10" effect2_num="10" effect3_num="10" stone_return="1"/>
	<item quality_num="1100" chance="100" cost_stone_num="2" cost_feather_num="1" cost_coin="0" effect1_num="20" effect2_num="20" effect3_num="20" stone_return="2"/>
	<item quality_num="1200" chance="95" cost_stone_num="2" cost_feather_num="1" cost_coin="0" effect1_num="30" effect2_num="30" effect3_num="30" stone_return="2"/>
	<item quality_num="1300" chance="90" cost_stone_num="2" cost_feather_num="1" cost_coin="0" effect1_num="40" effect2_num="40" effect3_num="40" stone_return="2"/>
	<item quality_num="1400" chance="85" cost_stone_num="3" cost_feather_num="1" cost_coin="0" effect1_num="50" effect2_num="50" effect3_num="50" stone_return="2"/>
	<item quality_num="1500" chance="80" cost_stone_num="3" cost_feather_num="2" cost_coin="0" effect1_num="60" effect2_num="60" effect3_num="60" stone_return="2"/>
	<item quality_num="1600" chance="75" cost_stone_num="3" cost_feather_num="2" cost_coin="0" effect1_num="70" effect2_num="70" effect3_num="70" stone_return="2"/>
	<item quality_num="1700" chance="70" cost_stone_num="4" cost_feather_num="2" cost_coin="0" effect1_num="80" effect2_num="80" effect3_num="80" stone_return="2"/>
	<item quality_num="1800" chance="65" cost_stone_num="4" cost_feather_num="2" cost_coin="0" effect1_num="100" effect2_num="100" effect3_num="100" stone_return="2"/>
	<item quality_num="1900" chance="60" cost_stone_num="4" cost_feather_num="2" cost_coin="0" effect1_num="120" effect2_num="120" effect3_num="120" stone_return="2"/>
	<item quality_num="2000" chance="55" cost_stone_num="5" cost_feather_num="3" cost_coin="0" effect1_num="150" effect2_num="150" effect3_num="150" stone_return="2"/>
	<item quality_num="2100" chance="50" cost_stone_num="5" cost_feather_num="3" cost_coin="0" effect1_num="190" effect2_num="190" effect3_num="190" stone_return="2"/>
	<item quality_num="2200" chance="45" cost_stone_num="5" cost_feather_num="3" cost_coin="0" effect1_num="240" effect2_num="240" effect3_num="240" stone_return="2"/>
	<item quality_num="2300" chance="40" cost_stone_num="5" cost_feather_num="3" cost_coin="0" effect1_num="300" effect2_num="300" effect3_num="300" stone_return="2"/>
	<item quality_num="2400" chance="35" cost_stone_num="5" cost_feather_num="3" cost_coin="0" effect1_num="370" effect2_num="370" effect3_num="370" stone_return="2"/>
	<item quality_num="2500" chance="30" cost_stone_num="6" cost_feather_num="4" cost_coin="0" effect1_num="450" effect2_num="450" effect3_num="450" stone_return="2"/>
	<item quality_num="2600" chance="25" cost_stone_num="6" cost_feather_num="4" cost_coin="0" effect1_num="540" effect2_num="540" effect3_num="540" stone_return="2"/>
	<item quality_num="2700" chance="20" cost_stone_num="6" cost_feather_num="4" cost_coin="0" effect1_num="640" effect2_num="640" effect3_num="640" stone_return="2"/>
	<item quality_num="2800" chance="15" cost_stone_num="6" cost_feather_num="4" cost_coin="0" effect1_num="750" effect2_num="750" effect3_num="750" stone_return="2"/>
	<item quality_num="2900" chance="10" cost_stone_num="6" cost_feather_num="4" cost_coin="0" effect1_num="870" effect2_num="870" effect3_num="870" stone_return="2"/>
	<item quality_num="3000" chance="5" cost_stone_num="7" cost_feather_num="5" cost_coin="0" effect1_num="1000" effect2_num="1000" effect3_num="1000" stone_return="2"/>
</items>