<items>
	<item title_num="101" title_type="1" title_condition="竞技场第一" title_name="英雄王" title_id="10011" title_pic="10011" additional_attributes_1="2" num_1="1000" additional_attributes_2="9" num_2="500" additional_attributes_3="11" num_3="500" additional_attributes_4="10" num_4="1000" additional_attributes_5="12" num_5="1000"/>
	<item title_num="102" title_type="1" title_condition="竞技场第二" title_name="骑士王" title_id="10012" title_pic="10012" additional_attributes_1="2" num_1="800" additional_attributes_2="9" num_2="400" additional_attributes_3="11" num_3="400" additional_attributes_4="10" num_4="800" additional_attributes_5="12" num_5="800"/>
	<item title_num="103" title_type="1" title_condition="竞技场第三" title_name="征服王" title_id="10013" title_pic="10013" additional_attributes_1="2" num_1="600" additional_attributes_2="9" num_2="350" additional_attributes_3="11" num_3="350" additional_attributes_4="10" num_4="700" additional_attributes_5="12" num_5="700"/>
	<item title_num="104" title_type="1" title_condition="剑士等级排名第一" title_name="一番剑" title_id="10021" title_pic="10021" additional_attributes_1="56" num_1="100" additional_attributes_2="59" num_2="100" additional_attributes_3="60" num_3="100" additional_attributes_4="0" num_4="0" additional_attributes_5="0" num_5="0"/>
	<item title_num="105" title_type="1" title_condition="法师等级排名第一" title_name="魔导师" title_id="10022" title_pic="10022" additional_attributes_1="58" num_1="50" additional_attributes_2="60" num_2="100" additional_attributes_3="0" num_3="0" additional_attributes_4="0" num_4="0" additional_attributes_5="0" num_5="0"/>
	<item title_num="106" title_type="1" title_condition="弓箭手等级排名第一" title_name="神射手" title_id="10023" title_pic="10023" additional_attributes_1="57" num_1="50" additional_attributes_2="59" num_2="100" additional_attributes_3="0" num_3="0" additional_attributes_4="0" num_4="0" additional_attributes_5="0" num_5="0"/>
	<item title_num="107" title_type="1" title_condition="剑士战斗力排名第一" title_name="千人斩" title_id="10024" title_pic="10024" additional_attributes_1="56" num_1="100" additional_attributes_2="41" num_2="50" additional_attributes_3="0" num_3="0" additional_attributes_4="0" num_4="0" additional_attributes_5="0" num_5="0"/>
	<item title_num="108" title_type="1" title_condition="法师战斗力排名第一" title_name="旅法师" title_id="10025" title_pic="10025" additional_attributes_1="56" num_1="100" additional_attributes_2="62" num_2="50" additional_attributes_3="0" num_3="0" additional_attributes_4="0" num_4="0" additional_attributes_5="0" num_5="0"/>
	<item title_num="109" title_type="1" title_condition="弓箭手战斗力排名第一" title_name="狙击王" title_id="10026" title_pic="10026" additional_attributes_1="56" num_1="100" additional_attributes_2="40" num_2="50" additional_attributes_3="0" num_3="0" additional_attributes_4="0" num_4="0" additional_attributes_5="0" num_5="0"/>
	<item title_num="110" title_type="1" title_condition="金币榜排名第一" title_name="黄金律" title_id="10027" title_pic="10027" additional_attributes_1="2" num_1="1000" additional_attributes_2="29" num_2="20" additional_attributes_3="0" num_3="0" additional_attributes_4="0" num_4="0" additional_attributes_5="0" num_5="0"/>
	<item title_num="201" title_type="2" title_condition="公会排行第一" title_name="第一公会" title_id="10041" title_pic="10041" additional_attributes_1="56" num_1="50" additional_attributes_2="57" num_2="20" additional_attributes_3="58" num_3="20" additional_attributes_4="59" num_4="30" additional_attributes_5="60" num_5="30"/>
	<item title_num="202" title_type="2" title_condition="世界BOSS致命一击" title_name="屠龙勇士" title_id="10031" title_pic="10031" additional_attributes_1="2" num_1="1000" additional_attributes_2="9" num_2="150" additional_attributes_3="11" num_3="150" additional_attributes_4="0" num_4="0" additional_attributes_5="0" num_5="0"/>
	<item title_num="203" title_type="2" title_condition="PVP第一到达顶层" title_name="战争之王" title_id="10051" title_pic="10051" additional_attributes_1="2" num_1="1200" additional_attributes_2="9" num_2="160" additional_attributes_3="11" num_3="160" additional_attributes_4="0" num_4="0" additional_attributes_5="0" num_5="0"/>
	<item title_num="204" title_type="2" title_condition="公会战第一名" title_name="王者公会" title_id="10052" title_pic="10052" additional_attributes_1="56" num_1="60" additional_attributes_2="57" num_2="30" additional_attributes_3="58" num_3="30" additional_attributes_4="59" num_4="40" additional_attributes_5="60" num_5="40"/>
	<item title_num="205" title_type="2" title_condition="公会战决赛贡献最高玩家" title_name="公会战MVP" title_id="10053" title_pic="10053" additional_attributes_1="56" num_1="50" additional_attributes_2="57" num_2="20" additional_attributes_3="58" num_3="20" additional_attributes_4="59" num_4="30" additional_attributes_5="60" num_5="30"/>
	<item title_num="301" title_type="3" title_condition="等级达到30级" title_name="初心者" title_id="30001" title_pic="30001" additional_attributes_1="2" num_1="150" additional_attributes_2="10" num_2="100" additional_attributes_3="12" num_3="100" additional_attributes_4="0" num_4="0" additional_attributes_5="0" num_5="0"/>
	<item title_num="302" title_type="3" title_condition="等级达到40级" title_name="亚兰之光" title_id="30002" title_pic="30002" additional_attributes_1="2" num_1="250" additional_attributes_2="10" num_2="150" additional_attributes_3="12" num_3="150" additional_attributes_4="0" num_4="0" additional_attributes_5="0" num_5="0"/>
	<item title_num="303" title_type="3" title_condition="等级达到50级" title_name="皇家骑士" title_id="30003" title_pic="30003" additional_attributes_1="2" num_1="300" additional_attributes_2="10" num_2="200" additional_attributes_3="12" num_3="200" additional_attributes_4="0" num_4="0" additional_attributes_5="0" num_5="0"/>
	<item title_num="304" title_type="3" title_condition="通关“鱼人巢穴”困难难度" title_name="潜水员" title_id="30004" title_pic="30004" additional_attributes_1="56" num_1="10" additional_attributes_2="29" num_2="10" additional_attributes_3="0" num_3="0" additional_attributes_4="0" num_4="0" additional_attributes_5="0" num_5="0"/>
	<item title_num="305" title_type="3" title_condition="通关“魅惑之森”大师难度" title_name="猎人" title_id="30005" title_pic="30005" additional_attributes_1="56" num_1="15" additional_attributes_2="41" num_2="20" additional_attributes_3="0" num_3="0" additional_attributes_4="0" num_4="0" additional_attributes_5="0" num_5="0"/>
	<item title_num="306" title_type="3" title_condition="通关“远古通道”大师难度" title_name="探险家" title_id="30006" title_pic="30006" additional_attributes_1="56" num_1="20" additional_attributes_2="62" num_2="20" additional_attributes_3="0" num_3="0" additional_attributes_4="0" num_4="0" additional_attributes_5="0" num_5="0"/>
	<item title_num="307" title_type="3" title_condition="通关“暗杀者营地”大师难度" title_name="隐匿高手" title_id="30007" title_pic="30007" additional_attributes_1="56" num_1="25" additional_attributes_2="40" num_2="20" additional_attributes_3="0" num_3="0" additional_attributes_4="0" num_4="0" additional_attributes_5="0" num_5="0"/>
	<item title_num="308" title_type="3" title_condition="通关“古代下水道”大师难度" title_name="水管工" title_id="30008" title_pic="30008" additional_attributes_1="56" num_1="30" additional_attributes_2="42" num_2="20" additional_attributes_3="0" num_3="0" additional_attributes_4="0" num_4="0" additional_attributes_5="0" num_5="0"/>
	<item title_num="309" title_type="3" title_condition="通关“密林深处”大师难度" title_name="森林之王" title_id="30009" title_pic="30009" additional_attributes_1="56" num_1="35" additional_attributes_2="57" num_2="20" additional_attributes_3="0" num_3="0" additional_attributes_4="0" num_4="0" additional_attributes_5="0" num_5="0"/>
	<item title_num="310" title_type="3" title_condition="通关“众神之地”大师难度" title_name="通灵者" title_id="30010" title_pic="30010" additional_attributes_1="56" num_1="40" additional_attributes_2="58" num_2="20" additional_attributes_3="0" num_3="0" additional_attributes_4="0" num_4="0" additional_attributes_5="0" num_5="0"/>
	<item title_num="311" title_type="3" title_condition="通关“古代王国”大师难度" title_name="考古学家" title_id="30011" title_pic="30011" additional_attributes_1="56" num_1="45" additional_attributes_2="59" num_2="20" additional_attributes_3="0" num_3="0" additional_attributes_4="0" num_4="0" additional_attributes_5="0" num_5="0"/>
	<item title_num="312" title_type="3" title_condition="通关“火龙王宝藏”大师难度" title_name="掘宝者" title_id="30012" title_pic="30012" additional_attributes_1="56" num_1="50" additional_attributes_2="60" num_2="20" additional_attributes_3="0" num_3="0" additional_attributes_4="0" num_4="0" additional_attributes_5="0" num_5="0"/>
	<item title_num="313" title_type="3" title_condition="好友个数达到20" title_name="高朋满座" title_id="30017" title_pic="30017" additional_attributes_1="2" num_1="100" additional_attributes_2="9" num_2="50" additional_attributes_3="11" num_3="50" additional_attributes_4="0" num_4="0" additional_attributes_5="0" num_5="0"/>
	<item title_num="314" title_type="3" title_condition="创建一个公会" title_name="一呼百应" title_id="30016" title_pic="30016" additional_attributes_1="2" num_1="300" additional_attributes_2="10" num_2="150" additional_attributes_3="12" num_3="150" additional_attributes_4="0" num_4="0" additional_attributes_5="0" num_5="0"/>
	<item title_num="315" title_type="3" title_condition="获得一个黄色英灵" title_name="Master" title_id="30013" title_pic="30013" additional_attributes_1="2" num_1="500" additional_attributes_2="9" num_2="300" additional_attributes_3="11" num_3="300" additional_attributes_4="0" num_4="0" additional_attributes_5="0" num_5="0"/>
	<item title_num="316" title_type="3" title_condition="任意一件装备强化到+10" title_name="武器大师" title_id="30014" title_pic="30014" additional_attributes_1="2" num_1="600" additional_attributes_2="10" num_2="350" additional_attributes_3="12" num_3="350" additional_attributes_4="0" num_4="0" additional_attributes_5="0" num_5="0"/>
	<item title_num="317" title_type="3" title_condition="任意一个战法技能等级达到5级" title_name="游历大师" title_id="30015" title_pic="30015" additional_attributes_1="2" num_1="800" additional_attributes_2="9" num_2="400" additional_attributes_3="11" num_3="400" additional_attributes_4="0" num_4="0" additional_attributes_5="0" num_5="0"/>
</items>