<items>
	<item id="90001">
 		<item><![CDATA[1.有效期内免费使用<font color='#6CB0FF'>远程仓库及商店</font>功能]]></item> 
 		<item><![CDATA[2.开启<font color='#6CB0FF'>一键招募</font>功能]]></item> 
 		<item><![CDATA[3.开启挂机加速功能]]></item> 
 		<item><![CDATA[4.每日技能训练加速<font color='#80D019'>5次</font>]]></item> 
 		<item><![CDATA[5.开启第3个训练技能位]]></item> 
 		<item><![CDATA[6.<font color='#6CB0FF'>每日悬赏</font>可购买<font color='#80D019'>2次</font>]]></item> 
 		<item><![CDATA[7.额外获得少量体力值]]></item> 
 		<item><![CDATA[8.每日挂机次数<font color='#80D019'>60次</font>]]></item> 
 		<item><![CDATA[9.每日<font color='#6CB0FF'>竞技场</font>挑战<font color='#80D019'>17次</font>]]></item> 
 		<item><![CDATA[10.每日<font color='#6CB0FF'>免费跳过战斗</font><font color='#80D019'>50次</font>]]></item> 
 		<item><![CDATA[11.每日<font color='#6CB0FF'>免费传送</font>次数<font color='#80D019'>20次</font>]]></item> 
 		<item><![CDATA[12.特权经验加成<font color='#80D019'>10%</font>]]></item> 
 		<item><![CDATA[13.每日领取<font color='#6CB0FF'>骑士特权礼包</font>]]></item> 
 		<item><![CDATA[14.可展示英灵，跟随玩家！]]></item> 
 		<item><![CDATA[15.修炼经验加成<font color='#80D019'>15%</font>]]></item> 
 		<item><![CDATA[16.开启<font color='#6CB0FF'>高级修炼</font>功能]]></item> 
 		<item><![CDATA[17.世界BOSS<font color='#6CB0FF'>自动战斗</font>]]></item> 
 		<item><![CDATA[]]></item> 
 		<item><![CDATA[]]></item> 
	</item>
	<item id="90002">
 		<item><![CDATA[1.有效期内免费使用<font color='#6CB0FF'>远程仓库及商店</font>功能]]></item> 
 		<item><![CDATA[2.开启<font color='#6CB0FF'>一键招募</font>功能]]></item> 
 		<item><![CDATA[3.开启挂机加速功能]]></item> 
 		<item><![CDATA[4.每日技能训练加速<font color='#80D019'>5次</font>]]></item> 
 		<item><![CDATA[5.开启第3个训练技能位]]></item> 
 		<item><![CDATA[6.<font color='#6CB0FF'>每日悬赏</font>可购买<font color='#80D019'>4次</font>]]></item> 
 		<item><![CDATA[7.额外获得少量体力值]]></item> 
 		<item><![CDATA[8.每日挂机次数<font color='#80D019'>70次</font>]]></item> 
 		<item><![CDATA[9.每日<font color='#6CB0FF'>竞技场</font>挑战<font color='#80D019'>17次</font>]]></item> 
 		<item><![CDATA[10.每日<font color='#6CB0FF'>免费跳过战斗</font><font color='#80D019'>200次</font>]]></item> 
 		<item><![CDATA[11.每日<font color='#6CB0FF'>免费传送</font>次数<font color='#80D019'>30次</font>]]></item> 
 		<item><![CDATA[12.特权经验加成<font color='#80D019'>12%</font>]]></item> 
 		<item><![CDATA[13.每日领取<font color='#6CB0FF'>子爵特权礼包</font>]]></item> 
 		<item><![CDATA[14.可展示英灵，跟随玩家！]]></item> 
 		<item><![CDATA[15.修炼经验加成<font color='#80D019'>30%</font>]]></item> 
 		<item><![CDATA[16.开启<font color='#6CB1FF'>高级修炼</font>功能]]></item> 
 		<item><![CDATA[17.世界BOSS<font color='#6CB1FF'>自动战斗</font>]]></item> 
 		<item><![CDATA[18.关卡扫荡<font color='#6CB1FF'>自动完成</font>]]></item> 
 		<item><![CDATA[19.开启<font color='#6CB1FF'>一键猎羽</font>功能]]></item> 
	</item>
	<item id="90003">
 		<item><![CDATA[1.有效期内免费使用<font color='#6CB0FF'>远程仓库及商店</font>功能]]></item> 
 		<item><![CDATA[2.开启<font color='#6CB0FF'>一键招募</font>功能]]></item> 
 		<item><![CDATA[3.开启挂机加速功能]]></item> 
 		<item><![CDATA[4.每日技能训练加速<font color='#80D019'>10次</font>]]></item> 
 		<item><![CDATA[5.开启第3个训练技能位]]></item> 
 		<item><![CDATA[6.<font color='#6CB0FF'>每日悬赏</font>可购买<font color='#80D019'>6次</font>]]></item> 
 		<item><![CDATA[7.额外获得中量体力值]]></item> 
 		<item><![CDATA[8.每日挂机次数<font color='#80D019'>80次</font>]]></item> 
 		<item><![CDATA[9.每日<font color='#6CB0FF'>竞技场</font>挑战<font color='#80D019'>18次</font>]]></item> 
 		<item><![CDATA[10.每日<font color='#6CB0FF'>免费跳过战斗</font><font color='#80D019'>300次</font>]]></item> 
 		<item><![CDATA[11.每日<font color='#6CB0FF'>免费传送</font>次数<font color='#80D019'>50次</font>]]></item> 
 		<item><![CDATA[12.特权经验加成<font color='#80D019'>15%</font>]]></item> 
 		<item><![CDATA[13.每日领取<font color='#6CB0FF'>伯爵特权礼包</font>]]></item> 
 		<item><![CDATA[14.可展示英灵，跟随玩家！]]></item> 
 		<item><![CDATA[15.修炼经验加成<font color='#80D019'>50%</font>]]></item> 
 		<item><![CDATA[16.开启<font color='#6CB2FF'>高级修炼</font>功能]]></item> 
 		<item><![CDATA[17.世界BOSS<font color='#6CB2FF'>自动战斗</font>]]></item> 
 		<item><![CDATA[18.关卡扫荡<font color='#6CB2FF'>自动完成</font>]]></item> 
 		<item><![CDATA[]]></item> 
	</item>
	<item id="90004">
 		<item><![CDATA[1.有效期内免费使用<font color='#6CB0FF'>远程仓库及商店</font>功能]]></item> 
 		<item><![CDATA[2.开启<font color='#6CB0FF'>一键招募</font>功能]]></item> 
 		<item><![CDATA[3.开启挂机加速功能]]></item> 
 		<item><![CDATA[4.每日技能训练加速<font color='#80D019'>15次</font>]]></item> 
 		<item><![CDATA[5.开启第3个训练技能位]]></item> 
 		<item><![CDATA[6.<font color='#6CB0FF'>每日悬赏</font>可购买<font color='#80D019'>8次</font>]]></item> 
 		<item><![CDATA[7.额外获得大量体力值]]></item> 
 		<item><![CDATA[8.每日挂机次数<font color='#80D019'>90次</font>]]></item> 
 		<item><![CDATA[9.每日<font color='#6CB0FF'>竞技场</font>挑战<font color='#80D019'>19次</font>]]></item> 
 		<item><![CDATA[10.每日<font color='#6CB0FF'>免费跳过战斗</font><font color='#80D019'>400次</font>]]></item> 
 		<item><![CDATA[11.每日<font color='#6CB0FF'>免费传送</font>次数<font color='#80D019'>100次</font>]]></item> 
 		<item><![CDATA[12.特权经验加成<font color='#80D019'>18%</font>]]></item> 
 		<item><![CDATA[13.每日领取<font color='#6CB0FF'>侯爵特权礼包</font>]]></item> 
 		<item><![CDATA[14.可展示英灵，跟随玩家！]]></item> 
 		<item><![CDATA[15.修炼经验加成<font color='#80D019'>75%</font>]]></item> 
 		<item><![CDATA[16.开启<font color='#6CB3FF'>高级修炼</font>功能]]></item> 
 		<item><![CDATA[17.世界BOSS<font color='#6CB3FF'>自动战斗</font>]]></item> 
 		<item><![CDATA[18.关卡扫荡时间减少<font color='#80D019'>50%</font>]]></item> 
 		<item><![CDATA[]]></item> 
	</item>
	<item id="90005">
 		<item><![CDATA[1.有效期内免费使用<font color='#6CB0FF'>远程仓库及商店</font>功能]]></item> 
 		<item><![CDATA[2.开启<font color='#6CB0FF'>一键招募</font>功能]]></item> 
 		<item><![CDATA[3.开启挂机加速功能]]></item> 
 		<item><![CDATA[4.每日技能训练加速<font color='#80D019'>20次</font>]]></item> 
 		<item><![CDATA[5.开启第4个训练技能位]]></item> 
 		<item><![CDATA[6.<font color='#6CB0FF'>每日悬赏</font>可购买<font color='#80D019'>10次</font>]]></item> 
 		<item><![CDATA[7.额外获得海量体力值]]></item> 
 		<item><![CDATA[8.每日挂机次数<font color='#80D019'>100次</font>]]></item> 
 		<item><![CDATA[9.每日<font color='#6CB0FF'>竞技场</font>挑战<font color='#80D019'>20次</font>]]></item> 
 		<item><![CDATA[10.每日<font color='#6CB0FF'>免费跳过战斗</font><font color='#80D019'>500次</font>]]></item> 
 		<item><![CDATA[11.每日免费传送无限次]]></item> 
 		<item><![CDATA[12.特权经验加成<font color='#80D019'>20%</font>]]></item> 
 		<item><![CDATA[13.每日领取<font color='#6CB0FF'>公爵特权礼包</font>]]></item> 
 		<item><![CDATA[14.可展示英灵，跟随玩家！]]></item> 
 		<item><![CDATA[15.修炼经验加成<font color='#80D019'>100%</font>]]></item> 
 		<item><![CDATA[16.开启<font color='#6CB4FF'>高级修炼</font>功能]]></item> 
 		<item><![CDATA[17.世界BOSS<font color='#6CB4FF'>自动战斗</font>]]></item> 
 		<item><![CDATA[]]></item> 
 		<item><![CDATA[]]></item> 
	</item>
	<item id="90006">
 		<item><![CDATA[1.有效期内免费使用<font color='#6CB0FF'>远程仓库及商店</font>功能]]></item> 
 		<item><![CDATA[2.额外获得少量体力值]]></item> 
 		<item><![CDATA[3.每日免费跳过战斗<font color='#80D019'>50次</font>]]></item> 
 		<item><![CDATA[4.每日免费传送次数<font color='#80D019'>20次</font>]]></item> 
 		<item><![CDATA[5.特权经验加成10%]]></item> 
 		<item><![CDATA[6.每日领取<font color='#6CB0FF'>骑士特权礼包</font>]]></item> 
 		<item><![CDATA[7.可展示英灵，跟随玩家！]]></item> 
 		<item><![CDATA[]]></item> 
 		<item><![CDATA[]]></item> 
 		<item><![CDATA[]]></item> 
 		<item><![CDATA[]]></item> 
 		<item><![CDATA[]]></item> 
 		<item><![CDATA[]]></item> 
 		<item><![CDATA[]]></item> 
 		<item><![CDATA[]]></item> 
 		<item><![CDATA[]]></item> 
 		<item><![CDATA[]]></item> 
 		<item><![CDATA[]]></item> 
 		<item><![CDATA[]]></item> 
	</item>
</items>