<data>
	<item level="0" type="2" key="2" value="1"/>
	<item level="0" type="3" key="2" value="2"/>
	<item level="0" type="3" key="3" value="20"/>
	<item level="1" type="1" key="43" value="20"/>
	<item level="1" type="1" key="44" value="20"/>
	<item level="1" type="1" key="45" value="20"/>
	<item level="1" type="1" key="46" value="20"/>
	<item level="1" type="1" key="47" value="20"/>
	<item level="1" type="2" key="1" value="1"/>
	<item level="1" type="2" key="2" value="1"/>
	<item level="1" type="2" key="3" value="1"/>
	<item level="1" type="2" key="4" value="1"/>
	<item level="1" type="2" key="5" value="1"/>
	<item level="1" type="3" key="1" value="10"/>
	<item level="1" type="3" key="2" value="3"/>
	<item level="1" type="3" key="3" value="30"/>
	<item level="2" type="1" key="43" value="20"/>
	<item level="2" type="1" key="44" value="20"/>
	<item level="2" type="1" key="45" value="20"/>
	<item level="2" type="1" key="46" value="20"/>
	<item level="2" type="1" key="47" value="20"/>
	<item level="2" type="2" key="1" value="1"/>
	<item level="2" type="2" key="2" value="1"/>
	<item level="2" type="2" key="3" value="1"/>
	<item level="2" type="2" key="4" value="1"/>
	<item level="2" type="2" key="5" value="1"/>
	<item level="2" type="3" key="1" value="12"/>
	<item level="2" type="3" key="2" value="3"/>
	<item level="2" type="3" key="3" value="40"/>
	<item level="3" type="1" key="43" value="30"/>
	<item level="3" type="1" key="44" value="30"/>
	<item level="3" type="1" key="45" value="30"/>
	<item level="3" type="1" key="46" value="30"/>
	<item level="3" type="1" key="47" value="30"/>
	<item level="3" type="2" key="1" value="1"/>
	<item level="3" type="2" key="2" value="1"/>
	<item level="3" type="2" key="3" value="1"/>
	<item level="3" type="2" key="4" value="1"/>
	<item level="3" type="2" key="5" value="1"/>
	<item level="3" type="3" key="1" value="15"/>
	<item level="3" type="3" key="2" value="3"/>
	<item level="3" type="3" key="3" value="50"/>
	<item level="4" type="1" key="43" value="30"/>
	<item level="4" type="1" key="44" value="30"/>
	<item level="4" type="1" key="45" value="30"/>
	<item level="4" type="1" key="46" value="30"/>
	<item level="4" type="1" key="47" value="30"/>
	<item level="4" type="2" key="1" value="1"/>
	<item level="4" type="2" key="2" value="1"/>
	<item level="4" type="2" key="3" value="1"/>
	<item level="4" type="2" key="4" value="1"/>
	<item level="4" type="2" key="5" value="1"/>
	<item level="4" type="3" key="1" value="18"/>
	<item level="4" type="3" key="2" value="3"/>
	<item level="4" type="3" key="3" value="60"/>
	<item level="4" type="2" key="6" value="1"/>
	<item level="4" type="2" key="7" value="1"/>
	<item level="5" type="1" key="43" value="40"/>
	<item level="5" type="1" key="44" value="40"/>
	<item level="5" type="1" key="45" value="40"/>
	<item level="5" type="1" key="46" value="40"/>
	<item level="5" type="1" key="47" value="40"/>
	<item level="5" type="2" key="1" value="1"/>
	<item level="5" type="2" key="2" value="1"/>
	<item level="5" type="2" key="3" value="1"/>
	<item level="5" type="2" key="4" value="1"/>
	<item level="5" type="2" key="5" value="1"/>
	<item level="5" type="3" key="1" value="20"/>
	<item level="5" type="3" key="2" value="4"/>
	<item level="5" type="3" key="3" value="70"/>
	<item level="5" type="2" key="6" value="1"/>
	<item level="5" type="2" key="7" value="1"/>
	<item level="6" type="1" key="43" value="20"/>
	<item level="6" type="1" key="44" value="20"/>
	<item level="6" type="1" key="45" value="20"/>
	<item level="6" type="1" key="46" value="20"/>
	<item level="6" type="1" key="47" value="20"/>
	<item level="6" type="2" key="1" value="1"/>
	<item level="6" type="2" key="2" value="1"/>
	<item level="6" type="2" key="3" value="1"/>
	<item level="6" type="2" key="4" value="1"/>
	<item level="6" type="2" key="5" value="1"/>
	<item level="6" type="3" key="1" value="10"/>
	<item level="6" type="3" key="2" value="3"/>
	<item level="6" type="3" key="3" value="30"/>
</data>