<items>
	<item exchange_id="930102" exchange_dec="描述啊描述" exchange_need_fragment="6"/>
	<item exchange_id="930109" exchange_dec="描述啊描述" exchange_need_fragment="6"/>
	<item exchange_id="930110" exchange_dec="描述啊描述" exchange_need_fragment="6"/>
	<item exchange_id="930111" exchange_dec="描述啊描述" exchange_need_fragment="6"/>
	<item exchange_id="930112" exchange_dec="描述啊描述" exchange_need_fragment="6"/>
	<item exchange_id="930121" exchange_dec="描述啊描述" exchange_need_fragment="6"/>
	<item exchange_id="930123" exchange_dec="描述啊描述" exchange_need_fragment="6"/>
	<item exchange_id="930122" exchange_dec="描述啊描述" exchange_need_fragment="6"/>
	<item exchange_id="930125" exchange_dec="描述啊描述" exchange_need_fragment="6"/>
	<item exchange_id="930127" exchange_dec="描述啊描述" exchange_need_fragment="6"/>
	<item exchange_id="930128" exchange_dec="描述啊描述" exchange_need_fragment="6"/>
</items>