<items>
	<item spirit_tid="900100" name="暗淡的羽灵" dec="暗淡无光的羽灵，可出售6000金币；" pic="900100" quality="0" level="1" attribute="0" attribute_value="0" exp="0" exp_levelup="0" sell="1" sell_money="6000" pickup="0" fight_value="0"/>
	<item spirit_tid="940102" name="不死火羽" dec="增加:生命+3000" pic="940102" quality="4" level="1" attribute="2" attribute_value="3000" exp="240" exp_levelup="1920" sell="1" sell_money="1000" pickup="1" fight_value="800"/>
	<item spirit_tid="940102" name="不死火羽" dec="增加:生命+6000" pic="940102" quality="4" level="2" attribute="2" attribute_value="6000" exp="240" exp_levelup="3840" sell="1" sell_money="1000" pickup="1" fight_value="800"/>
	<item spirit_tid="940102" name="不死火羽" dec="增加:生命+9000" pic="940102" quality="4" level="3" attribute="2" attribute_value="9000" exp="240" exp_levelup="7680" sell="1" sell_money="1000" pickup="1" fight_value="800"/>
	<item spirit_tid="940102" name="不死火羽" dec="增加:生命+12000" pic="940102" quality="4" level="4" attribute="2" attribute_value="12000" exp="240" exp_levelup="15360" sell="1" sell_money="1000" pickup="1" fight_value="800"/>
	<item spirit_tid="940102" name="不死火羽" dec="增加:生命+15000" pic="940102" quality="4" level="5" attribute="2" attribute_value="15000" exp="240" exp_levelup="30720" sell="1" sell_money="1000" pickup="1" fight_value="800"/>
	<item spirit_tid="940102" name="不死火羽" dec="增加:生命+18000" pic="940102" quality="4" level="6" attribute="2" attribute_value="18000" exp="240" exp_levelup="61440" sell="1" sell_money="1000" pickup="1" fight_value="800"/>
	<item spirit_tid="940102" name="不死火羽" dec="增加:生命+21000" pic="940102" quality="4" level="7" attribute="2" attribute_value="21000" exp="240" exp_levelup="122880" sell="1" sell_money="1000" pickup="1" fight_value="800"/>
	<item spirit_tid="940102" name="不死火羽" dec="增加:生命+24000" pic="940102" quality="4" level="8" attribute="2" attribute_value="24000" exp="240" exp_levelup="245760" sell="1" sell_money="1000" pickup="1" fight_value="800"/>
	<item spirit_tid="940102" name="不死火羽" dec="增加:生命+27000" pic="940102" quality="4" level="9" attribute="2" attribute_value="27000" exp="240" exp_levelup="368640" sell="1" sell_money="1000" pickup="1" fight_value="800"/>
	<item spirit_tid="940102" name="不死火羽" dec="增加:生命+30000" pic="940102" quality="4" level="10" attribute="2" attribute_value="30000" exp="240" exp_levelup="0" sell="1" sell_money="1000" pickup="1" fight_value="800"/>
	<item spirit_tid="940109" name="穿刺利羽" dec="增加:物理攻击+1000" pic="940109" quality="4" level="1" attribute="9" attribute_value="1000" exp="240" exp_levelup="1920" sell="1" sell_money="1000" pickup="1" fight_value="800"/>
	<item spirit_tid="940109" name="穿刺利羽" dec="增加:物理攻击+2000" pic="940109" quality="4" level="2" attribute="9" attribute_value="2000" exp="240" exp_levelup="3840" sell="1" sell_money="1000" pickup="1" fight_value="800"/>
	<item spirit_tid="940109" name="穿刺利羽" dec="增加:物理攻击+3000" pic="940109" quality="4" level="3" attribute="9" attribute_value="3000" exp="240" exp_levelup="7680" sell="1" sell_money="1000" pickup="1" fight_value="800"/>
	<item spirit_tid="940109" name="穿刺利羽" dec="增加:物理攻击+4000" pic="940109" quality="4" level="4" attribute="9" attribute_value="4000" exp="240" exp_levelup="15360" sell="1" sell_money="1000" pickup="1" fight_value="800"/>
	<item spirit_tid="940109" name="穿刺利羽" dec="增加:物理攻击+5000" pic="940109" quality="4" level="5" attribute="9" attribute_value="5000" exp="240" exp_levelup="30720" sell="1" sell_money="1000" pickup="1" fight_value="800"/>
	<item spirit_tid="940109" name="穿刺利羽" dec="增加:物理攻击+6000" pic="940109" quality="4" level="6" attribute="9" attribute_value="6000" exp="240" exp_levelup="61440" sell="1" sell_money="1000" pickup="1" fight_value="800"/>
	<item spirit_tid="940109" name="穿刺利羽" dec="增加:物理攻击+7000" pic="940109" quality="4" level="7" attribute="9" attribute_value="7000" exp="240" exp_levelup="122880" sell="1" sell_money="1000" pickup="1" fight_value="800"/>
	<item spirit_tid="940109" name="穿刺利羽" dec="增加:物理攻击+8000" pic="940109" quality="4" level="8" attribute="9" attribute_value="8000" exp="240" exp_levelup="245760" sell="1" sell_money="1000" pickup="1" fight_value="800"/>
	<item spirit_tid="940109" name="穿刺利羽" dec="增加:物理攻击+9000" pic="940109" quality="4" level="9" attribute="9" attribute_value="9000" exp="240" exp_levelup="368640" sell="1" sell_money="1000" pickup="1" fight_value="800"/>
	<item spirit_tid="940109" name="穿刺利羽" dec="增加:物理攻击+10000" pic="940109" quality="4" level="10" attribute="9" attribute_value="10000" exp="240" exp_levelup="0" sell="1" sell_money="1000" pickup="1" fight_value="800"/>
	<item spirit_tid="940110" name="不破石羽" dec="增加:物理防御+2000" pic="940110" quality="4" level="1" attribute="10" attribute_value="2000" exp="240" exp_levelup="1920" sell="1" sell_money="1000" pickup="1" fight_value="800"/>
	<item spirit_tid="940110" name="不破石羽" dec="增加:物理防御+4000" pic="940110" quality="4" level="2" attribute="10" attribute_value="4000" exp="240" exp_levelup="3840" sell="1" sell_money="1000" pickup="1" fight_value="800"/>
	<item spirit_tid="940110" name="不破石羽" dec="增加:物理防御+6000" pic="940110" quality="4" level="3" attribute="10" attribute_value="6000" exp="240" exp_levelup="7680" sell="1" sell_money="1000" pickup="1" fight_value="800"/>
	<item spirit_tid="940110" name="不破石羽" dec="增加:物理防御+8000" pic="940110" quality="4" level="4" attribute="10" attribute_value="8000" exp="240" exp_levelup="15360" sell="1" sell_money="1000" pickup="1" fight_value="800"/>
	<item spirit_tid="940110" name="不破石羽" dec="增加:物理防御+10000" pic="940110" quality="4" level="5" attribute="10" attribute_value="10000" exp="240" exp_levelup="30720" sell="1" sell_money="1000" pickup="1" fight_value="800"/>
	<item spirit_tid="940110" name="不破石羽" dec="增加:物理防御+12000" pic="940110" quality="4" level="6" attribute="10" attribute_value="12000" exp="240" exp_levelup="61440" sell="1" sell_money="1000" pickup="1" fight_value="800"/>
	<item spirit_tid="940110" name="不破石羽" dec="增加:物理防御+14000" pic="940110" quality="4" level="7" attribute="10" attribute_value="14000" exp="240" exp_levelup="122880" sell="1" sell_money="1000" pickup="1" fight_value="800"/>
	<item spirit_tid="940110" name="不破石羽" dec="增加:物理防御+16000" pic="940110" quality="4" level="8" attribute="10" attribute_value="16000" exp="240" exp_levelup="245760" sell="1" sell_money="1000" pickup="1" fight_value="800"/>
	<item spirit_tid="940110" name="不破石羽" dec="增加:物理防御+18000" pic="940110" quality="4" level="9" attribute="10" attribute_value="18000" exp="240" exp_levelup="368640" sell="1" sell_money="1000" pickup="1" fight_value="800"/>
	<item spirit_tid="940110" name="不破石羽" dec="增加:物理防御+20000" pic="940110" quality="4" level="10" attribute="10" attribute_value="20000" exp="240" exp_levelup="0" sell="1" sell_money="1000" pickup="1" fight_value="800"/>
	<item spirit_tid="940111" name="噬魂灵羽" dec="增加:法术攻击+1000" pic="940111" quality="4" level="1" attribute="11" attribute_value="1000" exp="240" exp_levelup="1920" sell="1" sell_money="1000" pickup="1" fight_value="800"/>
	<item spirit_tid="940111" name="噬魂灵羽" dec="增加:法术攻击+2000" pic="940111" quality="4" level="2" attribute="11" attribute_value="2000" exp="240" exp_levelup="3840" sell="1" sell_money="1000" pickup="1" fight_value="800"/>
	<item spirit_tid="940111" name="噬魂灵羽" dec="增加:法术攻击+3000" pic="940111" quality="4" level="3" attribute="11" attribute_value="3000" exp="240" exp_levelup="7680" sell="1" sell_money="1000" pickup="1" fight_value="800"/>
	<item spirit_tid="940111" name="噬魂灵羽" dec="增加:法术攻击+4000" pic="940111" quality="4" level="4" attribute="11" attribute_value="4000" exp="240" exp_levelup="15360" sell="1" sell_money="1000" pickup="1" fight_value="800"/>
	<item spirit_tid="940111" name="噬魂灵羽" dec="增加:法术攻击+5000" pic="940111" quality="4" level="5" attribute="11" attribute_value="5000" exp="240" exp_levelup="30720" sell="1" sell_money="1000" pickup="1" fight_value="800"/>
	<item spirit_tid="940111" name="噬魂灵羽" dec="增加:法术攻击+6000" pic="940111" quality="4" level="6" attribute="11" attribute_value="6000" exp="240" exp_levelup="61440" sell="1" sell_money="1000" pickup="1" fight_value="800"/>
	<item spirit_tid="940111" name="噬魂灵羽" dec="增加:法术攻击+7000" pic="940111" quality="4" level="7" attribute="11" attribute_value="7000" exp="240" exp_levelup="122880" sell="1" sell_money="1000" pickup="1" fight_value="800"/>
	<item spirit_tid="940111" name="噬魂灵羽" dec="增加:法术攻击+8000" pic="940111" quality="4" level="8" attribute="11" attribute_value="8000" exp="240" exp_levelup="245760" sell="1" sell_money="1000" pickup="1" fight_value="800"/>
	<item spirit_tid="940111" name="噬魂灵羽" dec="增加:法术攻击+9000" pic="940111" quality="4" level="9" attribute="11" attribute_value="9000" exp="240" exp_levelup="368640" sell="1" sell_money="1000" pickup="1" fight_value="800"/>
	<item spirit_tid="940111" name="噬魂灵羽" dec="增加:法术攻击+10000" pic="940111" quality="4" level="10" attribute="11" attribute_value="10000" exp="240" exp_levelup="0" sell="1" sell_money="1000" pickup="1" fight_value="800"/>
	<item spirit_tid="940112" name="净魔雪羽" dec="增加:法术防御+2000" pic="940112" quality="4" level="1" attribute="12" attribute_value="2000" exp="240" exp_levelup="1920" sell="1" sell_money="1000" pickup="1" fight_value="800"/>
	<item spirit_tid="940112" name="净魔雪羽" dec="增加:法术防御+4000" pic="940112" quality="4" level="2" attribute="12" attribute_value="4000" exp="240" exp_levelup="3840" sell="1" sell_money="1000" pickup="1" fight_value="800"/>
	<item spirit_tid="940112" name="净魔雪羽" dec="增加:法术防御+6000" pic="940112" quality="4" level="3" attribute="12" attribute_value="6000" exp="240" exp_levelup="7680" sell="1" sell_money="1000" pickup="1" fight_value="800"/>
	<item spirit_tid="940112" name="净魔雪羽" dec="增加:法术防御+8000" pic="940112" quality="4" level="4" attribute="12" attribute_value="8000" exp="240" exp_levelup="15360" sell="1" sell_money="1000" pickup="1" fight_value="800"/>
	<item spirit_tid="940112" name="净魔雪羽" dec="增加:法术防御+10000" pic="940112" quality="4" level="5" attribute="12" attribute_value="10000" exp="240" exp_levelup="30720" sell="1" sell_money="1000" pickup="1" fight_value="800"/>
	<item spirit_tid="940112" name="净魔雪羽" dec="增加:法术防御+12000" pic="940112" quality="4" level="6" attribute="12" attribute_value="12000" exp="240" exp_levelup="61440" sell="1" sell_money="1000" pickup="1" fight_value="800"/>
	<item spirit_tid="940112" name="净魔雪羽" dec="增加:法术防御+14000" pic="940112" quality="4" level="7" attribute="12" attribute_value="14000" exp="240" exp_levelup="122880" sell="1" sell_money="1000" pickup="1" fight_value="800"/>
	<item spirit_tid="940112" name="净魔雪羽" dec="增加:法术防御+16000" pic="940112" quality="4" level="8" attribute="12" attribute_value="16000" exp="240" exp_levelup="245760" sell="1" sell_money="1000" pickup="1" fight_value="800"/>
	<item spirit_tid="940112" name="净魔雪羽" dec="增加:法术防御+18000" pic="940112" quality="4" level="9" attribute="12" attribute_value="18000" exp="240" exp_levelup="368640" sell="1" sell_money="1000" pickup="1" fight_value="800"/>
	<item spirit_tid="940112" name="净魔雪羽" dec="增加:法术防御+20000" pic="940112" quality="4" level="10" attribute="12" attribute_value="20000" exp="240" exp_levelup="0" sell="1" sell_money="1000" pickup="1" fight_value="800"/>
	<item spirit_tid="940121" name="零中砂" dec="增加:物理命中率+90" pic="940121" quality="4" level="1" attribute="21" attribute_value="90" exp="240" exp_levelup="1920" sell="1" sell_money="1000" pickup="1" fight_value="800"/>
	<item spirit_tid="940121" name="零中砂" dec="增加:物理命中率+180" pic="940121" quality="4" level="2" attribute="21" attribute_value="180" exp="240" exp_levelup="3840" sell="1" sell_money="1000" pickup="1" fight_value="800"/>
	<item spirit_tid="940121" name="零中砂" dec="增加:物理命中率+270" pic="940121" quality="4" level="3" attribute="21" attribute_value="270" exp="240" exp_levelup="7680" sell="1" sell_money="1000" pickup="1" fight_value="800"/>
	<item spirit_tid="940121" name="零中砂" dec="增加:物理命中率+360" pic="940121" quality="4" level="4" attribute="21" attribute_value="360" exp="240" exp_levelup="15360" sell="1" sell_money="1000" pickup="1" fight_value="800"/>
	<item spirit_tid="940121" name="零中砂" dec="增加:物理命中率+450" pic="940121" quality="4" level="5" attribute="21" attribute_value="450" exp="240" exp_levelup="30720" sell="1" sell_money="1000" pickup="1" fight_value="800"/>
	<item spirit_tid="940121" name="零中砂" dec="增加:物理命中率+540" pic="940121" quality="4" level="6" attribute="21" attribute_value="540" exp="240" exp_levelup="61440" sell="1" sell_money="1000" pickup="1" fight_value="800"/>
	<item spirit_tid="940121" name="零中砂" dec="增加:物理命中率+630" pic="940121" quality="4" level="7" attribute="21" attribute_value="630" exp="240" exp_levelup="122880" sell="1" sell_money="1000" pickup="1" fight_value="800"/>
	<item spirit_tid="940121" name="零中砂" dec="增加:物理命中率+720" pic="940121" quality="4" level="8" attribute="21" attribute_value="720" exp="240" exp_levelup="245760" sell="1" sell_money="1000" pickup="1" fight_value="800"/>
	<item spirit_tid="940121" name="零中砂" dec="增加:物理命中率+810" pic="940121" quality="4" level="9" attribute="21" attribute_value="810" exp="240" exp_levelup="368640" sell="1" sell_money="1000" pickup="1" fight_value="800"/>
	<item spirit_tid="940121" name="零中砂" dec="增加:物理命中率+900" pic="940121" quality="4" level="10" attribute="21" attribute_value="900" exp="240" exp_levelup="0" sell="1" sell_money="1000" pickup="1" fight_value="800"/>
	<item spirit_tid="940123" name="蔽目遮" dec="增加:物理暴击率+90" pic="940123" quality="4" level="1" attribute="23" attribute_value="90" exp="240" exp_levelup="1920" sell="1" sell_money="1000" pickup="1" fight_value="800"/>
	<item spirit_tid="940123" name="蔽目遮" dec="增加:物理暴击率+180" pic="940123" quality="4" level="2" attribute="23" attribute_value="180" exp="240" exp_levelup="3840" sell="1" sell_money="1000" pickup="1" fight_value="800"/>
	<item spirit_tid="940123" name="蔽目遮" dec="增加:物理暴击率+270" pic="940123" quality="4" level="3" attribute="23" attribute_value="270" exp="240" exp_levelup="7680" sell="1" sell_money="1000" pickup="1" fight_value="800"/>
	<item spirit_tid="940123" name="蔽目遮" dec="增加:物理暴击率+360" pic="940123" quality="4" level="4" attribute="23" attribute_value="360" exp="240" exp_levelup="15360" sell="1" sell_money="1000" pickup="1" fight_value="800"/>
	<item spirit_tid="940123" name="蔽目遮" dec="增加:物理暴击率+450" pic="940123" quality="4" level="5" attribute="23" attribute_value="450" exp="240" exp_levelup="30720" sell="1" sell_money="1000" pickup="1" fight_value="800"/>
	<item spirit_tid="940123" name="蔽目遮" dec="增加:物理暴击率+540" pic="940123" quality="4" level="6" attribute="23" attribute_value="540" exp="240" exp_levelup="61440" sell="1" sell_money="1000" pickup="1" fight_value="800"/>
	<item spirit_tid="940123" name="蔽目遮" dec="增加:物理暴击率+630" pic="940123" quality="4" level="7" attribute="23" attribute_value="630" exp="240" exp_levelup="122880" sell="1" sell_money="1000" pickup="1" fight_value="800"/>
	<item spirit_tid="940123" name="蔽目遮" dec="增加:物理暴击率+720" pic="940123" quality="4" level="8" attribute="23" attribute_value="720" exp="240" exp_levelup="245760" sell="1" sell_money="1000" pickup="1" fight_value="800"/>
	<item spirit_tid="940123" name="蔽目遮" dec="增加:物理暴击率+810" pic="940123" quality="4" level="9" attribute="23" attribute_value="810" exp="240" exp_levelup="368640" sell="1" sell_money="1000" pickup="1" fight_value="800"/>
	<item spirit_tid="940123" name="蔽目遮" dec="增加:物理暴击率+900" pic="940123" quality="4" level="10" attribute="23" attribute_value="900" exp="240" exp_levelup="0" sell="1" sell_money="1000" pickup="1" fight_value="800"/>
	<item spirit_tid="940122" name="流泽" dec="增加:法术命中率+90" pic="940122" quality="4" level="1" attribute="22" attribute_value="90" exp="240" exp_levelup="1920" sell="1" sell_money="1000" pickup="1" fight_value="800"/>
	<item spirit_tid="940122" name="流泽" dec="增加:法术命中率+180" pic="940122" quality="4" level="2" attribute="22" attribute_value="180" exp="240" exp_levelup="3840" sell="1" sell_money="1000" pickup="1" fight_value="800"/>
	<item spirit_tid="940122" name="流泽" dec="增加:法术命中率+270" pic="940122" quality="4" level="3" attribute="22" attribute_value="270" exp="240" exp_levelup="7680" sell="1" sell_money="1000" pickup="1" fight_value="800"/>
	<item spirit_tid="940122" name="流泽" dec="增加:法术命中率+360" pic="940122" quality="4" level="4" attribute="22" attribute_value="360" exp="240" exp_levelup="15360" sell="1" sell_money="1000" pickup="1" fight_value="800"/>
	<item spirit_tid="940122" name="流泽" dec="增加:法术命中率+450" pic="940122" quality="4" level="5" attribute="22" attribute_value="450" exp="240" exp_levelup="30720" sell="1" sell_money="1000" pickup="1" fight_value="800"/>
	<item spirit_tid="940122" name="流泽" dec="增加:法术命中率+540" pic="940122" quality="4" level="6" attribute="22" attribute_value="540" exp="240" exp_levelup="61440" sell="1" sell_money="1000" pickup="1" fight_value="800"/>
	<item spirit_tid="940122" name="流泽" dec="增加:法术命中率+630" pic="940122" quality="4" level="7" attribute="22" attribute_value="630" exp="240" exp_levelup="122880" sell="1" sell_money="1000" pickup="1" fight_value="800"/>
	<item spirit_tid="940122" name="流泽" dec="增加:法术命中率+720" pic="940122" quality="4" level="8" attribute="22" attribute_value="720" exp="240" exp_levelup="245760" sell="1" sell_money="1000" pickup="1" fight_value="800"/>
	<item spirit_tid="940122" name="流泽" dec="增加:法术命中率+810" pic="940122" quality="4" level="9" attribute="22" attribute_value="810" exp="240" exp_levelup="368640" sell="1" sell_money="1000" pickup="1" fight_value="800"/>
	<item spirit_tid="940122" name="流泽" dec="增加:法术命中率+900" pic="940122" quality="4" level="10" attribute="22" attribute_value="900" exp="240" exp_levelup="0" sell="1" sell_money="1000" pickup="1" fight_value="800"/>
	<item spirit_tid="940125" name="针霖" dec="增加:法术暴击率+90" pic="940125" quality="4" level="1" attribute="25" attribute_value="90" exp="240" exp_levelup="1920" sell="1" sell_money="1000" pickup="1" fight_value="800"/>
	<item spirit_tid="940125" name="针霖" dec="增加:法术暴击率+180" pic="940125" quality="4" level="2" attribute="25" attribute_value="180" exp="240" exp_levelup="3840" sell="1" sell_money="1000" pickup="1" fight_value="800"/>
	<item spirit_tid="940125" name="针霖" dec="增加:法术暴击率+270" pic="940125" quality="4" level="3" attribute="25" attribute_value="270" exp="240" exp_levelup="7680" sell="1" sell_money="1000" pickup="1" fight_value="800"/>
	<item spirit_tid="940125" name="针霖" dec="增加:法术暴击率+360" pic="940125" quality="4" level="4" attribute="25" attribute_value="360" exp="240" exp_levelup="15360" sell="1" sell_money="1000" pickup="1" fight_value="800"/>
	<item spirit_tid="940125" name="针霖" dec="增加:法术暴击率+450" pic="940125" quality="4" level="5" attribute="25" attribute_value="450" exp="240" exp_levelup="30720" sell="1" sell_money="1000" pickup="1" fight_value="800"/>
	<item spirit_tid="940125" name="针霖" dec="增加:法术暴击率+540" pic="940125" quality="4" level="6" attribute="25" attribute_value="540" exp="240" exp_levelup="61440" sell="1" sell_money="1000" pickup="1" fight_value="800"/>
	<item spirit_tid="940125" name="针霖" dec="增加:法术暴击率+630" pic="940125" quality="4" level="7" attribute="25" attribute_value="630" exp="240" exp_levelup="122880" sell="1" sell_money="1000" pickup="1" fight_value="800"/>
	<item spirit_tid="940125" name="针霖" dec="增加:法术暴击率+720" pic="940125" quality="4" level="8" attribute="25" attribute_value="720" exp="240" exp_levelup="245760" sell="1" sell_money="1000" pickup="1" fight_value="800"/>
	<item spirit_tid="940125" name="针霖" dec="增加:法术暴击率+810" pic="940125" quality="4" level="9" attribute="25" attribute_value="810" exp="240" exp_levelup="368640" sell="1" sell_money="1000" pickup="1" fight_value="800"/>
	<item spirit_tid="940125" name="针霖" dec="增加:法术暴击率+900" pic="940125" quality="4" level="10" attribute="25" attribute_value="900" exp="240" exp_levelup="0" sell="1" sell_money="1000" pickup="1" fight_value="800"/>
	<item spirit_tid="940127" name="雾影" dec="增加:物理闪避率+90" pic="940127" quality="4" level="1" attribute="27" attribute_value="90" exp="240" exp_levelup="1920" sell="1" sell_money="1000" pickup="1" fight_value="800"/>
	<item spirit_tid="940127" name="雾影" dec="增加:物理闪避率+180" pic="940127" quality="4" level="2" attribute="27" attribute_value="180" exp="240" exp_levelup="3840" sell="1" sell_money="1000" pickup="1" fight_value="800"/>
	<item spirit_tid="940127" name="雾影" dec="增加:物理闪避率+270" pic="940127" quality="4" level="3" attribute="27" attribute_value="270" exp="240" exp_levelup="7680" sell="1" sell_money="1000" pickup="1" fight_value="800"/>
	<item spirit_tid="940127" name="雾影" dec="增加:物理闪避率+360" pic="940127" quality="4" level="4" attribute="27" attribute_value="360" exp="240" exp_levelup="15360" sell="1" sell_money="1000" pickup="1" fight_value="800"/>
	<item spirit_tid="940127" name="雾影" dec="增加:物理闪避率+450" pic="940127" quality="4" level="5" attribute="27" attribute_value="450" exp="240" exp_levelup="30720" sell="1" sell_money="1000" pickup="1" fight_value="800"/>
	<item spirit_tid="940127" name="雾影" dec="增加:物理闪避率+540" pic="940127" quality="4" level="6" attribute="27" attribute_value="540" exp="240" exp_levelup="61440" sell="1" sell_money="1000" pickup="1" fight_value="800"/>
	<item spirit_tid="940127" name="雾影" dec="增加:物理闪避率+630" pic="940127" quality="4" level="7" attribute="27" attribute_value="630" exp="240" exp_levelup="122880" sell="1" sell_money="1000" pickup="1" fight_value="800"/>
	<item spirit_tid="940127" name="雾影" dec="增加:物理闪避率+720" pic="940127" quality="4" level="8" attribute="27" attribute_value="720" exp="240" exp_levelup="245760" sell="1" sell_money="1000" pickup="1" fight_value="800"/>
	<item spirit_tid="940127" name="雾影" dec="增加:物理闪避率+810" pic="940127" quality="4" level="9" attribute="27" attribute_value="810" exp="240" exp_levelup="368640" sell="1" sell_money="1000" pickup="1" fight_value="800"/>
	<item spirit_tid="940127" name="雾影" dec="增加:物理闪避率+900" pic="940127" quality="4" level="10" attribute="27" attribute_value="900" exp="240" exp_levelup="0" sell="1" sell_money="1000" pickup="1" fight_value="800"/>
	<item spirit_tid="940128" name="神隐" dec="增加:法术闪避率+90" pic="940128" quality="4" level="1" attribute="28" attribute_value="90" exp="240" exp_levelup="1920" sell="1" sell_money="1000" pickup="1" fight_value="800"/>
	<item spirit_tid="940128" name="神隐" dec="增加:法术闪避率+180" pic="940128" quality="4" level="2" attribute="28" attribute_value="180" exp="240" exp_levelup="3840" sell="1" sell_money="1000" pickup="1" fight_value="800"/>
	<item spirit_tid="940128" name="神隐" dec="增加:法术闪避率+270" pic="940128" quality="4" level="3" attribute="28" attribute_value="270" exp="240" exp_levelup="7680" sell="1" sell_money="1000" pickup="1" fight_value="800"/>
	<item spirit_tid="940128" name="神隐" dec="增加:法术闪避率+360" pic="940128" quality="4" level="4" attribute="28" attribute_value="360" exp="240" exp_levelup="15360" sell="1" sell_money="1000" pickup="1" fight_value="800"/>
	<item spirit_tid="940128" name="神隐" dec="增加:法术闪避率+450" pic="940128" quality="4" level="5" attribute="28" attribute_value="450" exp="240" exp_levelup="30720" sell="1" sell_money="1000" pickup="1" fight_value="800"/>
	<item spirit_tid="940128" name="神隐" dec="增加:法术闪避率+540" pic="940128" quality="4" level="6" attribute="28" attribute_value="540" exp="240" exp_levelup="61440" sell="1" sell_money="1000" pickup="1" fight_value="800"/>
	<item spirit_tid="940128" name="神隐" dec="增加:法术闪避率+630" pic="940128" quality="4" level="7" attribute="28" attribute_value="630" exp="240" exp_levelup="122880" sell="1" sell_money="1000" pickup="1" fight_value="800"/>
	<item spirit_tid="940128" name="神隐" dec="增加:法术闪避率+720" pic="940128" quality="4" level="8" attribute="28" attribute_value="720" exp="240" exp_levelup="245760" sell="1" sell_money="1000" pickup="1" fight_value="800"/>
	<item spirit_tid="940128" name="神隐" dec="增加:法术闪避率+810" pic="940128" quality="4" level="9" attribute="28" attribute_value="810" exp="240" exp_levelup="368640" sell="1" sell_money="1000" pickup="1" fight_value="800"/>
	<item spirit_tid="940128" name="神隐" dec="增加:法术闪避率+900" pic="940128" quality="4" level="10" attribute="28" attribute_value="900" exp="240" exp_levelup="0" sell="1" sell_money="1000" pickup="1" fight_value="800"/>
	<item spirit_tid="930102" name="地脉之源" dec="增加:生命+1500" pic="930102" quality="3" level="1" attribute="2" attribute_value="1500" exp="120" exp_levelup="960" sell="1" sell_money="1000" pickup="1" fight_value="400"/>
	<item spirit_tid="930102" name="地脉之源" dec="增加:生命+3000" pic="930102" quality="3" level="2" attribute="2" attribute_value="3000" exp="120" exp_levelup="1920" sell="1" sell_money="1000" pickup="1" fight_value="400"/>
	<item spirit_tid="930102" name="地脉之源" dec="增加:生命+4500" pic="930102" quality="3" level="3" attribute="2" attribute_value="4500" exp="120" exp_levelup="3840" sell="1" sell_money="1000" pickup="1" fight_value="400"/>
	<item spirit_tid="930102" name="地脉之源" dec="增加:生命+6000" pic="930102" quality="3" level="4" attribute="2" attribute_value="6000" exp="120" exp_levelup="7680" sell="1" sell_money="1000" pickup="1" fight_value="400"/>
	<item spirit_tid="930102" name="地脉之源" dec="增加:生命+7500" pic="930102" quality="3" level="5" attribute="2" attribute_value="7500" exp="120" exp_levelup="15360" sell="1" sell_money="1000" pickup="1" fight_value="400"/>
	<item spirit_tid="930102" name="地脉之源" dec="增加:生命+9000" pic="930102" quality="3" level="6" attribute="2" attribute_value="9000" exp="120" exp_levelup="30720" sell="1" sell_money="1000" pickup="1" fight_value="400"/>
	<item spirit_tid="930102" name="地脉之源" dec="增加:生命+10500" pic="930102" quality="3" level="7" attribute="2" attribute_value="10500" exp="120" exp_levelup="61440" sell="1" sell_money="1000" pickup="1" fight_value="400"/>
	<item spirit_tid="930102" name="地脉之源" dec="增加:生命+12000" pic="930102" quality="3" level="8" attribute="2" attribute_value="12000" exp="120" exp_levelup="122880" sell="1" sell_money="1000" pickup="1" fight_value="400"/>
	<item spirit_tid="930102" name="地脉之源" dec="增加:生命+13500" pic="930102" quality="3" level="9" attribute="2" attribute_value="13500" exp="120" exp_levelup="184320" sell="1" sell_money="1000" pickup="1" fight_value="400"/>
	<item spirit_tid="930102" name="地脉之源" dec="增加:生命+15000" pic="930102" quality="3" level="10" attribute="2" attribute_value="15000" exp="120" exp_levelup="0" sell="1" sell_money="1000" pickup="1" fight_value="400"/>
	<item spirit_tid="930109" name="胜利之剑" dec="增加:物理攻击+500" pic="930109" quality="3" level="1" attribute="9" attribute_value="500" exp="120" exp_levelup="960" sell="1" sell_money="1000" pickup="1" fight_value="400"/>
	<item spirit_tid="930109" name="胜利之剑" dec="增加:物理攻击+1000" pic="930109" quality="3" level="2" attribute="9" attribute_value="1000" exp="120" exp_levelup="1920" sell="1" sell_money="1000" pickup="1" fight_value="400"/>
	<item spirit_tid="930109" name="胜利之剑" dec="增加:物理攻击+1500" pic="930109" quality="3" level="3" attribute="9" attribute_value="1500" exp="120" exp_levelup="3840" sell="1" sell_money="1000" pickup="1" fight_value="400"/>
	<item spirit_tid="930109" name="胜利之剑" dec="增加:物理攻击+2000" pic="930109" quality="3" level="4" attribute="9" attribute_value="2000" exp="120" exp_levelup="7680" sell="1" sell_money="1000" pickup="1" fight_value="400"/>
	<item spirit_tid="930109" name="胜利之剑" dec="增加:物理攻击+2500" pic="930109" quality="3" level="5" attribute="9" attribute_value="2500" exp="120" exp_levelup="15360" sell="1" sell_money="1000" pickup="1" fight_value="400"/>
	<item spirit_tid="930109" name="胜利之剑" dec="增加:物理攻击+3000" pic="930109" quality="3" level="6" attribute="9" attribute_value="3000" exp="120" exp_levelup="30720" sell="1" sell_money="1000" pickup="1" fight_value="400"/>
	<item spirit_tid="930109" name="胜利之剑" dec="增加:物理攻击+3500" pic="930109" quality="3" level="7" attribute="9" attribute_value="3500" exp="120" exp_levelup="61440" sell="1" sell_money="1000" pickup="1" fight_value="400"/>
	<item spirit_tid="930109" name="胜利之剑" dec="增加:物理攻击+4000" pic="930109" quality="3" level="8" attribute="9" attribute_value="4000" exp="120" exp_levelup="122880" sell="1" sell_money="1000" pickup="1" fight_value="400"/>
	<item spirit_tid="930109" name="胜利之剑" dec="增加:物理攻击+4500" pic="930109" quality="3" level="9" attribute="9" attribute_value="4500" exp="120" exp_levelup="184320" sell="1" sell_money="1000" pickup="1" fight_value="400"/>
	<item spirit_tid="930109" name="胜利之剑" dec="增加:物理攻击+5000" pic="930109" quality="3" level="10" attribute="9" attribute_value="5000" exp="120" exp_levelup="0" sell="1" sell_money="1000" pickup="1" fight_value="400"/>
	<item spirit_tid="930110" name="誓约之墙" dec="增加:物理防御+1000" pic="930110" quality="3" level="1" attribute="10" attribute_value="1000" exp="120" exp_levelup="960" sell="1" sell_money="1000" pickup="1" fight_value="400"/>
	<item spirit_tid="930110" name="誓约之墙" dec="增加:物理防御+2000" pic="930110" quality="3" level="2" attribute="10" attribute_value="2000" exp="120" exp_levelup="1920" sell="1" sell_money="1000" pickup="1" fight_value="400"/>
	<item spirit_tid="930110" name="誓约之墙" dec="增加:物理防御+3000" pic="930110" quality="3" level="3" attribute="10" attribute_value="3000" exp="120" exp_levelup="3840" sell="1" sell_money="1000" pickup="1" fight_value="400"/>
	<item spirit_tid="930110" name="誓约之墙" dec="增加:物理防御+4000" pic="930110" quality="3" level="4" attribute="10" attribute_value="4000" exp="120" exp_levelup="7680" sell="1" sell_money="1000" pickup="1" fight_value="400"/>
	<item spirit_tid="930110" name="誓约之墙" dec="增加:物理防御+5000" pic="930110" quality="3" level="5" attribute="10" attribute_value="5000" exp="120" exp_levelup="15360" sell="1" sell_money="1000" pickup="1" fight_value="400"/>
	<item spirit_tid="930110" name="誓约之墙" dec="增加:物理防御+6000" pic="930110" quality="3" level="6" attribute="10" attribute_value="6000" exp="120" exp_levelup="30720" sell="1" sell_money="1000" pickup="1" fight_value="400"/>
	<item spirit_tid="930110" name="誓约之墙" dec="增加:物理防御+7000" pic="930110" quality="3" level="7" attribute="10" attribute_value="7000" exp="120" exp_levelup="61440" sell="1" sell_money="1000" pickup="1" fight_value="400"/>
	<item spirit_tid="930110" name="誓约之墙" dec="增加:物理防御+8000" pic="930110" quality="3" level="8" attribute="10" attribute_value="8000" exp="120" exp_levelup="122880" sell="1" sell_money="1000" pickup="1" fight_value="400"/>
	<item spirit_tid="930110" name="誓约之墙" dec="增加:物理防御+9000" pic="930110" quality="3" level="9" attribute="10" attribute_value="9000" exp="120" exp_levelup="184320" sell="1" sell_money="1000" pickup="1" fight_value="400"/>
	<item spirit_tid="930110" name="誓约之墙" dec="增加:物理防御+10000" pic="930110" quality="3" level="10" attribute="10" attribute_value="10000" exp="120" exp_levelup="0" sell="1" sell_money="1000" pickup="1" fight_value="400"/>
	<item spirit_tid="930111" name="漫天之雨" dec="增加:法术攻击+500" pic="930111" quality="3" level="1" attribute="11" attribute_value="500" exp="120" exp_levelup="960" sell="1" sell_money="1000" pickup="1" fight_value="400"/>
	<item spirit_tid="930111" name="漫天之雨" dec="增加:法术攻击+1000" pic="930111" quality="3" level="2" attribute="11" attribute_value="1000" exp="120" exp_levelup="1920" sell="1" sell_money="1000" pickup="1" fight_value="400"/>
	<item spirit_tid="930111" name="漫天之雨" dec="增加:法术攻击+1500" pic="930111" quality="3" level="3" attribute="11" attribute_value="1500" exp="120" exp_levelup="3840" sell="1" sell_money="1000" pickup="1" fight_value="400"/>
	<item spirit_tid="930111" name="漫天之雨" dec="增加:法术攻击+2000" pic="930111" quality="3" level="4" attribute="11" attribute_value="2000" exp="120" exp_levelup="7680" sell="1" sell_money="1000" pickup="1" fight_value="400"/>
	<item spirit_tid="930111" name="漫天之雨" dec="增加:法术攻击+2500" pic="930111" quality="3" level="5" attribute="11" attribute_value="2500" exp="120" exp_levelup="15360" sell="1" sell_money="1000" pickup="1" fight_value="400"/>
	<item spirit_tid="930111" name="漫天之雨" dec="增加:法术攻击+3000" pic="930111" quality="3" level="6" attribute="11" attribute_value="3000" exp="120" exp_levelup="30720" sell="1" sell_money="1000" pickup="1" fight_value="400"/>
	<item spirit_tid="930111" name="漫天之雨" dec="增加:法术攻击+3500" pic="930111" quality="3" level="7" attribute="11" attribute_value="3500" exp="120" exp_levelup="61440" sell="1" sell_money="1000" pickup="1" fight_value="400"/>
	<item spirit_tid="930111" name="漫天之雨" dec="增加:法术攻击+4000" pic="930111" quality="3" level="8" attribute="11" attribute_value="4000" exp="120" exp_levelup="122880" sell="1" sell_money="1000" pickup="1" fight_value="400"/>
	<item spirit_tid="930111" name="漫天之雨" dec="增加:法术攻击+4500" pic="930111" quality="3" level="9" attribute="11" attribute_value="4500" exp="120" exp_levelup="184320" sell="1" sell_money="1000" pickup="1" fight_value="400"/>
	<item spirit_tid="930111" name="漫天之雨" dec="增加:法术攻击+5000" pic="930111" quality="3" level="10" attribute="11" attribute_value="5000" exp="120" exp_levelup="0" sell="1" sell_money="1000" pickup="1" fight_value="400"/>
	<item spirit_tid="930112" name="无隙之风" dec="增加:法术防御+1000" pic="930112" quality="3" level="1" attribute="12" attribute_value="1000" exp="120" exp_levelup="960" sell="1" sell_money="1000" pickup="1" fight_value="400"/>
	<item spirit_tid="930112" name="无隙之风" dec="增加:法术防御+2000" pic="930112" quality="3" level="2" attribute="12" attribute_value="2000" exp="120" exp_levelup="1920" sell="1" sell_money="1000" pickup="1" fight_value="400"/>
	<item spirit_tid="930112" name="无隙之风" dec="增加:法术防御+3000" pic="930112" quality="3" level="3" attribute="12" attribute_value="3000" exp="120" exp_levelup="3840" sell="1" sell_money="1000" pickup="1" fight_value="400"/>
	<item spirit_tid="930112" name="无隙之风" dec="增加:法术防御+4000" pic="930112" quality="3" level="4" attribute="12" attribute_value="4000" exp="120" exp_levelup="7680" sell="1" sell_money="1000" pickup="1" fight_value="400"/>
	<item spirit_tid="930112" name="无隙之风" dec="增加:法术防御+5000" pic="930112" quality="3" level="5" attribute="12" attribute_value="5000" exp="120" exp_levelup="15360" sell="1" sell_money="1000" pickup="1" fight_value="400"/>
	<item spirit_tid="930112" name="无隙之风" dec="增加:法术防御+6000" pic="930112" quality="3" level="6" attribute="12" attribute_value="6000" exp="120" exp_levelup="30720" sell="1" sell_money="1000" pickup="1" fight_value="400"/>
	<item spirit_tid="930112" name="无隙之风" dec="增加:法术防御+7000" pic="930112" quality="3" level="7" attribute="12" attribute_value="7000" exp="120" exp_levelup="61440" sell="1" sell_money="1000" pickup="1" fight_value="400"/>
	<item spirit_tid="930112" name="无隙之风" dec="增加:法术防御+8000" pic="930112" quality="3" level="8" attribute="12" attribute_value="8000" exp="120" exp_levelup="122880" sell="1" sell_money="1000" pickup="1" fight_value="400"/>
	<item spirit_tid="930112" name="无隙之风" dec="增加:法术防御+9000" pic="930112" quality="3" level="9" attribute="12" attribute_value="9000" exp="120" exp_levelup="184320" sell="1" sell_money="1000" pickup="1" fight_value="400"/>
	<item spirit_tid="930112" name="无隙之风" dec="增加:法术防御+10000" pic="930112" quality="3" level="10" attribute="12" attribute_value="10000" exp="120" exp_levelup="0" sell="1" sell_money="1000" pickup="1" fight_value="400"/>
	<item spirit_tid="930121" name="衔尾之刺" dec="增加:物理命中率+45" pic="930121" quality="3" level="1" attribute="21" attribute_value="45" exp="120" exp_levelup="960" sell="1" sell_money="1000" pickup="1" fight_value="400"/>
	<item spirit_tid="930121" name="衔尾之刺" dec="增加:物理命中率+90" pic="930121" quality="3" level="2" attribute="21" attribute_value="90" exp="120" exp_levelup="1920" sell="1" sell_money="1000" pickup="1" fight_value="400"/>
	<item spirit_tid="930121" name="衔尾之刺" dec="增加:物理命中率+135" pic="930121" quality="3" level="3" attribute="21" attribute_value="135" exp="120" exp_levelup="3840" sell="1" sell_money="1000" pickup="1" fight_value="400"/>
	<item spirit_tid="930121" name="衔尾之刺" dec="增加:物理命中率+180" pic="930121" quality="3" level="4" attribute="21" attribute_value="180" exp="120" exp_levelup="7680" sell="1" sell_money="1000" pickup="1" fight_value="400"/>
	<item spirit_tid="930121" name="衔尾之刺" dec="增加:物理命中率+225" pic="930121" quality="3" level="5" attribute="21" attribute_value="225" exp="120" exp_levelup="15360" sell="1" sell_money="1000" pickup="1" fight_value="400"/>
	<item spirit_tid="930121" name="衔尾之刺" dec="增加:物理命中率+270" pic="930121" quality="3" level="6" attribute="21" attribute_value="270" exp="120" exp_levelup="30720" sell="1" sell_money="1000" pickup="1" fight_value="400"/>
	<item spirit_tid="930121" name="衔尾之刺" dec="增加:物理命中率+315" pic="930121" quality="3" level="7" attribute="21" attribute_value="315" exp="120" exp_levelup="61440" sell="1" sell_money="1000" pickup="1" fight_value="400"/>
	<item spirit_tid="930121" name="衔尾之刺" dec="增加:物理命中率+360" pic="930121" quality="3" level="8" attribute="21" attribute_value="360" exp="120" exp_levelup="122880" sell="1" sell_money="1000" pickup="1" fight_value="400"/>
	<item spirit_tid="930121" name="衔尾之刺" dec="增加:物理命中率+405" pic="930121" quality="3" level="9" attribute="21" attribute_value="405" exp="120" exp_levelup="184320" sell="1" sell_money="1000" pickup="1" fight_value="400"/>
	<item spirit_tid="930121" name="衔尾之刺" dec="增加:物理命中率+450" pic="930121" quality="3" level="10" attribute="21" attribute_value="450" exp="120" exp_levelup="0" sell="1" sell_money="1000" pickup="1" fight_value="400"/>
	<item spirit_tid="930123" name="追迹之眼" dec="增加:物理暴击率+45" pic="930123" quality="3" level="1" attribute="23" attribute_value="45" exp="120" exp_levelup="960" sell="1" sell_money="1000" pickup="1" fight_value="400"/>
	<item spirit_tid="930123" name="追迹之眼" dec="增加:物理暴击率+90" pic="930123" quality="3" level="2" attribute="23" attribute_value="90" exp="120" exp_levelup="1920" sell="1" sell_money="1000" pickup="1" fight_value="400"/>
	<item spirit_tid="930123" name="追迹之眼" dec="增加:物理暴击率+135" pic="930123" quality="3" level="3" attribute="23" attribute_value="135" exp="120" exp_levelup="3840" sell="1" sell_money="1000" pickup="1" fight_value="400"/>
	<item spirit_tid="930123" name="追迹之眼" dec="增加:物理暴击率+180" pic="930123" quality="3" level="4" attribute="23" attribute_value="180" exp="120" exp_levelup="7680" sell="1" sell_money="1000" pickup="1" fight_value="400"/>
	<item spirit_tid="930123" name="追迹之眼" dec="增加:物理暴击率+225" pic="930123" quality="3" level="5" attribute="23" attribute_value="225" exp="120" exp_levelup="15360" sell="1" sell_money="1000" pickup="1" fight_value="400"/>
	<item spirit_tid="930123" name="追迹之眼" dec="增加:物理暴击率+270" pic="930123" quality="3" level="6" attribute="23" attribute_value="270" exp="120" exp_levelup="30720" sell="1" sell_money="1000" pickup="1" fight_value="400"/>
	<item spirit_tid="930123" name="追迹之眼" dec="增加:物理暴击率+315" pic="930123" quality="3" level="7" attribute="23" attribute_value="315" exp="120" exp_levelup="61440" sell="1" sell_money="1000" pickup="1" fight_value="400"/>
	<item spirit_tid="930123" name="追迹之眼" dec="增加:物理暴击率+360" pic="930123" quality="3" level="8" attribute="23" attribute_value="360" exp="120" exp_levelup="122880" sell="1" sell_money="1000" pickup="1" fight_value="400"/>
	<item spirit_tid="930123" name="追迹之眼" dec="增加:物理暴击率+405" pic="930123" quality="3" level="9" attribute="23" attribute_value="405" exp="120" exp_levelup="184320" sell="1" sell_money="1000" pickup="1" fight_value="400"/>
	<item spirit_tid="930123" name="追迹之眼" dec="增加:物理暴击率+450" pic="930123" quality="3" level="10" attribute="23" attribute_value="450" exp="120" exp_levelup="0" sell="1" sell_money="1000" pickup="1" fight_value="400"/>
	<item spirit_tid="930122" name="嗜血之牙" dec="增加:法术命中率+45" pic="930122" quality="3" level="1" attribute="22" attribute_value="45" exp="120" exp_levelup="960" sell="1" sell_money="1000" pickup="1" fight_value="400"/>
	<item spirit_tid="930122" name="嗜血之牙" dec="增加:法术命中率+90" pic="930122" quality="3" level="2" attribute="22" attribute_value="90" exp="120" exp_levelup="1920" sell="1" sell_money="1000" pickup="1" fight_value="400"/>
	<item spirit_tid="930122" name="嗜血之牙" dec="增加:法术命中率+135" pic="930122" quality="3" level="3" attribute="22" attribute_value="135" exp="120" exp_levelup="3840" sell="1" sell_money="1000" pickup="1" fight_value="400"/>
	<item spirit_tid="930122" name="嗜血之牙" dec="增加:法术命中率+180" pic="930122" quality="3" level="4" attribute="22" attribute_value="180" exp="120" exp_levelup="7680" sell="1" sell_money="1000" pickup="1" fight_value="400"/>
	<item spirit_tid="930122" name="嗜血之牙" dec="增加:法术命中率+225" pic="930122" quality="3" level="5" attribute="22" attribute_value="225" exp="120" exp_levelup="15360" sell="1" sell_money="1000" pickup="1" fight_value="400"/>
	<item spirit_tid="930122" name="嗜血之牙" dec="增加:法术命中率+270" pic="930122" quality="3" level="6" attribute="22" attribute_value="270" exp="120" exp_levelup="30720" sell="1" sell_money="1000" pickup="1" fight_value="400"/>
	<item spirit_tid="930122" name="嗜血之牙" dec="增加:法术命中率+315" pic="930122" quality="3" level="7" attribute="22" attribute_value="315" exp="120" exp_levelup="61440" sell="1" sell_money="1000" pickup="1" fight_value="400"/>
	<item spirit_tid="930122" name="嗜血之牙" dec="增加:法术命中率+360" pic="930122" quality="3" level="8" attribute="22" attribute_value="360" exp="120" exp_levelup="122880" sell="1" sell_money="1000" pickup="1" fight_value="400"/>
	<item spirit_tid="930122" name="嗜血之牙" dec="增加:法术命中率+405" pic="930122" quality="3" level="9" attribute="22" attribute_value="405" exp="120" exp_levelup="184320" sell="1" sell_money="1000" pickup="1" fight_value="400"/>
	<item spirit_tid="930122" name="嗜血之牙" dec="增加:法术命中率+450" pic="930122" quality="3" level="10" attribute="22" attribute_value="450" exp="120" exp_levelup="0" sell="1" sell_money="1000" pickup="1" fight_value="400"/>
	<item spirit_tid="930125" name="激流之瀑" dec="增加:法术暴击率+45" pic="930125" quality="3" level="1" attribute="25" attribute_value="45" exp="120" exp_levelup="960" sell="1" sell_money="1000" pickup="1" fight_value="400"/>
	<item spirit_tid="930125" name="激流之瀑" dec="增加:法术暴击率+90" pic="930125" quality="3" level="2" attribute="25" attribute_value="90" exp="120" exp_levelup="1920" sell="1" sell_money="1000" pickup="1" fight_value="400"/>
	<item spirit_tid="930125" name="激流之瀑" dec="增加:法术暴击率+135" pic="930125" quality="3" level="3" attribute="25" attribute_value="135" exp="120" exp_levelup="3840" sell="1" sell_money="1000" pickup="1" fight_value="400"/>
	<item spirit_tid="930125" name="激流之瀑" dec="增加:法术暴击率+180" pic="930125" quality="3" level="4" attribute="25" attribute_value="180" exp="120" exp_levelup="7680" sell="1" sell_money="1000" pickup="1" fight_value="400"/>
	<item spirit_tid="930125" name="激流之瀑" dec="增加:法术暴击率+225" pic="930125" quality="3" level="5" attribute="25" attribute_value="225" exp="120" exp_levelup="15360" sell="1" sell_money="1000" pickup="1" fight_value="400"/>
	<item spirit_tid="930125" name="激流之瀑" dec="增加:法术暴击率+270" pic="930125" quality="3" level="6" attribute="25" attribute_value="270" exp="120" exp_levelup="30720" sell="1" sell_money="1000" pickup="1" fight_value="400"/>
	<item spirit_tid="930125" name="激流之瀑" dec="增加:法术暴击率+315" pic="930125" quality="3" level="7" attribute="25" attribute_value="315" exp="120" exp_levelup="61440" sell="1" sell_money="1000" pickup="1" fight_value="400"/>
	<item spirit_tid="930125" name="激流之瀑" dec="增加:法术暴击率+360" pic="930125" quality="3" level="8" attribute="25" attribute_value="360" exp="120" exp_levelup="122880" sell="1" sell_money="1000" pickup="1" fight_value="400"/>
	<item spirit_tid="930125" name="激流之瀑" dec="增加:法术暴击率+405" pic="930125" quality="3" level="9" attribute="25" attribute_value="405" exp="120" exp_levelup="184320" sell="1" sell_money="1000" pickup="1" fight_value="400"/>
	<item spirit_tid="930125" name="激流之瀑" dec="增加:法术暴击率+450" pic="930125" quality="3" level="10" attribute="25" attribute_value="450" exp="120" exp_levelup="0" sell="1" sell_money="1000" pickup="1" fight_value="400"/>
	<item spirit_tid="930127" name="迷踪之谷" dec="增加:物理闪避率+45" pic="930127" quality="3" level="1" attribute="27" attribute_value="45" exp="120" exp_levelup="960" sell="1" sell_money="1000" pickup="1" fight_value="400"/>
	<item spirit_tid="930127" name="迷踪之谷" dec="增加:物理闪避率+90" pic="930127" quality="3" level="2" attribute="27" attribute_value="90" exp="120" exp_levelup="1920" sell="1" sell_money="1000" pickup="1" fight_value="400"/>
	<item spirit_tid="930127" name="迷踪之谷" dec="增加:物理闪避率+135" pic="930127" quality="3" level="3" attribute="27" attribute_value="135" exp="120" exp_levelup="3840" sell="1" sell_money="1000" pickup="1" fight_value="400"/>
	<item spirit_tid="930127" name="迷踪之谷" dec="增加:物理闪避率+180" pic="930127" quality="3" level="4" attribute="27" attribute_value="180" exp="120" exp_levelup="7680" sell="1" sell_money="1000" pickup="1" fight_value="400"/>
	<item spirit_tid="930127" name="迷踪之谷" dec="增加:物理闪避率+225" pic="930127" quality="3" level="5" attribute="27" attribute_value="225" exp="120" exp_levelup="15360" sell="1" sell_money="1000" pickup="1" fight_value="400"/>
	<item spirit_tid="930127" name="迷踪之谷" dec="增加:物理闪避率+270" pic="930127" quality="3" level="6" attribute="27" attribute_value="270" exp="120" exp_levelup="30720" sell="1" sell_money="1000" pickup="1" fight_value="400"/>
	<item spirit_tid="930127" name="迷踪之谷" dec="增加:物理闪避率+315" pic="930127" quality="3" level="7" attribute="27" attribute_value="315" exp="120" exp_levelup="61440" sell="1" sell_money="1000" pickup="1" fight_value="400"/>
	<item spirit_tid="930127" name="迷踪之谷" dec="增加:物理闪避率+360" pic="930127" quality="3" level="8" attribute="27" attribute_value="360" exp="120" exp_levelup="122880" sell="1" sell_money="1000" pickup="1" fight_value="400"/>
	<item spirit_tid="930127" name="迷踪之谷" dec="增加:物理闪避率+405" pic="930127" quality="3" level="9" attribute="27" attribute_value="405" exp="120" exp_levelup="184320" sell="1" sell_money="1000" pickup="1" fight_value="400"/>
	<item spirit_tid="930127" name="迷踪之谷" dec="增加:物理闪避率+450" pic="930127" quality="3" level="10" attribute="27" attribute_value="450" exp="120" exp_levelup="0" sell="1" sell_money="1000" pickup="1" fight_value="400"/>
	<item spirit_tid="930128" name="灵隐之泉" dec="增加:法术闪避率+45" pic="930128" quality="3" level="1" attribute="28" attribute_value="45" exp="120" exp_levelup="960" sell="1" sell_money="1000" pickup="1" fight_value="400"/>
	<item spirit_tid="930128" name="灵隐之泉" dec="增加:法术闪避率+90" pic="930128" quality="3" level="2" attribute="28" attribute_value="90" exp="120" exp_levelup="1920" sell="1" sell_money="1000" pickup="1" fight_value="400"/>
	<item spirit_tid="930128" name="灵隐之泉" dec="增加:法术闪避率+135" pic="930128" quality="3" level="3" attribute="28" attribute_value="135" exp="120" exp_levelup="3840" sell="1" sell_money="1000" pickup="1" fight_value="400"/>
	<item spirit_tid="930128" name="灵隐之泉" dec="增加:法术闪避率+180" pic="930128" quality="3" level="4" attribute="28" attribute_value="180" exp="120" exp_levelup="7680" sell="1" sell_money="1000" pickup="1" fight_value="400"/>
	<item spirit_tid="930128" name="灵隐之泉" dec="增加:法术闪避率+225" pic="930128" quality="3" level="5" attribute="28" attribute_value="225" exp="120" exp_levelup="15360" sell="1" sell_money="1000" pickup="1" fight_value="400"/>
	<item spirit_tid="930128" name="灵隐之泉" dec="增加:法术闪避率+270" pic="930128" quality="3" level="6" attribute="28" attribute_value="270" exp="120" exp_levelup="30720" sell="1" sell_money="1000" pickup="1" fight_value="400"/>
	<item spirit_tid="930128" name="灵隐之泉" dec="增加:法术闪避率+315" pic="930128" quality="3" level="7" attribute="28" attribute_value="315" exp="120" exp_levelup="61440" sell="1" sell_money="1000" pickup="1" fight_value="400"/>
	<item spirit_tid="930128" name="灵隐之泉" dec="增加:法术闪避率+360" pic="930128" quality="3" level="8" attribute="28" attribute_value="360" exp="120" exp_levelup="122880" sell="1" sell_money="1000" pickup="1" fight_value="400"/>
	<item spirit_tid="930128" name="灵隐之泉" dec="增加:法术闪避率+405" pic="930128" quality="3" level="9" attribute="28" attribute_value="405" exp="120" exp_levelup="184320" sell="1" sell_money="1000" pickup="1" fight_value="400"/>
	<item spirit_tid="930128" name="灵隐之泉" dec="增加:法术闪避率+450" pic="930128" quality="3" level="10" attribute="28" attribute_value="450" exp="120" exp_levelup="0" sell="1" sell_money="1000" pickup="1" fight_value="400"/>
	<item spirit_tid="920102" name="战狂" dec="增加:生命+750" pic="920102" quality="2" level="1" attribute="2" attribute_value="750" exp="60" exp_levelup="480" sell="1" sell_money="1000" pickup="1" fight_value="200"/>
	<item spirit_tid="920102" name="战狂" dec="增加:生命+1500" pic="920102" quality="2" level="2" attribute="2" attribute_value="1500" exp="60" exp_levelup="960" sell="1" sell_money="1000" pickup="1" fight_value="200"/>
	<item spirit_tid="920102" name="战狂" dec="增加:生命+2250" pic="920102" quality="2" level="3" attribute="2" attribute_value="2250" exp="60" exp_levelup="1920" sell="1" sell_money="1000" pickup="1" fight_value="200"/>
	<item spirit_tid="920102" name="战狂" dec="增加:生命+3000" pic="920102" quality="2" level="4" attribute="2" attribute_value="3000" exp="60" exp_levelup="3840" sell="1" sell_money="1000" pickup="1" fight_value="200"/>
	<item spirit_tid="920102" name="战狂" dec="增加:生命+3750" pic="920102" quality="2" level="5" attribute="2" attribute_value="3750" exp="60" exp_levelup="7680" sell="1" sell_money="1000" pickup="1" fight_value="200"/>
	<item spirit_tid="920102" name="战狂" dec="增加:生命+4500" pic="920102" quality="2" level="6" attribute="2" attribute_value="4500" exp="60" exp_levelup="15360" sell="1" sell_money="1000" pickup="1" fight_value="200"/>
	<item spirit_tid="920102" name="战狂" dec="增加:生命+5250" pic="920102" quality="2" level="7" attribute="2" attribute_value="5250" exp="60" exp_levelup="30720" sell="1" sell_money="1000" pickup="1" fight_value="200"/>
	<item spirit_tid="920102" name="战狂" dec="增加:生命+6000" pic="920102" quality="2" level="8" attribute="2" attribute_value="6000" exp="60" exp_levelup="61440" sell="1" sell_money="1000" pickup="1" fight_value="200"/>
	<item spirit_tid="920102" name="战狂" dec="增加:生命+6750" pic="920102" quality="2" level="9" attribute="2" attribute_value="6750" exp="60" exp_levelup="92160" sell="1" sell_money="1000" pickup="1" fight_value="200"/>
	<item spirit_tid="920102" name="战狂" dec="增加:生命+7500" pic="920102" quality="2" level="10" attribute="2" attribute_value="7500" exp="60" exp_levelup="0" sell="1" sell_money="1000" pickup="1" fight_value="200"/>
	<item spirit_tid="920109" name="勇猛" dec="增加:物理攻击+250" pic="920109" quality="2" level="1" attribute="9" attribute_value="250" exp="60" exp_levelup="480" sell="1" sell_money="1000" pickup="1" fight_value="200"/>
	<item spirit_tid="920109" name="勇猛" dec="增加:物理攻击+500" pic="920109" quality="2" level="2" attribute="9" attribute_value="500" exp="60" exp_levelup="960" sell="1" sell_money="1000" pickup="1" fight_value="200"/>
	<item spirit_tid="920109" name="勇猛" dec="增加:物理攻击+750" pic="920109" quality="2" level="3" attribute="9" attribute_value="750" exp="60" exp_levelup="1920" sell="1" sell_money="1000" pickup="1" fight_value="200"/>
	<item spirit_tid="920109" name="勇猛" dec="增加:物理攻击+1000" pic="920109" quality="2" level="4" attribute="9" attribute_value="1000" exp="60" exp_levelup="3840" sell="1" sell_money="1000" pickup="1" fight_value="200"/>
	<item spirit_tid="920109" name="勇猛" dec="增加:物理攻击+1250" pic="920109" quality="2" level="5" attribute="9" attribute_value="1250" exp="60" exp_levelup="7680" sell="1" sell_money="1000" pickup="1" fight_value="200"/>
	<item spirit_tid="920109" name="勇猛" dec="增加:物理攻击+1500" pic="920109" quality="2" level="6" attribute="9" attribute_value="1500" exp="60" exp_levelup="15360" sell="1" sell_money="1000" pickup="1" fight_value="200"/>
	<item spirit_tid="920109" name="勇猛" dec="增加:物理攻击+1750" pic="920109" quality="2" level="7" attribute="9" attribute_value="1750" exp="60" exp_levelup="30720" sell="1" sell_money="1000" pickup="1" fight_value="200"/>
	<item spirit_tid="920109" name="勇猛" dec="增加:物理攻击+2000" pic="920109" quality="2" level="8" attribute="9" attribute_value="2000" exp="60" exp_levelup="61440" sell="1" sell_money="1000" pickup="1" fight_value="200"/>
	<item spirit_tid="920109" name="勇猛" dec="增加:物理攻击+2250" pic="920109" quality="2" level="9" attribute="9" attribute_value="2250" exp="60" exp_levelup="92160" sell="1" sell_money="1000" pickup="1" fight_value="200"/>
	<item spirit_tid="920109" name="勇猛" dec="增加:物理攻击+2500" pic="920109" quality="2" level="10" attribute="9" attribute_value="2500" exp="60" exp_levelup="0" sell="1" sell_money="1000" pickup="1" fight_value="200"/>
	<item spirit_tid="920110" name="不屈" dec="增加:物理防御+500" pic="920110" quality="2" level="1" attribute="10" attribute_value="500" exp="60" exp_levelup="480" sell="1" sell_money="1000" pickup="1" fight_value="200"/>
	<item spirit_tid="920110" name="不屈" dec="增加:物理防御+1000" pic="920110" quality="2" level="2" attribute="10" attribute_value="1000" exp="60" exp_levelup="960" sell="1" sell_money="1000" pickup="1" fight_value="200"/>
	<item spirit_tid="920110" name="不屈" dec="增加:物理防御+1500" pic="920110" quality="2" level="3" attribute="10" attribute_value="1500" exp="60" exp_levelup="1920" sell="1" sell_money="1000" pickup="1" fight_value="200"/>
	<item spirit_tid="920110" name="不屈" dec="增加:物理防御+2000" pic="920110" quality="2" level="4" attribute="10" attribute_value="2000" exp="60" exp_levelup="3840" sell="1" sell_money="1000" pickup="1" fight_value="200"/>
	<item spirit_tid="920110" name="不屈" dec="增加:物理防御+2500" pic="920110" quality="2" level="5" attribute="10" attribute_value="2500" exp="60" exp_levelup="7680" sell="1" sell_money="1000" pickup="1" fight_value="200"/>
	<item spirit_tid="920110" name="不屈" dec="增加:物理防御+3000" pic="920110" quality="2" level="6" attribute="10" attribute_value="3000" exp="60" exp_levelup="15360" sell="1" sell_money="1000" pickup="1" fight_value="200"/>
	<item spirit_tid="920110" name="不屈" dec="增加:物理防御+3500" pic="920110" quality="2" level="7" attribute="10" attribute_value="3500" exp="60" exp_levelup="30720" sell="1" sell_money="1000" pickup="1" fight_value="200"/>
	<item spirit_tid="920110" name="不屈" dec="增加:物理防御+4000" pic="920110" quality="2" level="8" attribute="10" attribute_value="4000" exp="60" exp_levelup="61440" sell="1" sell_money="1000" pickup="1" fight_value="200"/>
	<item spirit_tid="920110" name="不屈" dec="增加:物理防御+4500" pic="920110" quality="2" level="9" attribute="10" attribute_value="4500" exp="60" exp_levelup="92160" sell="1" sell_money="1000" pickup="1" fight_value="200"/>
	<item spirit_tid="920110" name="不屈" dec="增加:物理防御+5000" pic="920110" quality="2" level="10" attribute="10" attribute_value="5000" exp="60" exp_levelup="0" sell="1" sell_money="1000" pickup="1" fight_value="200"/>
	<item spirit_tid="920111" name="破魔" dec="增加:法术攻击+250" pic="920111" quality="2" level="1" attribute="11" attribute_value="250" exp="60" exp_levelup="480" sell="1" sell_money="1000" pickup="1" fight_value="200"/>
	<item spirit_tid="920111" name="破魔" dec="增加:法术攻击+500" pic="920111" quality="2" level="2" attribute="11" attribute_value="500" exp="60" exp_levelup="960" sell="1" sell_money="1000" pickup="1" fight_value="200"/>
	<item spirit_tid="920111" name="破魔" dec="增加:法术攻击+750" pic="920111" quality="2" level="3" attribute="11" attribute_value="750" exp="60" exp_levelup="1920" sell="1" sell_money="1000" pickup="1" fight_value="200"/>
	<item spirit_tid="920111" name="破魔" dec="增加:法术攻击+1000" pic="920111" quality="2" level="4" attribute="11" attribute_value="1000" exp="60" exp_levelup="3840" sell="1" sell_money="1000" pickup="1" fight_value="200"/>
	<item spirit_tid="920111" name="破魔" dec="增加:法术攻击+1250" pic="920111" quality="2" level="5" attribute="11" attribute_value="1250" exp="60" exp_levelup="7680" sell="1" sell_money="1000" pickup="1" fight_value="200"/>
	<item spirit_tid="920111" name="破魔" dec="增加:法术攻击+1500" pic="920111" quality="2" level="6" attribute="11" attribute_value="1500" exp="60" exp_levelup="15360" sell="1" sell_money="1000" pickup="1" fight_value="200"/>
	<item spirit_tid="920111" name="破魔" dec="增加:法术攻击+1750" pic="920111" quality="2" level="7" attribute="11" attribute_value="1750" exp="60" exp_levelup="30720" sell="1" sell_money="1000" pickup="1" fight_value="200"/>
	<item spirit_tid="920111" name="破魔" dec="增加:法术攻击+2000" pic="920111" quality="2" level="8" attribute="11" attribute_value="2000" exp="60" exp_levelup="61440" sell="1" sell_money="1000" pickup="1" fight_value="200"/>
	<item spirit_tid="920111" name="破魔" dec="增加:法术攻击+2250" pic="920111" quality="2" level="9" attribute="11" attribute_value="2250" exp="60" exp_levelup="92160" sell="1" sell_money="1000" pickup="1" fight_value="200"/>
	<item spirit_tid="920111" name="破魔" dec="增加:法术攻击+2500" pic="920111" quality="2" level="10" attribute="11" attribute_value="2500" exp="60" exp_levelup="0" sell="1" sell_money="1000" pickup="1" fight_value="200"/>
	<item spirit_tid="920112" name="守护" dec="增加:法术防御+500" pic="920112" quality="2" level="1" attribute="12" attribute_value="500" exp="60" exp_levelup="480" sell="1" sell_money="1000" pickup="1" fight_value="200"/>
	<item spirit_tid="920112" name="守护" dec="增加:法术防御+1000" pic="920112" quality="2" level="2" attribute="12" attribute_value="1000" exp="60" exp_levelup="960" sell="1" sell_money="1000" pickup="1" fight_value="200"/>
	<item spirit_tid="920112" name="守护" dec="增加:法术防御+1500" pic="920112" quality="2" level="3" attribute="12" attribute_value="1500" exp="60" exp_levelup="1920" sell="1" sell_money="1000" pickup="1" fight_value="200"/>
	<item spirit_tid="920112" name="守护" dec="增加:法术防御+2000" pic="920112" quality="2" level="4" attribute="12" attribute_value="2000" exp="60" exp_levelup="3840" sell="1" sell_money="1000" pickup="1" fight_value="200"/>
	<item spirit_tid="920112" name="守护" dec="增加:法术防御+2500" pic="920112" quality="2" level="5" attribute="12" attribute_value="2500" exp="60" exp_levelup="7680" sell="1" sell_money="1000" pickup="1" fight_value="200"/>
	<item spirit_tid="920112" name="守护" dec="增加:法术防御+3000" pic="920112" quality="2" level="6" attribute="12" attribute_value="3000" exp="60" exp_levelup="15360" sell="1" sell_money="1000" pickup="1" fight_value="200"/>
	<item spirit_tid="920112" name="守护" dec="增加:法术防御+3500" pic="920112" quality="2" level="7" attribute="12" attribute_value="3500" exp="60" exp_levelup="30720" sell="1" sell_money="1000" pickup="1" fight_value="200"/>
	<item spirit_tid="920112" name="守护" dec="增加:法术防御+4000" pic="920112" quality="2" level="8" attribute="12" attribute_value="4000" exp="60" exp_levelup="61440" sell="1" sell_money="1000" pickup="1" fight_value="200"/>
	<item spirit_tid="920112" name="守护" dec="增加:法术防御+4500" pic="920112" quality="2" level="9" attribute="12" attribute_value="4500" exp="60" exp_levelup="92160" sell="1" sell_money="1000" pickup="1" fight_value="200"/>
	<item spirit_tid="920112" name="守护" dec="增加:法术防御+5000" pic="920112" quality="2" level="10" attribute="12" attribute_value="5000" exp="60" exp_levelup="0" sell="1" sell_money="1000" pickup="1" fight_value="200"/>
	<item spirit_tid="920121" name="狙击" dec="增加:物理命中率+20" pic="920121" quality="2" level="1" attribute="21" attribute_value="20" exp="60" exp_levelup="480" sell="1" sell_money="1000" pickup="1" fight_value="200"/>
	<item spirit_tid="920121" name="狙击" dec="增加:物理命中率+40" pic="920121" quality="2" level="2" attribute="21" attribute_value="40" exp="60" exp_levelup="960" sell="1" sell_money="1000" pickup="1" fight_value="200"/>
	<item spirit_tid="920121" name="狙击" dec="增加:物理命中率+60" pic="920121" quality="2" level="3" attribute="21" attribute_value="60" exp="60" exp_levelup="1920" sell="1" sell_money="1000" pickup="1" fight_value="200"/>
	<item spirit_tid="920121" name="狙击" dec="增加:物理命中率+80" pic="920121" quality="2" level="4" attribute="21" attribute_value="80" exp="60" exp_levelup="3840" sell="1" sell_money="1000" pickup="1" fight_value="200"/>
	<item spirit_tid="920121" name="狙击" dec="增加:物理命中率+100" pic="920121" quality="2" level="5" attribute="21" attribute_value="100" exp="60" exp_levelup="7680" sell="1" sell_money="1000" pickup="1" fight_value="200"/>
	<item spirit_tid="920121" name="狙击" dec="增加:物理命中率+120" pic="920121" quality="2" level="6" attribute="21" attribute_value="120" exp="60" exp_levelup="15360" sell="1" sell_money="1000" pickup="1" fight_value="200"/>
	<item spirit_tid="920121" name="狙击" dec="增加:物理命中率+140" pic="920121" quality="2" level="7" attribute="21" attribute_value="140" exp="60" exp_levelup="30720" sell="1" sell_money="1000" pickup="1" fight_value="200"/>
	<item spirit_tid="920121" name="狙击" dec="增加:物理命中率+160" pic="920121" quality="2" level="8" attribute="21" attribute_value="160" exp="60" exp_levelup="61440" sell="1" sell_money="1000" pickup="1" fight_value="200"/>
	<item spirit_tid="920121" name="狙击" dec="增加:物理命中率+180" pic="920121" quality="2" level="9" attribute="21" attribute_value="180" exp="60" exp_levelup="92160" sell="1" sell_money="1000" pickup="1" fight_value="200"/>
	<item spirit_tid="920121" name="狙击" dec="增加:物理命中率+200" pic="920121" quality="2" level="10" attribute="21" attribute_value="200" exp="60" exp_levelup="0" sell="1" sell_money="1000" pickup="1" fight_value="200"/>
	<item spirit_tid="920123" name="凝神" dec="增加:物理暴击率+20" pic="920123" quality="2" level="1" attribute="23" attribute_value="20" exp="60" exp_levelup="480" sell="1" sell_money="1000" pickup="1" fight_value="200"/>
	<item spirit_tid="920123" name="凝神" dec="增加:物理暴击率+40" pic="920123" quality="2" level="2" attribute="23" attribute_value="40" exp="60" exp_levelup="960" sell="1" sell_money="1000" pickup="1" fight_value="200"/>
	<item spirit_tid="920123" name="凝神" dec="增加:物理暴击率+60" pic="920123" quality="2" level="3" attribute="23" attribute_value="60" exp="60" exp_levelup="1920" sell="1" sell_money="1000" pickup="1" fight_value="200"/>
	<item spirit_tid="920123" name="凝神" dec="增加:物理暴击率+80" pic="920123" quality="2" level="4" attribute="23" attribute_value="80" exp="60" exp_levelup="3840" sell="1" sell_money="1000" pickup="1" fight_value="200"/>
	<item spirit_tid="920123" name="凝神" dec="增加:物理暴击率+100" pic="920123" quality="2" level="5" attribute="23" attribute_value="100" exp="60" exp_levelup="7680" sell="1" sell_money="1000" pickup="1" fight_value="200"/>
	<item spirit_tid="920123" name="凝神" dec="增加:物理暴击率+120" pic="920123" quality="2" level="6" attribute="23" attribute_value="120" exp="60" exp_levelup="15360" sell="1" sell_money="1000" pickup="1" fight_value="200"/>
	<item spirit_tid="920123" name="凝神" dec="增加:物理暴击率+140" pic="920123" quality="2" level="7" attribute="23" attribute_value="140" exp="60" exp_levelup="30720" sell="1" sell_money="1000" pickup="1" fight_value="200"/>
	<item spirit_tid="920123" name="凝神" dec="增加:物理暴击率+160" pic="920123" quality="2" level="8" attribute="23" attribute_value="160" exp="60" exp_levelup="61440" sell="1" sell_money="1000" pickup="1" fight_value="200"/>
	<item spirit_tid="920123" name="凝神" dec="增加:物理暴击率+180" pic="920123" quality="2" level="9" attribute="23" attribute_value="180" exp="60" exp_levelup="92160" sell="1" sell_money="1000" pickup="1" fight_value="200"/>
	<item spirit_tid="920123" name="凝神" dec="增加:物理暴击率+200" pic="920123" quality="2" level="10" attribute="23" attribute_value="200" exp="60" exp_levelup="0" sell="1" sell_money="1000" pickup="1" fight_value="200"/>
	<item spirit_tid="920122" name="突刺" dec="增加:法术命中率+20" pic="920122" quality="2" level="1" attribute="22" attribute_value="20" exp="60" exp_levelup="480" sell="1" sell_money="1000" pickup="1" fight_value="200"/>
	<item spirit_tid="920122" name="突刺" dec="增加:法术命中率+40" pic="920122" quality="2" level="2" attribute="22" attribute_value="40" exp="60" exp_levelup="960" sell="1" sell_money="1000" pickup="1" fight_value="200"/>
	<item spirit_tid="920122" name="突刺" dec="增加:法术命中率+60" pic="920122" quality="2" level="3" attribute="22" attribute_value="60" exp="60" exp_levelup="1920" sell="1" sell_money="1000" pickup="1" fight_value="200"/>
	<item spirit_tid="920122" name="突刺" dec="增加:法术命中率+80" pic="920122" quality="2" level="4" attribute="22" attribute_value="80" exp="60" exp_levelup="3840" sell="1" sell_money="1000" pickup="1" fight_value="200"/>
	<item spirit_tid="920122" name="突刺" dec="增加:法术命中率+100" pic="920122" quality="2" level="5" attribute="22" attribute_value="100" exp="60" exp_levelup="7680" sell="1" sell_money="1000" pickup="1" fight_value="200"/>
	<item spirit_tid="920122" name="突刺" dec="增加:法术命中率+120" pic="920122" quality="2" level="6" attribute="22" attribute_value="120" exp="60" exp_levelup="15360" sell="1" sell_money="1000" pickup="1" fight_value="200"/>
	<item spirit_tid="920122" name="突刺" dec="增加:法术命中率+140" pic="920122" quality="2" level="7" attribute="22" attribute_value="140" exp="60" exp_levelup="30720" sell="1" sell_money="1000" pickup="1" fight_value="200"/>
	<item spirit_tid="920122" name="突刺" dec="增加:法术命中率+160" pic="920122" quality="2" level="8" attribute="22" attribute_value="160" exp="60" exp_levelup="61440" sell="1" sell_money="1000" pickup="1" fight_value="200"/>
	<item spirit_tid="920122" name="突刺" dec="增加:法术命中率+180" pic="920122" quality="2" level="9" attribute="22" attribute_value="180" exp="60" exp_levelup="92160" sell="1" sell_money="1000" pickup="1" fight_value="200"/>
	<item spirit_tid="920122" name="突刺" dec="增加:法术命中率+200" pic="920122" quality="2" level="10" attribute="22" attribute_value="200" exp="60" exp_levelup="0" sell="1" sell_money="1000" pickup="1" fight_value="200"/>
	<item spirit_tid="920125" name="惊雷" dec="增加:法术暴击率+20" pic="920125" quality="2" level="1" attribute="25" attribute_value="20" exp="60" exp_levelup="480" sell="1" sell_money="1000" pickup="1" fight_value="200"/>
	<item spirit_tid="920125" name="惊雷" dec="增加:法术暴击率+40" pic="920125" quality="2" level="2" attribute="25" attribute_value="40" exp="60" exp_levelup="960" sell="1" sell_money="1000" pickup="1" fight_value="200"/>
	<item spirit_tid="920125" name="惊雷" dec="增加:法术暴击率+60" pic="920125" quality="2" level="3" attribute="25" attribute_value="60" exp="60" exp_levelup="1920" sell="1" sell_money="1000" pickup="1" fight_value="200"/>
	<item spirit_tid="920125" name="惊雷" dec="增加:法术暴击率+80" pic="920125" quality="2" level="4" attribute="25" attribute_value="80" exp="60" exp_levelup="3840" sell="1" sell_money="1000" pickup="1" fight_value="200"/>
	<item spirit_tid="920125" name="惊雷" dec="增加:法术暴击率+100" pic="920125" quality="2" level="5" attribute="25" attribute_value="100" exp="60" exp_levelup="7680" sell="1" sell_money="1000" pickup="1" fight_value="200"/>
	<item spirit_tid="920125" name="惊雷" dec="增加:法术暴击率+120" pic="920125" quality="2" level="6" attribute="25" attribute_value="120" exp="60" exp_levelup="15360" sell="1" sell_money="1000" pickup="1" fight_value="200"/>
	<item spirit_tid="920125" name="惊雷" dec="增加:法术暴击率+140" pic="920125" quality="2" level="7" attribute="25" attribute_value="140" exp="60" exp_levelup="30720" sell="1" sell_money="1000" pickup="1" fight_value="200"/>
	<item spirit_tid="920125" name="惊雷" dec="增加:法术暴击率+160" pic="920125" quality="2" level="8" attribute="25" attribute_value="160" exp="60" exp_levelup="61440" sell="1" sell_money="1000" pickup="1" fight_value="200"/>
	<item spirit_tid="920125" name="惊雷" dec="增加:法术暴击率+180" pic="920125" quality="2" level="9" attribute="25" attribute_value="180" exp="60" exp_levelup="92160" sell="1" sell_money="1000" pickup="1" fight_value="200"/>
	<item spirit_tid="920125" name="惊雷" dec="增加:法术暴击率+200" pic="920125" quality="2" level="10" attribute="25" attribute_value="200" exp="60" exp_levelup="0" sell="1" sell_money="1000" pickup="1" fight_value="200"/>
	<item spirit_tid="920127" name="矫捷" dec="增加:物理闪避率+20" pic="920127" quality="2" level="1" attribute="27" attribute_value="20" exp="60" exp_levelup="480" sell="1" sell_money="1000" pickup="1" fight_value="200"/>
	<item spirit_tid="920127" name="矫捷" dec="增加:物理闪避率+40" pic="920127" quality="2" level="2" attribute="27" attribute_value="40" exp="60" exp_levelup="960" sell="1" sell_money="1000" pickup="1" fight_value="200"/>
	<item spirit_tid="920127" name="矫捷" dec="增加:物理闪避率+60" pic="920127" quality="2" level="3" attribute="27" attribute_value="60" exp="60" exp_levelup="1920" sell="1" sell_money="1000" pickup="1" fight_value="200"/>
	<item spirit_tid="920127" name="矫捷" dec="增加:物理闪避率+80" pic="920127" quality="2" level="4" attribute="27" attribute_value="80" exp="60" exp_levelup="3840" sell="1" sell_money="1000" pickup="1" fight_value="200"/>
	<item spirit_tid="920127" name="矫捷" dec="增加:物理闪避率+100" pic="920127" quality="2" level="5" attribute="27" attribute_value="100" exp="60" exp_levelup="7680" sell="1" sell_money="1000" pickup="1" fight_value="200"/>
	<item spirit_tid="920127" name="矫捷" dec="增加:物理闪避率+120" pic="920127" quality="2" level="6" attribute="27" attribute_value="120" exp="60" exp_levelup="15360" sell="1" sell_money="1000" pickup="1" fight_value="200"/>
	<item spirit_tid="920127" name="矫捷" dec="增加:物理闪避率+140" pic="920127" quality="2" level="7" attribute="27" attribute_value="140" exp="60" exp_levelup="30720" sell="1" sell_money="1000" pickup="1" fight_value="200"/>
	<item spirit_tid="920127" name="矫捷" dec="增加:物理闪避率+160" pic="920127" quality="2" level="8" attribute="27" attribute_value="160" exp="60" exp_levelup="61440" sell="1" sell_money="1000" pickup="1" fight_value="200"/>
	<item spirit_tid="920127" name="矫捷" dec="增加:物理闪避率+180" pic="920127" quality="2" level="9" attribute="27" attribute_value="180" exp="60" exp_levelup="92160" sell="1" sell_money="1000" pickup="1" fight_value="200"/>
	<item spirit_tid="920127" name="矫捷" dec="增加:物理闪避率+200" pic="920127" quality="2" level="10" attribute="27" attribute_value="200" exp="60" exp_levelup="0" sell="1" sell_money="1000" pickup="1" fight_value="200"/>
	<item spirit_tid="920128" name="识破" dec="增加:法术闪避率+20" pic="920128" quality="2" level="1" attribute="28" attribute_value="20" exp="60" exp_levelup="480" sell="1" sell_money="1000" pickup="1" fight_value="200"/>
	<item spirit_tid="920128" name="识破" dec="增加:法术闪避率+40" pic="920128" quality="2" level="2" attribute="28" attribute_value="40" exp="60" exp_levelup="960" sell="1" sell_money="1000" pickup="1" fight_value="200"/>
	<item spirit_tid="920128" name="识破" dec="增加:法术闪避率+60" pic="920128" quality="2" level="3" attribute="28" attribute_value="60" exp="60" exp_levelup="1920" sell="1" sell_money="1000" pickup="1" fight_value="200"/>
	<item spirit_tid="920128" name="识破" dec="增加:法术闪避率+80" pic="920128" quality="2" level="4" attribute="28" attribute_value="80" exp="60" exp_levelup="3840" sell="1" sell_money="1000" pickup="1" fight_value="200"/>
	<item spirit_tid="920128" name="识破" dec="增加:法术闪避率+100" pic="920128" quality="2" level="5" attribute="28" attribute_value="100" exp="60" exp_levelup="7680" sell="1" sell_money="1000" pickup="1" fight_value="200"/>
	<item spirit_tid="920128" name="识破" dec="增加:法术闪避率+120" pic="920128" quality="2" level="6" attribute="28" attribute_value="120" exp="60" exp_levelup="15360" sell="1" sell_money="1000" pickup="1" fight_value="200"/>
	<item spirit_tid="920128" name="识破" dec="增加:法术闪避率+140" pic="920128" quality="2" level="7" attribute="28" attribute_value="140" exp="60" exp_levelup="30720" sell="1" sell_money="1000" pickup="1" fight_value="200"/>
	<item spirit_tid="920128" name="识破" dec="增加:法术闪避率+160" pic="920128" quality="2" level="8" attribute="28" attribute_value="160" exp="60" exp_levelup="61440" sell="1" sell_money="1000" pickup="1" fight_value="200"/>
	<item spirit_tid="920128" name="识破" dec="增加:法术闪避率+180" pic="920128" quality="2" level="9" attribute="28" attribute_value="180" exp="60" exp_levelup="92160" sell="1" sell_money="1000" pickup="1" fight_value="200"/>
	<item spirit_tid="920128" name="识破" dec="增加:法术闪避率+200" pic="920128" quality="2" level="10" attribute="28" attribute_value="200" exp="60" exp_levelup="0" sell="1" sell_money="1000" pickup="1" fight_value="200"/>
	<item spirit_tid="910102" name="热血" dec="增加:生命+375" pic="910102" quality="1" level="1" attribute="2" attribute_value="375" exp="30" exp_levelup="240" sell="1" sell_money="1000" pickup="1" fight_value="100"/>
	<item spirit_tid="910102" name="热血" dec="增加:生命+750" pic="910102" quality="1" level="2" attribute="2" attribute_value="750" exp="30" exp_levelup="480" sell="1" sell_money="1000" pickup="1" fight_value="100"/>
	<item spirit_tid="910102" name="热血" dec="增加:生命+1125" pic="910102" quality="1" level="3" attribute="2" attribute_value="1125" exp="30" exp_levelup="960" sell="1" sell_money="1000" pickup="1" fight_value="100"/>
	<item spirit_tid="910102" name="热血" dec="增加:生命+1500" pic="910102" quality="1" level="4" attribute="2" attribute_value="1500" exp="30" exp_levelup="1920" sell="1" sell_money="1000" pickup="1" fight_value="100"/>
	<item spirit_tid="910102" name="热血" dec="增加:生命+1875" pic="910102" quality="1" level="5" attribute="2" attribute_value="1875" exp="30" exp_levelup="3840" sell="1" sell_money="1000" pickup="1" fight_value="100"/>
	<item spirit_tid="910102" name="热血" dec="增加:生命+2250" pic="910102" quality="1" level="6" attribute="2" attribute_value="2250" exp="30" exp_levelup="7680" sell="1" sell_money="1000" pickup="1" fight_value="100"/>
	<item spirit_tid="910102" name="热血" dec="增加:生命+2625" pic="910102" quality="1" level="7" attribute="2" attribute_value="2625" exp="30" exp_levelup="15360" sell="1" sell_money="1000" pickup="1" fight_value="100"/>
	<item spirit_tid="910102" name="热血" dec="增加:生命+3000" pic="910102" quality="1" level="8" attribute="2" attribute_value="3000" exp="30" exp_levelup="30720" sell="1" sell_money="1000" pickup="1" fight_value="100"/>
	<item spirit_tid="910102" name="热血" dec="增加:生命+3375" pic="910102" quality="1" level="9" attribute="2" attribute_value="3375" exp="30" exp_levelup="46080" sell="1" sell_money="1000" pickup="1" fight_value="100"/>
	<item spirit_tid="910102" name="热血" dec="增加:生命+3750" pic="910102" quality="1" level="10" attribute="2" attribute_value="3750" exp="30" exp_levelup="0" sell="1" sell_money="1000" pickup="1" fight_value="100"/>
	<item spirit_tid="910109" name="强袭" dec="增加:物理攻击+125" pic="910109" quality="1" level="1" attribute="9" attribute_value="125" exp="30" exp_levelup="240" sell="1" sell_money="1000" pickup="1" fight_value="100"/>
	<item spirit_tid="910109" name="强袭" dec="增加:物理攻击+250" pic="910109" quality="1" level="2" attribute="9" attribute_value="250" exp="30" exp_levelup="480" sell="1" sell_money="1000" pickup="1" fight_value="100"/>
	<item spirit_tid="910109" name="强袭" dec="增加:物理攻击+375" pic="910109" quality="1" level="3" attribute="9" attribute_value="375" exp="30" exp_levelup="960" sell="1" sell_money="1000" pickup="1" fight_value="100"/>
	<item spirit_tid="910109" name="强袭" dec="增加:物理攻击+500" pic="910109" quality="1" level="4" attribute="9" attribute_value="500" exp="30" exp_levelup="1920" sell="1" sell_money="1000" pickup="1" fight_value="100"/>
	<item spirit_tid="910109" name="强袭" dec="增加:物理攻击+625" pic="910109" quality="1" level="5" attribute="9" attribute_value="625" exp="30" exp_levelup="3840" sell="1" sell_money="1000" pickup="1" fight_value="100"/>
	<item spirit_tid="910109" name="强袭" dec="增加:物理攻击+750" pic="910109" quality="1" level="6" attribute="9" attribute_value="750" exp="30" exp_levelup="7680" sell="1" sell_money="1000" pickup="1" fight_value="100"/>
	<item spirit_tid="910109" name="强袭" dec="增加:物理攻击+875" pic="910109" quality="1" level="7" attribute="9" attribute_value="875" exp="30" exp_levelup="15360" sell="1" sell_money="1000" pickup="1" fight_value="100"/>
	<item spirit_tid="910109" name="强袭" dec="增加:物理攻击+1000" pic="910109" quality="1" level="8" attribute="9" attribute_value="1000" exp="30" exp_levelup="30720" sell="1" sell_money="1000" pickup="1" fight_value="100"/>
	<item spirit_tid="910109" name="强袭" dec="增加:物理攻击+1125" pic="910109" quality="1" level="9" attribute="9" attribute_value="1125" exp="30" exp_levelup="46080" sell="1" sell_money="1000" pickup="1" fight_value="100"/>
	<item spirit_tid="910109" name="强袭" dec="增加:物理攻击+1250" pic="910109" quality="1" level="10" attribute="9" attribute_value="1250" exp="30" exp_levelup="0" sell="1" sell_money="1000" pickup="1" fight_value="100"/>
	<item spirit_tid="910110" name="坚盾" dec="增加:物理防御+250" pic="910110" quality="1" level="1" attribute="10" attribute_value="250" exp="30" exp_levelup="240" sell="1" sell_money="1000" pickup="1" fight_value="100"/>
	<item spirit_tid="910110" name="坚盾" dec="增加:物理防御+500" pic="910110" quality="1" level="2" attribute="10" attribute_value="500" exp="30" exp_levelup="480" sell="1" sell_money="1000" pickup="1" fight_value="100"/>
	<item spirit_tid="910110" name="坚盾" dec="增加:物理防御+750" pic="910110" quality="1" level="3" attribute="10" attribute_value="750" exp="30" exp_levelup="960" sell="1" sell_money="1000" pickup="1" fight_value="100"/>
	<item spirit_tid="910110" name="坚盾" dec="增加:物理防御+1000" pic="910110" quality="1" level="4" attribute="10" attribute_value="1000" exp="30" exp_levelup="1920" sell="1" sell_money="1000" pickup="1" fight_value="100"/>
	<item spirit_tid="910110" name="坚盾" dec="增加:物理防御+1250" pic="910110" quality="1" level="5" attribute="10" attribute_value="1250" exp="30" exp_levelup="3840" sell="1" sell_money="1000" pickup="1" fight_value="100"/>
	<item spirit_tid="910110" name="坚盾" dec="增加:物理防御+1500" pic="910110" quality="1" level="6" attribute="10" attribute_value="1500" exp="30" exp_levelup="7680" sell="1" sell_money="1000" pickup="1" fight_value="100"/>
	<item spirit_tid="910110" name="坚盾" dec="增加:物理防御+1750" pic="910110" quality="1" level="7" attribute="10" attribute_value="1750" exp="30" exp_levelup="15360" sell="1" sell_money="1000" pickup="1" fight_value="100"/>
	<item spirit_tid="910110" name="坚盾" dec="增加:物理防御+2000" pic="910110" quality="1" level="8" attribute="10" attribute_value="2000" exp="30" exp_levelup="30720" sell="1" sell_money="1000" pickup="1" fight_value="100"/>
	<item spirit_tid="910110" name="坚盾" dec="增加:物理防御+2250" pic="910110" quality="1" level="9" attribute="10" attribute_value="2250" exp="30" exp_levelup="46080" sell="1" sell_money="1000" pickup="1" fight_value="100"/>
	<item spirit_tid="910110" name="坚盾" dec="增加:物理防御+2500" pic="910110" quality="1" level="10" attribute="10" attribute_value="2500" exp="30" exp_levelup="0" sell="1" sell_money="1000" pickup="1" fight_value="100"/>
	<item spirit_tid="910111" name="法蕴" dec="增加:法术攻击+125" pic="910111" quality="1" level="1" attribute="11" attribute_value="125" exp="30" exp_levelup="240" sell="1" sell_money="1000" pickup="1" fight_value="100"/>
	<item spirit_tid="910111" name="法蕴" dec="增加:法术攻击+250" pic="910111" quality="1" level="2" attribute="11" attribute_value="250" exp="30" exp_levelup="480" sell="1" sell_money="1000" pickup="1" fight_value="100"/>
	<item spirit_tid="910111" name="法蕴" dec="增加:法术攻击+375" pic="910111" quality="1" level="3" attribute="11" attribute_value="375" exp="30" exp_levelup="960" sell="1" sell_money="1000" pickup="1" fight_value="100"/>
	<item spirit_tid="910111" name="法蕴" dec="增加:法术攻击+500" pic="910111" quality="1" level="4" attribute="11" attribute_value="500" exp="30" exp_levelup="1920" sell="1" sell_money="1000" pickup="1" fight_value="100"/>
	<item spirit_tid="910111" name="法蕴" dec="增加:法术攻击+625" pic="910111" quality="1" level="5" attribute="11" attribute_value="625" exp="30" exp_levelup="3840" sell="1" sell_money="1000" pickup="1" fight_value="100"/>
	<item spirit_tid="910111" name="法蕴" dec="增加:法术攻击+750" pic="910111" quality="1" level="6" attribute="11" attribute_value="750" exp="30" exp_levelup="7680" sell="1" sell_money="1000" pickup="1" fight_value="100"/>
	<item spirit_tid="910111" name="法蕴" dec="增加:法术攻击+875" pic="910111" quality="1" level="7" attribute="11" attribute_value="875" exp="30" exp_levelup="15360" sell="1" sell_money="1000" pickup="1" fight_value="100"/>
	<item spirit_tid="910111" name="法蕴" dec="增加:法术攻击+1000" pic="910111" quality="1" level="8" attribute="11" attribute_value="1000" exp="30" exp_levelup="30720" sell="1" sell_money="1000" pickup="1" fight_value="100"/>
	<item spirit_tid="910111" name="法蕴" dec="增加:法术攻击+1125" pic="910111" quality="1" level="9" attribute="11" attribute_value="1125" exp="30" exp_levelup="46080" sell="1" sell_money="1000" pickup="1" fight_value="100"/>
	<item spirit_tid="910111" name="法蕴" dec="增加:法术攻击+1250" pic="910111" quality="1" level="10" attribute="11" attribute_value="1250" exp="30" exp_levelup="0" sell="1" sell_money="1000" pickup="1" fight_value="100"/>
	<item spirit_tid="910112" name="结界" dec="增加:法术防御+250" pic="910112" quality="1" level="1" attribute="12" attribute_value="250" exp="30" exp_levelup="240" sell="1" sell_money="1000" pickup="1" fight_value="100"/>
	<item spirit_tid="910112" name="结界" dec="增加:法术防御+500" pic="910112" quality="1" level="2" attribute="12" attribute_value="500" exp="30" exp_levelup="480" sell="1" sell_money="1000" pickup="1" fight_value="100"/>
	<item spirit_tid="910112" name="结界" dec="增加:法术防御+750" pic="910112" quality="1" level="3" attribute="12" attribute_value="750" exp="30" exp_levelup="960" sell="1" sell_money="1000" pickup="1" fight_value="100"/>
	<item spirit_tid="910112" name="结界" dec="增加:法术防御+1000" pic="910112" quality="1" level="4" attribute="12" attribute_value="1000" exp="30" exp_levelup="1920" sell="1" sell_money="1000" pickup="1" fight_value="100"/>
	<item spirit_tid="910112" name="结界" dec="增加:法术防御+1250" pic="910112" quality="1" level="5" attribute="12" attribute_value="1250" exp="30" exp_levelup="3840" sell="1" sell_money="1000" pickup="1" fight_value="100"/>
	<item spirit_tid="910112" name="结界" dec="增加:法术防御+1500" pic="910112" quality="1" level="6" attribute="12" attribute_value="1500" exp="30" exp_levelup="7680" sell="1" sell_money="1000" pickup="1" fight_value="100"/>
	<item spirit_tid="910112" name="结界" dec="增加:法术防御+1750" pic="910112" quality="1" level="7" attribute="12" attribute_value="1750" exp="30" exp_levelup="15360" sell="1" sell_money="1000" pickup="1" fight_value="100"/>
	<item spirit_tid="910112" name="结界" dec="增加:法术防御+2000" pic="910112" quality="1" level="8" attribute="12" attribute_value="2000" exp="30" exp_levelup="30720" sell="1" sell_money="1000" pickup="1" fight_value="100"/>
	<item spirit_tid="910112" name="结界" dec="增加:法术防御+2250" pic="910112" quality="1" level="9" attribute="12" attribute_value="2250" exp="30" exp_levelup="46080" sell="1" sell_money="1000" pickup="1" fight_value="100"/>
	<item spirit_tid="910112" name="结界" dec="增加:法术防御+2500" pic="910112" quality="1" level="10" attribute="12" attribute_value="2500" exp="30" exp_levelup="0" sell="1" sell_money="1000" pickup="1" fight_value="100"/>
	<item spirit_tid="999999" name="碎片" dec="用于兑换羽灵" pic="999999" quality="1" level="1" attribute="0" attribute_value="0" exp="0" exp_levelup="0" sell="0" sell_money="0" pickup="1" fight_value="0"/>
</items>