<data>
	<!-- 总积分值 -->
	<total total="180"/>	<!-- 任务列表id编号的最大值(编号均从0开始，新添加累加 -->
	<tasks_max max="9"/>
	<!-- 领奖品id编号的最大值(编号均从0开始，新添加累加 -->
	<award_max max="8"/>
	<!-- 任务列表：name=任务名称，grade=该任务奖励的积分值，total=需要达到的总次数，status=（1=打开面板/2=寻路） -->
	<tasks label="task">
		<item id="0" name="商城消费" grade="20" total="1" status="1"/>
		<item id="1" name="装备强化" grade="20" total="3" status="1"/>
		<item id="2" name="单人关卡" grade="20" total="2" status="1"/>
		<item id="3" name="组队关卡" grade="30" total="1" status="1"/>
		<item id="4" name="悬赏任务" grade="30" total="5" status="1"/>
		<item id="5" name="竞技场" grade="20" total="5" status="1"/>
		<item id="6" name="登陆游戏" grade="5" total="1" status="1"/>
		<item id="7" name="挂机" grade="5" total="1" status="1"/>
		<item id="8" name="技能训练" grade="15" total="2" status="1"/>
		<item id="9" name="英灵招募" grade="15" total="5" status="1"/>
	</tasks>
	<!-- 奖品信息：grade=需要达到的积分值，award=物品id，count=物品数量 -->
	<awards label="award">
		<item id="0" grade="5" award="89102" count="1"/>
		<item id="1" grade="20" award="90201" count="1"/>
		<item id="2" grade="40" award="90101" count="1"/>
		<item id="3" grade="60" award="89801" count="1"/>
		<item id="4" grade="80" award="89601" count="1"/>
		<item id="5" grade="100" award="89304" count="1"/>
		<item id="6" grade="130" award="84001" count="5"/>
		<item id="7" grade="150" award="825002" count="1"/>
		<item id="8" grade="180" award="80302" count="1"/>
	</awards>
</data>