<items>
		<item slotIndex="0" autoOpen="1" openCostType="0" cost="0"/>
		<item slotIndex="1" autoOpen="1" openCostType="0" cost="0"/>
		<item slotIndex="2" autoOpen="1" openCostType="0" cost="0"/>
		<item slotIndex="3" autoOpen="1" openCostType="0" cost="0"/>
		<item slotIndex="4" autoOpen="1" openCostType="1" cost="30"/>
		<item slotIndex="5" autoOpen="1" openCostType="1" cost="40"/>
		<item slotIndex="6" autoOpen="0" openCostType="2" cost="200"/>
		<item slotIndex="7" autoOpen="0" openCostType="2" cost="400"/>
</items>