<items>
	<item combo_name="冻风霜刃" combo_id="10001" id_type="2" id1="2" id2="1" id3="0" id4="0" id5="0"/>
	<item combo_name="先知" combo_id="10002" id_type="1" id1="1401" id2="1301" id3="0" id4="0" id5="0"/>
	<item combo_name="天翔十字斩" combo_id="10003" id_type="2" id1="3" id2="3" id3="0" id4="0" id5="0"/>
	<item combo_name="赫赫有名" combo_id="10004" id_type="3" id1="4" id2="4" id3="0" id4="0" id5="0"/>
	<item combo_name="犬夜叉" combo_id="10005" id_type="1" id1="2501" id2="3402" id3="0" id4="0" id5="0"/>
	<item combo_name="卓越" combo_id="10006" id_type="3" id1="3" id2="3" id3="3" id4="0" id5="0"/>
	<item combo_name="猩红世界" combo_id="10007" id_type="2" id1="2" id2="2" id3="2" id4="0" id5="0"/>
	<item combo_name="魔法抑制" combo_id="10008" id_type="2" id1="3" id2="3" id3="1" id4="0" id5="0"/>
	<item combo_name="英雄联盟" combo_id="10009" id_type="3" id1="3" id2="3" id3="3" id4="3" id5="0"/>
	<item combo_name="彩虹" combo_id="10010" id_type="3" id1="4" id2="3" id3="2" id4="1" id5="0"/>
	<item combo_name="英灵传说" combo_id="10011" id_type="3" id1="4" id2="4" id3="4" id4="4" id5="0"/>
	<item combo_name="蜕变" combo_id="10012" id_type="1" id1="3401" id2="2401" id3="2301" id4="3502" id5="0"/>
	<item combo_name="名扬万里" combo_id="10013" id_type="3" id1="2" id2="2" id3="2" id4="2" id5="2"/>
	<item combo_name="奥术领域" combo_id="10014" id_type="1" id1="1501" id2="1504" id3="1401" id4="1301" id5="1305"/>
	<item combo_name="团队合作" combo_id="10015" id_type="2" id1="1" id2="1" id3="2" id4="2" id5="3"/>
	<item combo_name="少女战队" combo_id="10016" id_type="1" id1="2501" id2="1504" id3="1501" id4="2502" id5="1302"/>
</items>