<items>
	<item level="29" train_type="1" attribute_max_num="490" attribute_protect_num="113"/>
	<item level="39" train_type="1" attribute_max_num="690" attribute_protect_num="153"/>
	<item level="49" train_type="1" attribute_max_num="890" attribute_protect_num="193"/>
	<item level="59" train_type="1" attribute_max_num="1090" attribute_protect_num="233"/>
	<item level="69" train_type="1" attribute_max_num="1290" attribute_protect_num="273"/>
	<item level="79" train_type="1" attribute_max_num="1490" attribute_protect_num="313"/>
	<item level="80" train_type="1" attribute_max_num="1690" attribute_protect_num="353"/>
	<item level="29" train_type="2" attribute_max_num="588" attribute_protect_num="113"/>
	<item level="39" train_type="2" attribute_max_num="828" attribute_protect_num="153"/>
	<item level="49" train_type="2" attribute_max_num="1068" attribute_protect_num="193"/>
	<item level="59" train_type="2" attribute_max_num="1308" attribute_protect_num="233"/>
	<item level="69" train_type="2" attribute_max_num="1548" attribute_protect_num="273"/>
	<item level="79" train_type="2" attribute_max_num="1788" attribute_protect_num="313"/>
	<item level="80" train_type="2" attribute_max_num="2028" attribute_protect_num="353"/>
	<item level="29" train_type="3" attribute_max_num="686" attribute_protect_num="113"/>
	<item level="39" train_type="3" attribute_max_num="966" attribute_protect_num="153"/>
	<item level="49" train_type="3" attribute_max_num="1246" attribute_protect_num="193"/>
	<item level="59" train_type="3" attribute_max_num="1526" attribute_protect_num="233"/>
	<item level="69" train_type="3" attribute_max_num="1806" attribute_protect_num="273"/>
	<item level="79" train_type="3" attribute_max_num="2086" attribute_protect_num="313"/>
	<item level="80" train_type="3" attribute_max_num="2366" attribute_protect_num="353"/>
</items>