<items>
	<item combo_id="10001" level="1" cost_lingli="5000" bonus_id1="8" bonus_num1="2" bonus_id2="6" bonus_num2="2" bonus_id3="0" bonus_num3="0" bonus_id4="0" bonus_num4="0" bonus_id5="0" bonus_num5="0" bonus_id6="0" bonus_num6="0"/>
	<item combo_id="10002" level="1" cost_lingli="5000" bonus_id1="62" bonus_num1="50" bonus_id2="3" bonus_num2="15" bonus_id3="0" bonus_num3="0" bonus_id4="0" bonus_num4="0" bonus_id5="0" bonus_num5="0" bonus_id6="0" bonus_num6="0"/>
	<item combo_id="10003" level="1" cost_lingli="5000" bonus_id1="4" bonus_num1="2" bonus_id2="3" bonus_num2="2" bonus_id3="0" bonus_num3="0" bonus_id4="0" bonus_num4="0" bonus_id5="0" bonus_num5="0" bonus_id6="0" bonus_num6="0"/>
	<item combo_id="10004" level="1" cost_lingli="5000" bonus_id1="23" bonus_num1="50" bonus_id2="25" bonus_num2="50" bonus_id3="0" bonus_num3="0" bonus_id4="0" bonus_num4="0" bonus_id5="0" bonus_num5="0" bonus_id6="0" bonus_num6="0"/>
	<item combo_id="10005" level="1" cost_lingli="5000" bonus_id1="42" bonus_num1="100" bonus_id2="40" bonus_num2="100" bonus_id3="0" bonus_num3="0" bonus_id4="0" bonus_num4="0" bonus_id5="0" bonus_num5="0" bonus_id6="0" bonus_num6="0"/>
	<item combo_id="10006" level="1" cost_lingli="5000" bonus_id1="4" bonus_num1="5" bonus_id2="6" bonus_num2="5" bonus_id3="8" bonus_num3="5" bonus_id4="0" bonus_num4="0" bonus_id5="0" bonus_num5="0" bonus_id6="0" bonus_num6="0"/>
	<item combo_id="10007" level="1" cost_lingli="5000" bonus_id1="27" bonus_num1="10" bonus_id2="29" bonus_num2="5" bonus_id3="8" bonus_num3="2" bonus_id4="0" bonus_num4="0" bonus_id5="0" bonus_num5="0" bonus_id6="0" bonus_num6="0"/>
	<item combo_id="10008" level="1" cost_lingli="5000" bonus_id1="30" bonus_num1="10" bonus_id2="31" bonus_num2="10" bonus_id3="32" bonus_num3="10" bonus_id4="0" bonus_num4="0" bonus_id5="0" bonus_num5="0" bonus_id6="0" bonus_num6="0"/>
	<item combo_id="10009" level="1" cost_lingli="5000" bonus_id1="3" bonus_num1="5" bonus_id2="4" bonus_num2="5" bonus_id3="6" bonus_num3="5" bonus_id4="8" bonus_num4="5" bonus_id5="0" bonus_num5="0" bonus_id6="0" bonus_num6="0"/>
	<item combo_id="10010" level="1" cost_lingli="5000" bonus_id1="5" bonus_num1="15" bonus_id2="7" bonus_num2="15" bonus_id3="24" bonus_num3="100" bonus_id4="26" bonus_num4="100" bonus_id5="0" bonus_num5="0" bonus_id6="0" bonus_num6="0"/>
	<item combo_id="10011" level="1" cost_lingli="5000" bonus_id1="56" bonus_num1="200" bonus_id2="59" bonus_num2="200" bonus_id3="60" bonus_num3="200" bonus_id4="0" bonus_num4="0" bonus_id5="0" bonus_num5="0" bonus_id6="0" bonus_num6="0"/>
	<item combo_id="10012" level="1" cost_lingli="5000" bonus_id1="23" bonus_num1="70" bonus_id2="25" bonus_num2="70" bonus_id3="42" bonus_num3="150" bonus_id4="41" bonus_num4="150" bonus_id5="0" bonus_num5="0" bonus_id6="0" bonus_num6="0"/>
	<item combo_id="10013" level="1" cost_lingli="5000" bonus_id1="56" bonus_num1="10" bonus_id2="40" bonus_num2="10" bonus_id3="0" bonus_num3="0" bonus_id4="0" bonus_num4="0" bonus_id5="0" bonus_num5="0" bonus_id6="0" bonus_num6="0"/>
	<item combo_id="10014" level="1" cost_lingli="5000" bonus_id1="33" bonus_num1="150" bonus_id2="34" bonus_num2="150" bonus_id3="35" bonus_num3="150" bonus_id4="0" bonus_num4="0" bonus_id5="0" bonus_num5="0" bonus_id6="0" bonus_num6="0"/>
	<item combo_id="10015" level="1" cost_lingli="5000" bonus_id1="56" bonus_num1="10" bonus_id2="9" bonus_num2="10" bonus_id3="11" bonus_num3="10" bonus_id4="0" bonus_num4="0" bonus_id5="0" bonus_num5="0" bonus_id6="0" bonus_num6="0"/>
	<item combo_id="10016" level="1" cost_lingli="5000" bonus_id1="57" bonus_num1="200" bonus_id2="58" bonus_num2="200" bonus_id3="23" bonus_num3="100" bonus_id4="25" bonus_num4="100" bonus_id5="0" bonus_num5="0" bonus_id6="0" bonus_num6="0"/>
	<item combo_id="10001" level="2" cost_lingli="12500" bonus_id1="8" bonus_num1="3" bonus_id2="6" bonus_num2="3" bonus_id3="0" bonus_num3="0" bonus_id4="0" bonus_num4="0" bonus_id5="0" bonus_num5="0" bonus_id6="0" bonus_num6="0"/>
	<item combo_id="10002" level="2" cost_lingli="12500" bonus_id1="62" bonus_num1="60" bonus_id2="3" bonus_num2="16" bonus_id3="0" bonus_num3="0" bonus_id4="0" bonus_num4="0" bonus_id5="0" bonus_num5="0" bonus_id6="0" bonus_num6="0"/>
	<item combo_id="10003" level="2" cost_lingli="12500" bonus_id1="4" bonus_num1="3" bonus_id2="3" bonus_num2="3" bonus_id3="0" bonus_num3="0" bonus_id4="0" bonus_num4="0" bonus_id5="0" bonus_num5="0" bonus_id6="0" bonus_num6="0"/>
	<item combo_id="10004" level="2" cost_lingli="12500" bonus_id1="23" bonus_num1="60" bonus_id2="25" bonus_num2="60" bonus_id3="0" bonus_num3="0" bonus_id4="0" bonus_num4="0" bonus_id5="0" bonus_num5="0" bonus_id6="0" bonus_num6="0"/>
	<item combo_id="10005" level="2" cost_lingli="12500" bonus_id1="42" bonus_num1="110" bonus_id2="40" bonus_num2="110" bonus_id3="0" bonus_num3="0" bonus_id4="0" bonus_num4="0" bonus_id5="0" bonus_num5="0" bonus_id6="0" bonus_num6="0"/>
	<item combo_id="10006" level="2" cost_lingli="12500" bonus_id1="4" bonus_num1="6" bonus_id2="6" bonus_num2="6" bonus_id3="8" bonus_num3="6" bonus_id4="0" bonus_num4="0" bonus_id5="0" bonus_num5="0" bonus_id6="0" bonus_num6="0"/>
	<item combo_id="10007" level="2" cost_lingli="12500" bonus_id1="27" bonus_num1="11" bonus_id2="29" bonus_num2="6" bonus_id3="8" bonus_num3="3" bonus_id4="0" bonus_num4="0" bonus_id5="0" bonus_num5="0" bonus_id6="0" bonus_num6="0"/>
	<item combo_id="10008" level="2" cost_lingli="12500" bonus_id1="30" bonus_num1="11" bonus_id2="31" bonus_num2="11" bonus_id3="32" bonus_num3="11" bonus_id4="0" bonus_num4="0" bonus_id5="0" bonus_num5="0" bonus_id6="0" bonus_num6="0"/>
	<item combo_id="10009" level="2" cost_lingli="12500" bonus_id1="3" bonus_num1="6" bonus_id2="4" bonus_num2="6" bonus_id3="6" bonus_num3="6" bonus_id4="8" bonus_num4="6" bonus_id5="0" bonus_num5="0" bonus_id6="0" bonus_num6="0"/>
	<item combo_id="10010" level="2" cost_lingli="12500" bonus_id1="5" bonus_num1="16" bonus_id2="7" bonus_num2="16" bonus_id3="24" bonus_num3="110" bonus_id4="26" bonus_num4="110" bonus_id5="0" bonus_num5="0" bonus_id6="0" bonus_num6="0"/>
	<item combo_id="10011" level="2" cost_lingli="12500" bonus_id1="56" bonus_num1="210" bonus_id2="59" bonus_num2="210" bonus_id3="60" bonus_num3="210" bonus_id4="0" bonus_num4="0" bonus_id5="0" bonus_num5="0" bonus_id6="0" bonus_num6="0"/>
	<item combo_id="10012" level="2" cost_lingli="12500" bonus_id1="23" bonus_num1="80" bonus_id2="25" bonus_num2="80" bonus_id3="42" bonus_num3="160" bonus_id4="41" bonus_num4="160" bonus_id5="0" bonus_num5="0" bonus_id6="0" bonus_num6="0"/>
	<item combo_id="10013" level="2" cost_lingli="12500" bonus_id1="56" bonus_num1="11" bonus_id2="40" bonus_num2="11" bonus_id3="0" bonus_num3="1" bonus_id4="0" bonus_num4="0" bonus_id5="0" bonus_num5="0" bonus_id6="0" bonus_num6="0"/>
	<item combo_id="10014" level="2" cost_lingli="12500" bonus_id1="33" bonus_num1="160" bonus_id2="34" bonus_num2="160" bonus_id3="35" bonus_num3="160" bonus_id4="0" bonus_num4="0" bonus_id5="0" bonus_num5="0" bonus_id6="0" bonus_num6="0"/>
	<item combo_id="10015" level="2" cost_lingli="12500" bonus_id1="56" bonus_num1="11" bonus_id2="9" bonus_num2="11" bonus_id3="11" bonus_num3="11" bonus_id4="0" bonus_num4="0" bonus_id5="0" bonus_num5="0" bonus_id6="0" bonus_num6="0"/>
	<item combo_id="10016" level="2" cost_lingli="12500" bonus_id1="57" bonus_num1="210" bonus_id2="58" bonus_num2="210" bonus_id3="23" bonus_num3="110" bonus_id4="25" bonus_num4="110" bonus_id5="0" bonus_num5="0" bonus_id6="0" bonus_num6="0"/>
	<item combo_id="10001" level="3" cost_lingli="25000" bonus_id1="8" bonus_num1="4" bonus_id2="6" bonus_num2="4" bonus_id3="0" bonus_num3="0" bonus_id4="0" bonus_num4="0" bonus_id5="0" bonus_num5="0" bonus_id6="0" bonus_num6="0"/>
	<item combo_id="10002" level="3" cost_lingli="25000" bonus_id1="62" bonus_num1="70" bonus_id2="3" bonus_num2="17" bonus_id3="0" bonus_num3="0" bonus_id4="0" bonus_num4="0" bonus_id5="0" bonus_num5="0" bonus_id6="0" bonus_num6="0"/>
	<item combo_id="10003" level="3" cost_lingli="25000" bonus_id1="4" bonus_num1="4" bonus_id2="3" bonus_num2="4" bonus_id3="0" bonus_num3="0" bonus_id4="0" bonus_num4="0" bonus_id5="0" bonus_num5="0" bonus_id6="0" bonus_num6="0"/>
	<item combo_id="10004" level="3" cost_lingli="25000" bonus_id1="23" bonus_num1="70" bonus_id2="25" bonus_num2="70" bonus_id3="0" bonus_num3="0" bonus_id4="0" bonus_num4="0" bonus_id5="0" bonus_num5="0" bonus_id6="0" bonus_num6="0"/>
	<item combo_id="10005" level="3" cost_lingli="25000" bonus_id1="42" bonus_num1="120" bonus_id2="40" bonus_num2="120" bonus_id3="0" bonus_num3="0" bonus_id4="0" bonus_num4="0" bonus_id5="0" bonus_num5="0" bonus_id6="0" bonus_num6="0"/>
	<item combo_id="10006" level="3" cost_lingli="25000" bonus_id1="4" bonus_num1="7" bonus_id2="6" bonus_num2="7" bonus_id3="8" bonus_num3="7" bonus_id4="0" bonus_num4="0" bonus_id5="0" bonus_num5="0" bonus_id6="0" bonus_num6="0"/>
	<item combo_id="10007" level="3" cost_lingli="25000" bonus_id1="27" bonus_num1="12" bonus_id2="29" bonus_num2="7" bonus_id3="8" bonus_num3="4" bonus_id4="0" bonus_num4="0" bonus_id5="0" bonus_num5="0" bonus_id6="0" bonus_num6="0"/>
	<item combo_id="10008" level="3" cost_lingli="25000" bonus_id1="30" bonus_num1="12" bonus_id2="31" bonus_num2="12" bonus_id3="32" bonus_num3="12" bonus_id4="0" bonus_num4="0" bonus_id5="0" bonus_num5="0" bonus_id6="0" bonus_num6="0"/>
	<item combo_id="10009" level="3" cost_lingli="25000" bonus_id1="3" bonus_num1="7" bonus_id2="4" bonus_num2="7" bonus_id3="6" bonus_num3="7" bonus_id4="8" bonus_num4="7" bonus_id5="0" bonus_num5="0" bonus_id6="0" bonus_num6="0"/>
	<item combo_id="10010" level="3" cost_lingli="25000" bonus_id1="5" bonus_num1="17" bonus_id2="7" bonus_num2="17" bonus_id3="24" bonus_num3="120" bonus_id4="26" bonus_num4="120" bonus_id5="0" bonus_num5="0" bonus_id6="0" bonus_num6="0"/>
	<item combo_id="10011" level="3" cost_lingli="25000" bonus_id1="56" bonus_num1="220" bonus_id2="59" bonus_num2="220" bonus_id3="60" bonus_num3="220" bonus_id4="0" bonus_num4="0" bonus_id5="0" bonus_num5="0" bonus_id6="0" bonus_num6="0"/>
	<item combo_id="10012" level="3" cost_lingli="25000" bonus_id1="23" bonus_num1="90" bonus_id2="25" bonus_num2="90" bonus_id3="42" bonus_num3="170" bonus_id4="41" bonus_num4="170" bonus_id5="0" bonus_num5="0" bonus_id6="0" bonus_num6="0"/>
	<item combo_id="10013" level="3" cost_lingli="25000" bonus_id1="56" bonus_num1="12" bonus_id2="40" bonus_num2="12" bonus_id3="0" bonus_num3="0" bonus_id4="0" bonus_num4="0" bonus_id5="0" bonus_num5="0" bonus_id6="0" bonus_num6="0"/>
	<item combo_id="10014" level="3" cost_lingli="25000" bonus_id1="33" bonus_num1="170" bonus_id2="34" bonus_num2="170" bonus_id3="35" bonus_num3="170" bonus_id4="0" bonus_num4="0" bonus_id5="0" bonus_num5="0" bonus_id6="0" bonus_num6="0"/>
	<item combo_id="10015" level="3" cost_lingli="25000" bonus_id1="56" bonus_num1="12" bonus_id2="9" bonus_num2="12" bonus_id3="11" bonus_num3="12" bonus_id4="0" bonus_num4="0" bonus_id5="0" bonus_num5="0" bonus_id6="0" bonus_num6="0"/>
	<item combo_id="10016" level="3" cost_lingli="25000" bonus_id1="57" bonus_num1="220" bonus_id2="58" bonus_num2="220" bonus_id3="23" bonus_num3="120" bonus_id4="25" bonus_num4="120" bonus_id5="0" bonus_num5="0" bonus_id6="0" bonus_num6="0"/>
	<item combo_id="10001" level="4" cost_lingli="125000" bonus_id1="8" bonus_num1="5" bonus_id2="6" bonus_num2="5" bonus_id3="0" bonus_num3="0" bonus_id4="0" bonus_num4="0" bonus_id5="0" bonus_num5="0" bonus_id6="0" bonus_num6="0"/>
	<item combo_id="10002" level="4" cost_lingli="125000" bonus_id1="62" bonus_num1="80" bonus_id2="3" bonus_num2="18" bonus_id3="0" bonus_num3="0" bonus_id4="0" bonus_num4="0" bonus_id5="0" bonus_num5="0" bonus_id6="0" bonus_num6="0"/>
	<item combo_id="10003" level="4" cost_lingli="125000" bonus_id1="4" bonus_num1="5" bonus_id2="3" bonus_num2="5" bonus_id3="0" bonus_num3="0" bonus_id4="0" bonus_num4="0" bonus_id5="0" bonus_num5="0" bonus_id6="0" bonus_num6="0"/>
	<item combo_id="10004" level="4" cost_lingli="125000" bonus_id1="23" bonus_num1="80" bonus_id2="25" bonus_num2="80" bonus_id3="0" bonus_num3="0" bonus_id4="0" bonus_num4="0" bonus_id5="0" bonus_num5="0" bonus_id6="0" bonus_num6="0"/>
	<item combo_id="10005" level="4" cost_lingli="125000" bonus_id1="42" bonus_num1="130" bonus_id2="40" bonus_num2="130" bonus_id3="0" bonus_num3="0" bonus_id4="0" bonus_num4="0" bonus_id5="0" bonus_num5="0" bonus_id6="0" bonus_num6="0"/>
	<item combo_id="10006" level="4" cost_lingli="125000" bonus_id1="4" bonus_num1="8" bonus_id2="6" bonus_num2="8" bonus_id3="8" bonus_num3="8" bonus_id4="0" bonus_num4="0" bonus_id5="0" bonus_num5="0" bonus_id6="0" bonus_num6="0"/>
	<item combo_id="10007" level="4" cost_lingli="125000" bonus_id1="27" bonus_num1="13" bonus_id2="29" bonus_num2="8" bonus_id3="8" bonus_num3="5" bonus_id4="0" bonus_num4="0" bonus_id5="0" bonus_num5="0" bonus_id6="0" bonus_num6="0"/>
	<item combo_id="10008" level="4" cost_lingli="125000" bonus_id1="30" bonus_num1="13" bonus_id2="31" bonus_num2="13" bonus_id3="32" bonus_num3="13" bonus_id4="0" bonus_num4="0" bonus_id5="0" bonus_num5="0" bonus_id6="0" bonus_num6="0"/>
	<item combo_id="10009" level="4" cost_lingli="125000" bonus_id1="3" bonus_num1="8" bonus_id2="4" bonus_num2="8" bonus_id3="6" bonus_num3="8" bonus_id4="8" bonus_num4="8" bonus_id5="0" bonus_num5="0" bonus_id6="0" bonus_num6="0"/>
	<item combo_id="10010" level="4" cost_lingli="125000" bonus_id1="5" bonus_num1="18" bonus_id2="7" bonus_num2="18" bonus_id3="24" bonus_num3="130" bonus_id4="26" bonus_num4="130" bonus_id5="0" bonus_num5="0" bonus_id6="0" bonus_num6="0"/>
	<item combo_id="10011" level="4" cost_lingli="125000" bonus_id1="56" bonus_num1="230" bonus_id2="59" bonus_num2="230" bonus_id3="60" bonus_num3="230" bonus_id4="0" bonus_num4="0" bonus_id5="0" bonus_num5="0" bonus_id6="0" bonus_num6="0"/>
	<item combo_id="10012" level="4" cost_lingli="125000" bonus_id1="23" bonus_num1="100" bonus_id2="25" bonus_num2="100" bonus_id3="42" bonus_num3="180" bonus_id4="41" bonus_num4="180" bonus_id5="0" bonus_num5="0" bonus_id6="0" bonus_num6="0"/>
	<item combo_id="10013" level="4" cost_lingli="125000" bonus_id1="56" bonus_num1="13" bonus_id2="40" bonus_num2="13" bonus_id3="0" bonus_num3="0" bonus_id4="0" bonus_num4="0" bonus_id5="0" bonus_num5="0" bonus_id6="0" bonus_num6="0"/>
	<item combo_id="10014" level="4" cost_lingli="125000" bonus_id1="33" bonus_num1="180" bonus_id2="34" bonus_num2="180" bonus_id3="35" bonus_num3="180" bonus_id4="0" bonus_num4="0" bonus_id5="0" bonus_num5="0" bonus_id6="0" bonus_num6="0"/>
	<item combo_id="10015" level="4" cost_lingli="125000" bonus_id1="56" bonus_num1="13" bonus_id2="9" bonus_num2="13" bonus_id3="11" bonus_num3="13" bonus_id4="0" bonus_num4="0" bonus_id5="0" bonus_num5="0" bonus_id6="0" bonus_num6="0"/>
	<item combo_id="10016" level="4" cost_lingli="125000" bonus_id1="57" bonus_num1="230" bonus_id2="58" bonus_num2="230" bonus_id3="23" bonus_num3="130" bonus_id4="25" bonus_num4="130" bonus_id5="0" bonus_num5="0" bonus_id6="0" bonus_num6="0"/>
	<item combo_id="10001" level="5" cost_lingli="0" bonus_id1="8" bonus_num1="6" bonus_id2="6" bonus_num2="6" bonus_id3="0" bonus_num3="0" bonus_id4="0" bonus_num4="0" bonus_id5="0" bonus_num5="0" bonus_id6="0" bonus_num6="0"/>
	<item combo_id="10002" level="5" cost_lingli="0" bonus_id1="62" bonus_num1="90" bonus_id2="3" bonus_num2="19" bonus_id3="0" bonus_num3="0" bonus_id4="0" bonus_num4="0" bonus_id5="0" bonus_num5="0" bonus_id6="0" bonus_num6="0"/>
	<item combo_id="10003" level="5" cost_lingli="0" bonus_id1="4" bonus_num1="6" bonus_id2="3" bonus_num2="6" bonus_id3="0" bonus_num3="0" bonus_id4="0" bonus_num4="0" bonus_id5="0" bonus_num5="0" bonus_id6="0" bonus_num6="0"/>
	<item combo_id="10004" level="5" cost_lingli="0" bonus_id1="23" bonus_num1="90" bonus_id2="25" bonus_num2="90" bonus_id3="0" bonus_num3="0" bonus_id4="0" bonus_num4="0" bonus_id5="0" bonus_num5="0" bonus_id6="0" bonus_num6="0"/>
	<item combo_id="10005" level="5" cost_lingli="0" bonus_id1="42" bonus_num1="140" bonus_id2="40" bonus_num2="140" bonus_id3="0" bonus_num3="0" bonus_id4="0" bonus_num4="0" bonus_id5="0" bonus_num5="0" bonus_id6="0" bonus_num6="0"/>
	<item combo_id="10006" level="5" cost_lingli="0" bonus_id1="4" bonus_num1="9" bonus_id2="6" bonus_num2="9" bonus_id3="8" bonus_num3="9" bonus_id4="0" bonus_num4="0" bonus_id5="0" bonus_num5="0" bonus_id6="0" bonus_num6="0"/>
	<item combo_id="10007" level="5" cost_lingli="0" bonus_id1="27" bonus_num1="14" bonus_id2="29" bonus_num2="9" bonus_id3="8" bonus_num3="6" bonus_id4="0" bonus_num4="0" bonus_id5="0" bonus_num5="0" bonus_id6="0" bonus_num6="0"/>
	<item combo_id="10008" level="5" cost_lingli="0" bonus_id1="30" bonus_num1="14" bonus_id2="31" bonus_num2="14" bonus_id3="32" bonus_num3="14" bonus_id4="0" bonus_num4="0" bonus_id5="0" bonus_num5="0" bonus_id6="0" bonus_num6="0"/>
	<item combo_id="10009" level="5" cost_lingli="0" bonus_id1="3" bonus_num1="9" bonus_id2="4" bonus_num2="9" bonus_id3="6" bonus_num3="9" bonus_id4="8" bonus_num4="9" bonus_id5="0" bonus_num5="0" bonus_id6="0" bonus_num6="0"/>
	<item combo_id="10010" level="5" cost_lingli="0" bonus_id1="5" bonus_num1="19" bonus_id2="7" bonus_num2="19" bonus_id3="24" bonus_num3="140" bonus_id4="26" bonus_num4="140" bonus_id5="0" bonus_num5="0" bonus_id6="0" bonus_num6="0"/>
	<item combo_id="10011" level="5" cost_lingli="0" bonus_id1="56" bonus_num1="240" bonus_id2="59" bonus_num2="240" bonus_id3="60" bonus_num3="240" bonus_id4="0" bonus_num4="0" bonus_id5="0" bonus_num5="0" bonus_id6="0" bonus_num6="0"/>
	<item combo_id="10012" level="5" cost_lingli="0" bonus_id1="23" bonus_num1="110" bonus_id2="25" bonus_num2="110" bonus_id3="42" bonus_num3="190" bonus_id4="41" bonus_num4="190" bonus_id5="0" bonus_num5="0" bonus_id6="0" bonus_num6="0"/>
	<item combo_id="10013" level="5" cost_lingli="0" bonus_id1="56" bonus_num1="14" bonus_id2="40" bonus_num2="14" bonus_id3="0" bonus_num3="0" bonus_id4="0" bonus_num4="0" bonus_id5="0" bonus_num5="0" bonus_id6="0" bonus_num6="0"/>
	<item combo_id="10014" level="5" cost_lingli="0" bonus_id1="33" bonus_num1="190" bonus_id2="34" bonus_num2="190" bonus_id3="35" bonus_num3="190" bonus_id4="0" bonus_num4="0" bonus_id5="0" bonus_num5="0" bonus_id6="0" bonus_num6="0"/>
	<item combo_id="10015" level="5" cost_lingli="0" bonus_id1="56" bonus_num1="14" bonus_id2="9" bonus_num2="14" bonus_id3="11" bonus_num3="14" bonus_id4="0" bonus_num4="0" bonus_id5="0" bonus_num5="0" bonus_id6="0" bonus_num6="0"/>
	<item combo_id="10016" level="5" cost_lingli="0" bonus_id1="57" bonus_num1="240" bonus_id2="58" bonus_num2="240" bonus_id3="23" bonus_num3="140" bonus_id4="25" bonus_num4="140" bonus_id5="0" bonus_num5="0" bonus_id6="0" bonus_num6="0"/>
</items>